farm_id,vv_2025-06-12,vh_2025-06-12,vv_2025-06-24,vh_2025-06-24,vv_2025-07-06,vh_2025-07-06,vv_2025-07-18,vh_2025-07-18,vv_2025-07-30,vh_2025-07-30,vv_2025-08-23,vh_2025-08-23,vv_2025-09-04,vh_2025-09-04,vv_2025-09-16,vh_2025-09-16,vv_2025-09-28,vh_2025-09-28,vv_2025-10-10,vh_2025-10-10,vv_2025-10-22,vh_2025-10-22,vv_2025-11-03,vh_2025-11-03,vv_2025-11-15,vh_2025-11-15,vv_2025-11-27,vh_2025-11-27,vv_2025-12-09,vh_2025-12-09,vv_2025-12-21,vh_2025-12-21
1,-10.072206633481324,-17.96143967980405,-5.766079011471705,-15.681685347574327,-6.538182945346903,-12.319668703946217,-7.263656093917122,-13.646224575740975,-3.5513214755450466,-13.257846581273165,-7.763895731220815,-16.53143159312132,-9.416161249345151,-14.803125255196433,-9.140170884320549,-17.20036513580328,-6.504460339278857,-19.22971194886144,-5.581913439660542,-18.496379193870695,-8.837590597361931,-17.983814202958857,-5.666425417585873,-13.428043720804636,-9.551164886665832,-15.787137265282986,-5.051791441933361,-14.932869351793228,-7.074111830216616,-14.878292449410399,-7.280333827106063,-13.918441869197768
2,-9.675761924285199,-15.728340412672054,-7.013989485991928,-16.99934482943978,-7.765668979162889,-16.090238047218797,-9.905391861990843,-15.741850084349892,-7.165249568213477,-15.315748146490588,-8.250476877412643,-14.526210556033465,-9.530354123967093,-14.826849746133764,-9.271630753613309,-15.599641527670121,-9.346978303011664,-17.985059754295307,-7.983486096088557,-16.124650464065592,-10.247602307148863,-18.705268407790225,-4.440081137857524,-14.45840517912856,-8.08548175441999,-15.788772439972728,-7.727021238559663,-15.300245015059302,-10.559699339956218,-17.1359158163757,-5.4737321528899425,-13.98799406660845
3,-7.577589361313589,-17.845278894339497,-8.282754963624768,-16.735358447470695,-9.684617705111906,-17.372430282056325,-8.306986349483887,-16.542751557500203,-4.379016393046587,-11.582916209315556,-7.562664196354259,-17.30014110919922,-8.362083571794274,-15.7155864830039,-9.876288875873865,-16.600897970858966,-9.229337414536039,-16.7431414493737,-6.407968288390973,-15.691359980745078,-6.793118223738887,-15.872901417224686,-5.047720097218372,-12.57882219233556,-5.727171036024318,-13.177974640280572,-4.080948652526694,-12.188944047576378,-4.777828484267593,-13.19005090895637,-5.920489923229843,-12.59296618754858
4,-9.085072307590904,-17.395806112981077,-8.315990484682889,-14.440637656438366,-7.715122081826427,-14.663982699438716,-7.838918505967004,-14.172151283545766,-6.271330223123725,-14.666619477896726,-7.617222569269845,-16.27638769623005,-9.557893419388815,-15.65562458515968,-9.865833949468096,-16.532458115648744,-10.614210617023083,-16.861682236011227,-10.111599775632019,-15.235606107145369,-10.517532924784593,-16.119340797030482,-7.044993922501251,-14.055098347877205,-7.901687269396306,-15.892037430784928,-7.702562955867084,-13.212717865339469,-7.651555348486056,-14.717060588300361,-6.027475518570422,-15.305436776660281
5,-7.926732635654352,-13.774207562096594,-8.877922739097961,-14.605888720860133,-6.256259356794769,-14.617760772390799,-9.60208580339747,-12.062976066521262,-5.116827313141928,-12.457403371324299,-7.087232816456645,-13.720248444836404,-8.723217100551006,-12.745971904258289,-8.335863979068343,-14.085789447706032,-8.89734611127938,-13.154103985901688,-6.3324808222094155,-14.086617617668416,-6.548084218666556,-14.194871662103505,-6.3359296352834304,-11.981400749448383,-5.356375433427055,-13.624364463365675,-5.633629503137529,-13.532406296673853,-6.679501937248701,-12.51070655558525,-6.997289287005163,-13.61920880936194
6,-8.35795990075434,-16.646541158761494,-7.162028074830347,-14.54866150932298,-8.181895379531634,-13.942983620821439,-7.840464996906881,-11.911699559189382,-4.746535680245749,-12.287851567444294,-4.79986140008452,-14.109073078489025,-6.749657298439167,-13.617063816336287,-9.352649652934135,-15.275137364970703,-9.710793486592346,-15.940595408024691,-8.338888135343844,-15.521926685183505,-6.572717835710785,-15.002408418250354,-6.969091871455188,-15.252080279507375,-8.324150576028174,-15.236705341997727,-7.322960592996205,-14.0797333745715,-5.971839897013606,-11.748790477449699,-6.999683019982003,-14.170554115134058
7,-8.032243658617697,-17.890322843017,-7.1059650812471284,-14.950044475190552,-7.669326381170625,-14.727627367878949,-7.2259779557070605,-12.50036378961095,-6.240538294307746,-13.121547966502874,-6.444674459907213,-16.556998432800743,-9.418595978969508,-18.025240985241386,-10.149702289820572,-16.5517357212141,-11.235881323663559,-17.474952697626684,-9.248379666522501,-16.425870065664093,-8.709240735580904,-18.121904900310696,-7.243461242240147,-13.940796602301395,-8.983748601773163,-15.452598334041346,-6.9844388248612415,-16.359717271581214,-7.2400081964575875,-13.790576162891863,-5.201160717129735,-12.600066022364585
8,-9.430437811770128,-15.822010282175611,-7.008208143508309,-13.70695732561527,-7.124314860678118,-12.702086629347955,-7.607791484321811,-13.50149999162754,-5.351900451016714,-13.058059020902329,-3.3663313728676787,-15.976456663530554,-6.105842652950246,-15.441549875132132,-8.455030593951063,-16.254792330334798,-8.247245991474212,-16.641148075027846,-8.193242761374597,-15.036535769436924,-8.116058624107778,-15.271659692881101,-4.87896068198827,-13.294954573098558,-5.349177285375681,-13.567281341415514,-5.9866326500208125,-12.552915350249243,-5.579673326068165,-12.096784477008544,-5.052456002604694,-12.320940778560574
9,-11.06832129468909,-15.867547323989031,-8.572929193123331,-13.383321283312856,-9.290974598369736,-13.411220100787302,-8.6906930189982,-13.116024990382876,-8.362498409565346,-12.694015258175346,-6.448005793739821,-12.7639336395758,-7.468775718715187,-11.70041419363846,-6.4502759962592595,-13.582432758030151,-8.544522732723369,-12.355549506196882,-8.305588031008705,-12.740406566579015,-7.548599990002737,-14.189144834954535,-8.297097600738166,-13.195636477379406,-7.588939451699953,-13.369066268033016,-8.295500141181822,-15.401577804514448,-7.332694929837336,-14.065667380151712,-11.890955274025249,-17.333997312534336
10,-11.123313550844768,-16.83330095398373,-7.040261730076601,-12.156303879734036,-7.422783643767561,-11.594293785711914,-7.5929548047064666,-11.79660668414635,-5.583692762720512,-14.817353939216012,-5.856121662852155,-14.565819946771343,-5.881571501413864,-13.238027776174302,-8.674836612854378,-16.035154237967856,-10.321497591412061,-17.099797715052112,-7.264952333293991,-16.661400515980084,-8.820192148501324,-14.981183012749659,-4.901829348717554,-13.25488686930074,-7.307162814206775,-14.56927911289605,-7.479870672869893,-14.19429490709418,-6.16722655439582,-14.62848495788106,-6.765260561003753,-13.505042456490617
11,-10.022099618749799,-15.783795540177877,-7.708124711779732,-13.116095320383872,-7.827803571994206,-12.712456819526006,-7.094517460714491,-12.141663521020291,-5.641230547217279,-13.696137190493292,-6.947197297446469,-11.115079768493707,-6.564756552127893,-13.679868479128103,-7.384391636183861,-14.13984669797415,-8.33244479160207,-15.756908723513545,-8.055880797840455,-15.463210275035202,-9.735885547866285,-15.605385876481296,-5.900073808070245,-12.894302465362077,-10.058927742923112,-12.958070921061458,-8.354930432355745,-15.936415639724693,-8.198421666919586,-15.483075577187318,-8.553078927094182,-13.659917604640858
12,-9.494464945802592,-17.63808232408912,-6.453053819552751,-12.14901073133431,-8.06504283650975,-13.612344550735651,-7.223838874867642,-13.195424481179181,-7.838251530097323,-12.579758553108313,-6.943361249775611,-11.203308097719498,-7.360189817052394,-11.529458034142069,-7.683178877945261,-15.658437051610754,-11.306917116065309,-18.051794514865783,-7.443526916534545,-16.025210620226165,-8.159715200212435,-16.009950500305713,-6.257046090992523,-12.833829800429992,-7.736545810437667,-14.111477314875279,-8.150688113703229,-15.057000433186552,-5.3051714441173745,-12.326851331533364,-5.916522274114645,-12.768935705904081
13,-8.73429182054254,-15.115946996494634,-8.57887454592292,-14.773290112349427,-8.510391374061747,-14.747611640332961,-10.086798135416728,-17.11978659806851,-4.212571462143115,-13.551321437247065,-10.468646159194613,-15.607991467739764,-9.239632228104899,-16.50932998463221,-8.607030649471326,-15.867031635826836,-10.30300155140193,-16.90219391981743,-8.212878784657814,-16.052731199129315,-8.260447768049026,-16.249283943324848,-5.925845001332187,-13.261138884424229,-6.44945793924062,-13.76777848239248,-5.846746602407478,-13.944282647847183,-3.6614762877886244,-13.777510017356903,-3.751851583881867,-12.548438242963766
14,-1.1846233367657886,-8.656215145846756,-2.8290042302019343,-10.585013460649764,-2.6374782535448436,-10.767554223003748,-2.1511634560686144,-11.26761856953976,-2.620436397084423,-10.374157474716002,-5.674893799404258,-11.834111708449377,-3.790875202854921,-12.698321798191941,-5.38529426214565,-11.70177158652784,-5.045291476895001,-12.821880979955399,-7.370699957679463,-14.056261235672602,-9.678588029809948,-17.35533424965417,-6.944264247104574,-14.332209648486918,-9.281116851477059,-18.896351140459924,-10.286005074278732,-17.381026794912202,-9.779912098041736,-16.884452897411993,-8.359748023825341,-16.23886838600033
15,,,,,,,,,,,,,,,,,,,,,,,,,,,,,,,,
16,,,,,,,,,,,,,,,,,,,,,,,,,,,,,,,,
17,,,,,,,,,,,,,,,,,,,,,,,,,,,,,,,,
18,,,,,,,,,,,,,,,,,,,,,,,,,,,,,,,,
19,,,,,,,,,,,,,,,,,,,,,,,,,,,,,,,,
20,-10.035890321534824,-16.822748450263273,-7.054529242425971,-15.034682624820396,-9.118979980172444,-14.6990169868552,-8.208393754084327,-15.060685050480384,-6.260537001604012,-14.179984651716689,-9.053644024147424,-16.385020871693815,-10.83649109305221,-16.34339780474957,-9.827824381416065,-16.403451957367903,-10.506340059141262,-19.877423892839317,-6.71900542555645,-15.195290808980007,-5.588032067233573,-12.52308748886821,-4.994872894775421,-10.77085363344997,-5.569716695313122,-13.656766254171133,-5.792270844958373,-12.41880349075698,-6.590287024987335,-15.00938990657318,-5.93143484311279,-13.196674532369624
21,-8.875857850434558,-18.090611341298708,-6.279209494612293,-15.165973523563427,-7.8993874681896505,-16.55738645328367,-9.481772100388243,-16.365584725024938,-7.361970180016279,-15.72954282718882,-10.293112969651668,-18.142789392712803,-13.32892474442081,-19.285973235591413,-9.66090818835966,-17.74344235982276,-9.693424886991055,-17.974528270050488,-7.744100053963057,-15.261683950188079,-9.50068031036863,-14.877164681531285,-5.618117665950453,-12.314114083523686,-7.395503740599773,-14.61042217987227,-6.043906341259885,-12.363063595579739,-6.223780619620118,-13.318392927170466,-3.7712581907368277,-12.682915523544281
22,-8.53339860881946,-17.475417125418996,-7.193923823217824,-17.53407765984133,-8.953062785334378,-16.018436178644993,-11.024597027104395,-17.503364489261266,-6.486598622602649,-14.809708812015037,-9.013159153949239,-16.839312614459377,-9.33100477748178,-16.212920545404028,-9.71997921810311,-15.309075351856736,-10.000095665112358,-16.348506546873544,-8.916581768458322,-17.02637844720267,-8.471580675996213,-15.26569390583985,-5.909310418641503,-11.464172809727444,-9.66294256295056,-17.51228538185926,-6.287582612191041,-16.43197933476918,-9.536868170349736,-19.644104390046934,-7.232154164976693,-15.9342787538118
23,,,,,,,,,,,,,,,,,,,,,,,,,,,,,,,,
24,-9.21582424033597,-17.25789598121872,-9.308128284691048,-14.960022393756365,-9.054008734886384,-16.088790460159576,-9.606981283053464,-15.223063017934624,-5.804375196136261,-12.71638457529045,-8.818876052399807,-17.16568865733848,-8.977710005586902,-14.950264901615117,-9.969445922473362,-16.87487225100903,-9.932801127309329,-17.961256394617045,-9.290556394392937,-14.547423014351894,-8.919197160581083,-16.511336912485884,-9.261427884600604,-15.998409391336313,-10.461353516367602,-19.55022701421176,-9.928965941620188,-18.241819386185693,-10.207903333231867,-18.067322486859975,-10.204810354384781,-17.920111215253094
25,-9.481141611996911,-17.835697542811484,-10.801089532625108,-16.789132561294736,-9.393423823860058,-16.884944637521382,-8.605221605173147,-14.31958588466199,-6.135012713907998,-12.11448540862715,-7.991125800398731,-18.168986857950877,-12.040964409480175,-18.82886580913261,-9.547700049162724,-19.09636985310011,-8.332068040124872,-15.953510389558039,-8.443678210459394,-14.071313338148775,-7.3681094149503625,-15.420618670472512,-5.123490241859106,-11.53000365984809,-5.751441225589725,-12.021067199784454,-5.851265296575589,-13.685631432076047,-5.218371658887428,-12.81892858193806,-6.797686873837181,-12.83933702537496
26,-7.928249241466117,-16.439213077988583,-6.604544431362029,-17.50979311587541,-7.895956968274367,-16.913423188624034,-8.201857131580853,-12.589052132458303,-3.721554461848062,-12.899700489023836,-4.741652823465278,-16.661985389912413,-6.765958492524894,-17.127228194052446,-8.134520981649775,-16.24791444308944,-9.847907738976449,-17.703711227191885,-4.850133708876648,-14.662472130837724,-9.523452875108022,-16.103213757487218,-5.726178155909793,-12.729558021782525,-7.423475148882222,-13.890198556839636,-5.535531932358606,-12.522403692033144,-4.517514377954308,-13.356253448405157,-5.381524480464991,-12.768555766643736
27,-8.787227114852673,-17.549933437381874,-9.135495992396233,-16.00929025002767,-9.241977741390773,-16.93319017886845,-7.962212982739414,-13.49985970616049,-5.179190366324297,-13.406107697161218,-8.044157420324918,-16.078372846481482,-10.274322712510237,-17.290513293119588,-9.1207769976841,-16.686695954257516,-8.69628906848537,-15.425933256604427,-7.880245623403943,-15.132131572483782,-9.567603540965086,-14.960453065986318,-7.875848199045317,-12.838357041853117,-6.042605346058929,-13.790010348467025,-6.995118397466014,-13.303274475214797,-7.886234357033819,-13.782394739532265,-6.822978146598556,-13.340069082263511
28,-10.449556804910278,-16.207651863964788,-8.435787474137403,-14.895778187530137,-7.058706864675983,-14.26850375955252,-9.00835432594302,-12.730658637247425,-7.818172820155555,-13.849095096340708,-6.117864112294219,-13.240836353050593,-8.783736601153665,-14.695104011661503,-10.09180811813231,-16.0592641159488,-8.622056432671794,-13.539548402444302,-8.34181355070337,-13.488881269264573,-9.832668622725373,-16.201809014733456,-5.959890544035709,-12.666329732429753,-8.868841151481629,-15.888811622098917,-7.921518394952844,-14.26566365651583,-8.20320066128321,-15.931960398041197,-8.363744373482394,-14.418797274001756
29,-10.156539746316046,-17.587223188865522,-9.966705870487122,-15.921729626268634,-7.751096226025162,-12.241162005924572,-5.489389692788881,-10.946504485517206,-6.5327066538368825,-10.644291487834124,-6.667632948462056,-14.052201342070457,-5.654524905252233,-15.162696858619793,-9.904548424559296,-16.809326610605865,-9.266422803409984,-15.286964303343332,-6.5121580887562995,-15.100938878931354,-8.64459896002519,-17.897593237747984,-6.347352129782154,-13.435338393259531,-9.700505629969175,-16.78261236546307,-8.335960064450846,-16.25794242057583,-10.036329076348128,-16.008486621558276,-9.492207540020578,-15.037493643993908
30,-5.373698569884558,-11.095650939062516,-2.6478442491175342,-11.071838508654341,-3.2458706104812487,-11.494625341961358,-1.8627989026350118,-10.224356206654875,-1.4330164916652746,-8.910706160540599,-1.2749269874780995,-8.367425069063808,-3.5573726412220847,-10.136835670507038,-3.418949033824588,-9.308790049607214,-3.0784785148657563,-10.92803172688236,-0.9752345855842568,-8.191454548029698,-2.401045839693275,-10.958228131045365,-1.8532681829867326,-10.60685064020834,-2.339145779502713,-9.864727110707008,-3.032141769552097,-11.210822692144017,-1.2869970904347152,-10.979605705698894,-5.066412288643059,-10.987176018504472
31,-9.123673329171798,-17.133836807134767,-11.185471985239456,-17.767331433046003,-4.789468714293116,-12.586801387080445,-5.307668906650024,-10.181668409113055,-4.8250483032392895,-10.824999917867997,-10.759468338060232,-16.222926984185516,-6.526044117908522,-13.138446891589258,-9.075483525178763,-16.927225809890707,-10.194476574429771,-15.969767957615158,-7.085453937590847,-15.254340927386076,-9.057476290023915,-16.002219486431926,-7.687419934405277,-14.709001172196064,-10.609479112143356,-16.75734370698835,-8.19866410977388,-16.802408876894294,-8.932299015091099,-16.672106017399347,-5.8735672279131474,-13.399550675724289
32,-8.37928659103579,-16.535991772522355,-5.197559924538333,-11.742781754657571,-7.5336081195624605,-11.687116646572226,-4.854432019377939,-10.153320711310199,-4.533850532859765,-13.914200454053791,-8.072251298651713,-12.317793539521753,-8.375976931824736,-10.520993992922893,-8.190136733131684,-15.113841678835884,-7.706296781500466,-15.91672119888229,-6.0980650400092085,-16.10275287198754,-10.88810271512516,-19.26038187305565,-11.303233868396,-16.718800586789683,-7.8843691869125365,-17.961050076771286,-5.473968873812289,-15.041374495023804,-8.053291100746158,-15.713663501591714,-4.319956106742417,-12.444884163297608
33,-8.174190839764155,-18.00127627776321,-5.922391741484045,-16.61882661250236,-6.945960976165468,-15.083458155690366,-8.42905796751732,-14.350081856350155,-4.128859641509815,-14.6111667471736,-9.18808214478095,-17.57124785512739,-11.972537004838536,-18.969996739326053,-9.750066226237763,-16.90228407795186,-8.584442183422865,-17.625527564229365,-7.048074841447943,-16.12840531588891,-9.926361438385655,-15.7079157905683,-4.367406123770941,-14.056714496479865,-4.028205477407497,-11.601301738362537,-4.863306118034595,-11.724140008307034,-2.826150521897875,-11.054491560611169,-3.4604156212425514,-11.395081869987013
34,-7.504605833243914,-14.755653978714205,-5.237009989795444,-13.672957969355078,-5.987199197749091,-14.235337543319392,-6.773595508618502,-12.181334308728594,-5.721563413825957,-13.104995931496497,-5.971106660983119,-13.421733410633012,-5.3663364251357315,-13.69733561504199,-7.473900759095134,-13.37669216730798,-7.1798702002832275,-13.541251053066407,-6.083925189322461,-13.487496889645392,-7.170615814997522,-14.088413476557806,-5.709709783286639,-13.362856628875623,-5.459144870336501,-12.87530127843761,-6.852097481875138,-12.873328054619716,-3.9101194518345066,-12.980256917478705,-3.9597332548260016,-11.780386489411258
35,-11.505187332291598,-19.000581616313557,-6.821540092700957,-14.351552857699621,-6.190690607580698,-12.133047704694723,-7.357051556504986,-11.445023145532707,-6.095054927697051,-12.663908227743057,-8.74543360472048,-15.423521399221798,-9.488562834966444,-16.671068241553666,-9.237709393907533,-16.316664149164275,-9.113597919358329,-18.684758479845957,-9.253386965350197,-17.35280717809453,-9.409095277226685,-17.363493486099923,-6.749103849294304,-14.254237104558449,-8.786768296247452,-17.019957674622134,-9.407064511757845,-14.811892082551516,-8.397490980447477,-15.461494467377952,-7.511232314204339,-15.279007066085978
36,-11.429329360397404,-18.559914521415322,-10.199020588226555,-16.036478066593613,-6.87890036764405,-13.76858683895841,-6.773408377707605,-12.906941802049733,-8.228176493586473,-14.777430173354556,-9.905619616915791,-16.398269408707257,-7.616030308393757,-15.980346718688786,-9.278562595685955,-15.548560229740572,-9.543474308806363,-17.295697866951553,-8.901288764683944,-16.78360483594811,-9.300046729007699,-17.100167077193596,-6.5484646132273285,-14.088933042361674,-9.345278763723487,-16.159299508017682,-7.93148522492301,-15.272763237089958,-8.580381457592681,-15.88710017248677,-7.403500533620769,-15.442521056547605
37,-10.07713745587526,-17.981230584176465,-9.029244435572878,-16.96609503939807,-8.805829711278763,-14.92053791346159,-9.52156521988684,-14.603538571233887,-6.022420710125553,-13.76354543509374,-8.209767945376049,-16.387697560919374,-9.576114394036656,-18.01030896163686,-9.404252793393889,-15.408495474600702,-6.04129557301826,-19.06863768329525,-8.193296497430522,-16.87775136560481,-9.006600127684605,-16.51634506381018,-5.019741078458551,-12.043635531910834,-6.876033522282783,-14.868282543614162,-4.9912507790722875,-12.441130564366386,-6.247445797582424,-15.033119088015617,-4.389513692138412,-12.798020037848426
38,-9.202072558521838,-16.776212180096355,-8.177964918693648,-16.28444591230783,-7.570946123161752,-14.158246728928493,-6.01228836934486,-13.601702615541944,-4.900750248533082,-13.528467821443844,-7.476527051358891,-14.288319998978686,-8.174914822539595,-15.139107508656624,-8.64128886373783,-13.950571539374003,-6.67849943643364,-17.160942076202264,-6.157368583067618,-14.511289804710096,-7.035893084415495,-14.104859616044257,-4.315198732871511,-12.63309480990155,-6.689736235201246,-14.555488119967869,-5.408967943580766,-13.70873943890105,-7.236352280425597,-13.602717067407806,-5.389786398601483,-13.77096757403806
39,-10.57378592924999,-16.535740101117394,-6.3827564461927055,-14.897902608873082,-7.011605630455172,-13.593592482777648,-6.977253189956254,-14.654876333657628,-6.645991472580624,-14.050875578835246,-8.956670588573296,-15.524709797533392,-8.499950371397842,-15.273805993441352,-10.48167927159976,-15.49041304606028,-9.313877298975195,-16.052948760066922,-9.078419403769109,-14.412394058869795,-8.585050663794966,-15.38252782106719,-8.255294782481114,-13.415461797613219,-8.54581032786167,-15.7059872777113,-8.397646477838967,-14.614656618457788,-6.493189513730444,-13.225170352480635,-6.5286212285333,-13.859947639028022
40,-10.371082598046709,-16.708042989097688,-7.3519646465376525,-16.24550281489109,-6.394508751781997,-10.76239227343664,-6.856514501333631,-11.470511198835847,-3.4644379601017112,-11.707943722486199,-10.178025260262515,-17.678047942843925,-6.843286602400722,-12.683795233981305,-8.795412200116928,-15.604753907536606,-8.875967616738864,-15.770682427219942,-7.298482983067212,-14.45600682866341,-8.490103913055187,-16.792914930765473,-5.725216212927479,-13.214510200916415,-7.971828777304076,-15.064246284156761,-8.440692394501944,-15.029562175474444,-9.392409156677452,-15.782558477683539,-8.92821715251691,-15.59914586835008
41,-3.259787237578287,-10.656439637147326,-3.2196240233705864,-9.178456487426816,-3.381081444091118,-9.438827817448018,-3.0968964066756732,-8.873944369482308,-2.2654648175755416,-8.836865349563375,-2.2658554147827963,-8.846438758568736,-2.6175593417307788,-9.898532995889024,-2.347759281611959,-9.282111170527257,-3.6650480970901245,-10.662436000375683,-1.8629179208865496,-9.393632189248626,-3.0794061950809986,-9.934173877517813,-2.436571940031158,-10.914949741523081,-3.545604393914141,-10.87991351413846,-6.8245277135608795,-13.503244384695074,-3.2470199424669897,-13.957432576476938,-5.010861089245733,-14.579881601933593
42,-9.053035180800814,-14.918711851427764,-7.592954773722828,-13.62901326001209,-6.448030227611522,-13.284351362338851,-6.361359003833236,-13.333308635805938,-4.46740167525604,-11.40581270492757,-3.101653197723855,-10.27491056754483,-3.0833371965292242,-10.12492254222809,-2.690929259743867,-10.164046730510535,-3.401915226098939,-10.542134833228348,-2.441225449074536,-8.800482361721357,-3.4706400051686455,-10.023082723821764,-2.4954255722366825,-8.444818245625708,-1.9063292440250286,-9.434400317372262,-1.4865251133365889,-9.898422717617084,-2.0145786559017074,-10.390686465037213,-2.243581452315366,-9.871922698174998
43,-6.615205887574865,-12.872203004861952,-6.7417056168708465,-13.09885771917534,-7.717190932084847,-12.600539642337282,-5.183291546759824,-12.178162708127896,-4.966177960240639,-12.25925758991982,-5.547444665731001,-13.338752178033177,-6.208624758359868,-13.65319270303421,-6.96790346848592,-13.395545604900702,-7.201145818702342,-13.074466397726397,-5.613323614244475,-12.298441926807604,-6.911728585680208,-12.099840387606477,-4.624914193622745,-11.956733030379104,-6.194178561834903,-13.443049368886067,-6.426061337563651,-14.719247842114722,-3.737506552794012,-14.530338132328458,-5.891570842500592,-13.643003987574755
44,-7.740856351913883,-16.44680967088211,-10.80451485372448,-17.811797150796657,-9.32757735209305,-15.857710411653974,-7.377029157237067,-14.814069244764525,-3.61136904592404,-15.532985219071634,-6.746015474044578,-16.748524211395456,-8.673398102315788,-14.961867086719609,-8.903588858619791,-15.474398550314053,-9.19300479767931,-16.505390040279945,-5.914453595126828,-13.495705413153164,-7.202923800106084,-14.308440416676165,-6.495016302801578,-12.721125204217934,-7.29794312845781,-14.974748445151416,-5.194547241267121,-13.239117877925786,-4.098525014791701,-12.330012296015179,-7.732856510402257,-14.667608949193877
45,-10.361907041069378,-17.481122285201,-11.08995165496109,-16.595239289815694,-9.872575515681298,-14.96988413048792,-8.275982607057077,-14.539770386094094,-6.4578880028526715,-13.215151166698744,-6.775655829046538,-12.301985885027843,-5.402377500155736,-13.235601842541973,-6.53937241796362,-12.216883181692538,-7.454656035829565,-13.54074683606349,-5.846070058603958,-11.904678980071036,-6.311657283151045,-12.95206699655404,-3.7360557095772884,-10.792677320220534,-4.641068095586106,-13.533498262698293,-5.266106468946035,-10.82023615833436,-4.732042963100688,-12.07125335609367,-6.801714539583367,-12.354365925541495
46,,,,,,,,,,,,,,,,,,,,,,,,,,,,,,,,
47,-8.445151320323188,-16.015260524716297,-9.311191925797553,-15.151123122103305,-7.5118526486774755,-13.848732892484994,-5.907910072110819,-13.723073944546842,-6.440943550222846,-12.386669126514445,-6.12228331583819,-13.107384635328984,-5.394599107696992,-11.72681240914359,-4.7618538218596225,-12.701535755510756,-5.634633953554042,-11.405201213292862,-5.470085278875414,-11.903724108520915,-5.708753530728642,-14.287054885106995,-5.474303494802678,-11.729201665554903,-4.462296444968927,-11.838714548350463,-4.623104280347302,-11.828290747661113,-3.894177501379179,-12.212375106019573,-4.790236857011396,-11.800091641006343
48,-8.481162958563619,-15.614878521489626,-7.369316685640223,-15.41994456624984,-7.900254634868037,-13.699996525938458,-6.8354744809349715,-13.681535712801873,-6.1079775829941525,-12.3485317370862,-7.764349233532107,-12.716361648910617,-7.953765627808167,-13.975680945479365,-8.70629713204751,-13.293116404843081,-7.911486046161032,-14.63461986095698,-7.765207687308235,-14.173473441571973,-7.788062450931256,-15.326330877886667,-6.960536537564284,-13.8024571543247,-9.698182010605795,-15.287766816736717,-9.121518623427638,-13.552036138608837,-9.461158830070035,-13.905017944582706,-7.351226823428049,-15.80679760507798
49,-8.678821537238532,-15.896649820517156,-7.63548602758846,-14.779582833735912,-8.225336036494229,-16.089592368615655,-7.985408597901329,-13.466188232245734,-4.738805276454113,-12.60815026727947,-7.8257602054693205,-15.856745906300382,-9.477033309367929,-16.753117960765795,-9.976153035201422,-17.312018395393544,-9.841803463393184,-17.329838652044696,-7.423944878871773,-16.527470484198506,-9.53030943337241,-17.281373652714606,-7.0001120268018955,-15.119241420101995,-7.125227959302981,-15.745752066828508,-5.029113128201612,-14.801616124737436,-5.890817065597212,-14.00699092398342,-4.709283390262608,-13.245020485368181
50,,,,,,,,,,,,,,,,,,,,,,,,,,,,,,,,
51,-9.466561478317015,-16.50498525312983,-9.383801151812888,-15.358023952156346,-8.860072033777262,-14.84017557322991,-7.549074676659738,-13.125063143840176,-7.695798180822036,-12.29564443563108,-7.461997061271111,-14.487873900345335,-7.6245248323981665,-15.91044000291154,-7.5190854246640875,-14.488875764256955,-7.459573470251143,-14.696889702615676,-5.925481869546613,-16.075986739791972,-8.813470280562436,-17.539474199530655,-8.130376146036344,-12.570449549710943,-5.5649433897271186,-13.823592418480516,-7.385304291592619,-12.086198983758734,-6.0509920257484,-15.15229186621512,-7.229464919566216,-14.271163503433414
52,,,,,,,,,,,,,,,,,,,,,,,,,,,,,,,,
53,-9.927139399148228,-16.57942700622943,-7.49634662588853,-15.154415940590662,-6.224638923642425,-11.694442066778464,-6.26666854217322,-13.788325183425078,-4.505107595783979,-14.500803976097574,-5.023846013376545,-13.852518811231642,-6.44541103311799,-12.91241677865054,-8.352384805937819,-12.362826880688543,-8.119356204337594,-15.075037249596273,-7.489655910000712,-13.742228068404586,-8.143547787574922,-14.39143983231798,-5.878251972040108,-13.253016451670055,-7.341143421506443,-14.575313594434194,-7.8233466165928665,-12.868945695885968,-7.174707618891356,-15.150176017319838,-6.209221574922328,-12.194208231037976
54,-8.697292665575914,-15.9707763727881,-10.182452717196204,-16.082209771605292,-10.21184984840382,-13.51047379698241,-8.725983715219233,-14.783898579079368,-6.399362088718106,-13.078515533612006,-8.121781561619848,-12.506875827925823,-6.390202838610602,-12.65838456467865,-11.972227340314557,-15.230723772207735,-11.463573709138434,-18.229855067595054,-10.342317267541228,-18.053188026496546,-9.618960825209202,-16.62264818200876,-5.451967804036597,-14.573054550027898,-10.189129577597209,-19.967582109428875,-10.281199288709207,-19.1029878769155,-7.955933507349906,-16.92713074976504,-11.23273175331975,-17.27607423290422
55,-10.59369228257356,-20.41532499337922,-12.35675810983058,-18.30170142759169,-12.669689810255873,-17.427596159002174,-10.541002692903906,-17.495713289081028,-8.854412148206212,-16.228821451409907,-9.256092731241337,-14.330596357779754,-7.5402280625467455,-11.89605216212808,-10.085780561999462,-16.38427822041233,-10.195639271264387,-16.727628071526233,-10.771750845665135,-16.66158661553549,-9.305889660433557,-17.46441587009556,-9.01663503271194,-15.770165390868563,-10.176905294099278,-19.600656985405735,-9.845743120161238,-17.549108904514355,-8.692974012388317,-15.028074218223388,-7.212881569243431,-14.627694775926233
56,-9.648773655179152,-16.81529078782475,-4.783797614808801,-10.969233349771452,-5.53548824550714,-11.415009017590705,-6.005658847924069,-12.065150277056617,-5.604171085171262,-14.66698830182522,-8.170476924699548,-14.262536701564269,-9.432399233967505,-15.540944923768944,-8.301945553969984,-14.572717341606632,-10.163014458229483,-16.513082846597374,-8.710528716228476,-16.702894927689737,-6.9063967519485825,-16.198802586070272,-8.264945421031403,-15.135207561395763,-8.103253829075822,-17.097511102223756,-7.328642971202257,-14.633475934298929,-9.471839474614969,-15.606385796779552,-8.325103180047952,-13.464149446461299
57,,,,,,,,,,,,,,,,,,,,,,,,,,,,,,,,
58,-5.6476000646567135,-10.958069628668225,-5.0233827645500355,-10.548854617388256,-5.49450141298717,-11.441903623563437,-4.767645619080174,-11.092969204870604,-4.908971217212645,-11.243811299455347,-4.539692768880223,-10.478136423123516,-5.7897253521173395,-10.78268181910694,-5.768389543315733,-11.142477821187306,-5.489202336743247,-11.35397443033292,-7.189166293461511,-13.840086389971916,-8.934670291918808,-10.624209400022933,-5.255301679537556,-11.061307486226122,-8.209394652230996,-13.83162366860361,-6.907120024284076,-12.15973576905206,-7.820343787998426,-13.62385208932863,-7.435967314083134,-13.333737181719357
59,-6.6227399058226135,-11.869260322240361,-6.6129023920518035,-11.911691078855089,-6.12985415665968,-13.43191641861333,-6.080167535913161,-12.462794750755554,-5.702270445195115,-12.550728053581032,-5.9767961731922945,-11.350574072872126,-7.456354687179076,-11.855614083204664,-7.015178155162901,-11.707264907159388,-7.358011075462625,-12.461645547771415,-6.212636036879996,-13.27558099102945,-7.8055073312192755,-12.14136377359575,-6.256936463911639,-11.555104563744571,-7.714941167489593,-13.313256795958724,-6.8940781697981,-13.154528217405606,-7.029806315383275,-13.64502443546635,-7.477299850972662,-12.434671289678311
60,-9.817042116346887,-14.04697434671422,-7.01117104751159,-13.252063170036404,-8.267050447283665,-11.647558546507675,-7.311731448347004,-12.378156250127786,-7.439255287508689,-12.916173236286408,-7.065667453597846,-11.654619381252127,-6.271387023377882,-12.12918772784149,-6.040946360181233,-13.81290639052084,-8.726892924434857,-15.225449013308626,-6.768147369955813,-12.224609767871632,-7.694121694234616,-15.864510652469129,-4.6539246527077935,-11.557885888726489,-9.597034395741712,-15.620703179706005,-9.633897129936205,-13.24917916264611,-8.851073115410724,-15.352134011021024,-8.989948286397743,-16.12400981411526
61,-9.569907441202721,-13.345094544858418,-6.32085154110258,-13.090390709565833,-7.63585265069071,-12.58635034707966,-7.8602587810432345,-11.921407625653357,-7.820580405877049,-13.444251439382153,-5.1605717632134285,-13.187724676973826,-5.536022000989238,-12.11856536170885,-6.88274844212228,-14.415680932033474,-7.842815660403373,-14.431181523786478,-7.866441575018768,-14.405507331765811,-8.941798572783181,-15.812146191811106,-6.170821148026616,-12.844100935445539,-10.442894199390425,-16.76896483769343,-6.95479475121823,-15.820740106845514,-8.857002601880758,-14.1848311367654,-7.992521104494096,-15.311131981089499
62,-9.477238515031988,-15.73594716340833,-8.324819401508725,-12.746732059940708,-6.7533405405074145,-14.15871714348503,-7.612633935720932,-11.126632272833838,-8.051100441506573,-11.816753122276662,-6.5557029509202005,-13.593717609326676,-7.321537961979333,-11.29118294049315,-7.83784831446419,-14.00987149893784,-10.144923515520006,-13.714920767373059,-7.336376509440774,-14.244069903516586,-8.34736945398594,-16.883719056477037,-6.425880908899427,-13.936910586137632,-8.023588040013513,-17.124301194400505,-9.432780755979694,-16.219725987762935,-10.015887434482284,-16.34084750483741,-9.596706423267472,-16.61709364595921
63,-8.300776117639876,-17.42180778571847,-13.589016583768299,-18.32174177822514,-7.85718367250721,-15.51436166931948,-7.4715524428039695,-16.47487733646074,-7.199683170519052,-14.803606713865436,-6.767495695887556,-13.846585384651231,-7.020323783175966,-12.901884748404429,-7.06649371866991,-14.177929654955129,-7.806075033274459,-14.900500738863924,-8.302209827928277,-16.21144703229919,-9.841451933824438,-16.318224248289084,-6.144728678936456,-14.531051790282337,-8.09920863386169,-16.076872998309582,-8.406419099890819,-15.846265582389488,-10.17296505576288,-17.107315800765587,-8.150010345109598,-15.614756799450696
64,-7.448015767179035,-13.824313512218435,-8.315885988715605,-14.391178721023504,-7.172422710960046,-13.110258441816285,-5.830592493773059,-13.102129396139059,-5.279332463982723,-12.001186586586098,-7.31914454865632,-12.90802520301006,-7.000265059346722,-13.211812516499267,-6.182766328677784,-11.787654388976838,-6.751146620251811,-11.698871755666364,-6.833766308529061,-13.128685912707422,-7.351148788979705,-16.257208122323302,-4.532232073911539,-11.806714588116755,-7.822571250980753,-15.61527077032424,-6.7739930244058675,-14.322465939957054,-9.156064028830023,-15.691810491349127,-8.95427142750143,-15.748092247643529
65,-9.474737378422603,-16.01503684470666,-10.48627799207663,-16.212773534383178,-8.173525793987261,-15.719428586749306,-6.555135751843762,-14.972146658596703,-5.650686211429079,-12.273004283788904,-7.456053227737327,-14.312164403116244,-6.000083921612238,-12.970250285628126,-8.55798843276235,-14.134233997958873,-8.246315108577756,-15.211379712196472,-8.539383143541873,-16.498653041357315,-9.13723769149103,-16.81479560423291,-5.160034758050004,-13.449115947964236,-9.366249016822866,-16.21976472675518,-9.994900341490203,-17.02579480873032,-6.840015241784113,-15.204612824105459,-7.942041396328508,-15.516277255908808
66,-9.125269800381501,-17.907983023413042,-11.753359034876137,-17.25051193446003,-8.389197846565096,-15.986675795372802,-8.291812765018125,-14.724359152568812,-6.016176977075219,-14.041488299874192,-7.296873013807983,-14.728358717973826,-7.921428620598236,-15.476303159592312,-9.596211059928347,-17.585838625588366,-8.990751838495806,-15.944642697958717,-8.332721569286024,-17.18842016626365,-10.257901711756304,-16.321029397886203,-8.003473382241843,-14.1103979509439,-9.467913365102977,-17.984264636318915,-10.83393146605072,-17.562100115708812,-7.84629087604598,-13.711134306035028,-10.120724695056778,-16.34291315611346
67,-2.883469934555812,-9.85857312830015,-1.3825048189844544,-8.821083563170735,-3.6236305932059905,-8.85667403382541,-3.1641569898475903,-9.526068278903356,-2.860218672358394,-9.886297723923784,-2.2614275004276134,-10.561584398374006,-3.97272245700182,-10.226671975465829,-4.169653941916232,-11.171328001218082,-4.0217237097683265,-11.962954728303563,-4.596085830548572,-11.1847300040957,-6.366015276786828,-15.248297304687295,-4.385458559100802,-11.889025908601983,-7.991083737955637,-15.318049293226801,-6.473656868205953,-14.279400746173671,-8.108909491982894,-17.283738680647616,-6.878992144155726,-14.968300104467204
68,-8.69999285271058,-14.650156982730307,-7.012020144309078,-12.78961640477265,-6.10448003290025,-14.851311115652075,-7.190258707403654,-12.983103575553688,-6.171662067112412,-11.05344157819766,-4.887479401419103,-11.923648546773855,-5.783072501644449,-12.77932438247175,-6.997862968483819,-15.63843118839362,-7.947469841017289,-13.03003483863665,-7.9247281887572765,-12.16975051585742,-7.739489031060332,-15.796564510792702,-6.569480918883387,-12.644632226414567,-8.196728976707066,-15.730712054319813,-8.122250248026031,-14.242757575164172,-6.092763648445521,-13.667631470188411,-7.387451135951113,-13.564674608992677
69,-6.5133269994678304,-12.995798593941306,-5.605144248520154,-11.647629794189506,-5.074777975222996,-11.858002167122336,-5.558905220448275,-11.85008188560078,-4.238497345276959,-12.118331692542242,-5.173650208371518,-11.467450839893733,-4.279581189273208,-11.535239065033512,-6.583390244074986,-13.499506244268083,-9.395773299442741,-15.986008874517193,-6.949247338285974,-14.830295049045837,-9.01549859761849,-16.10453927353754,-7.512204910236827,-13.993469881726782,-9.44191572924468,-15.527635764676688,-6.703939500278149,-14.13696357360515,-6.243597350613518,-14.95113122496864,-6.966021226670989,-14.08049258335203
70,-7.74767436276643,-14.323166572656536,-6.879791428862521,-12.075961438214682,-7.555703886580588,-12.241683362368947,-6.1802840998118675,-12.67818377717555,-5.147077607002472,-12.02274934091644,-5.052675476234949,-9.6593778709171,-4.97810519199258,-11.215946775455294,-7.2254644500912635,-14.506137132079504,-9.84565152121464,-16.5579503469867,-8.722338908992372,-17.144933355802806,-9.500832381328365,-16.483976670312607,-6.644275352066923,-13.378345999549913,-8.945815203881743,-16.263263977751205,-6.903009864977219,-15.325288851533482,-4.978570217431054,-14.153652895476611,-5.5409410628929106,-13.843872536039969
71,-8.69591454556023,-16.18746272214327,-8.247322352729265,-13.778862323480467,-7.840792769141229,-13.254064779817869,-6.07075528300777,-14.110755924595002,-5.550677650782689,-13.133380434974804,-6.570352213862272,-14.886924483144568,-8.031686345513144,-14.309784150397743,-8.000756749368662,-15.970220546776503,-9.322158505810824,-18.003168663343057,-7.819131302816014,-15.947616527299385,-9.00664464273045,-16.143977650110337,-6.930201490150783,-13.306083620470904,-7.826643730427079,-15.68658699608871,-9.239747974069369,-14.263147718596185,-6.734587029782201,-14.616548997297018,-6.827652198149483,-13.500574440860806
72,-9.62982916643832,-16.60828885642803,-7.401004737979767,-12.591934034467752,-7.247544899686368,-12.582734306362621,-6.320890247710945,-12.618236759026278,-6.740772470605535,-13.87671218501042,-7.732788655835328,-14.945889639803426,-7.5234656802786475,-12.63848903364315,-9.139086111307874,-14.535752791340919,-9.331526379529105,-14.812403101871626,-9.074105143116192,-14.317872008007015,-8.749881564201415,-16.37388238880124,-8.766045638369308,-14.364863225443944,-9.203317154074394,-15.33742916538065,-9.172302222582271,-15.879131168531854,-9.509345062015,-17.08107355105549,-8.836279721172884,-14.387568430592566
73,-10.581452911311676,-15.49358160852773,-8.538539995060525,-12.216432851701843,-7.40509408355848,-11.871540174033296,-7.285895390258111,-14.283861897142033,-6.56813308357992,-12.825017548697147,-7.461791544150057,-13.24977744880838,-8.154119144934345,-14.749003440179095,-10.000025799706192,-16.347139053121293,-10.81973157384143,-16.751974614542718,-9.885981229031165,-16.25283100467086,-8.855530044840874,-16.269685797386874,-6.286107955058728,-13.18059188100549,-8.19230716904181,-14.802846669805174,-9.977567603924927,-16.052544718550966,-10.687532609729441,-17.005408763197153,-7.568700713454729,-15.533423171867671
74,-4.3879459088295905,-12.648778428186553,-4.403825524478292,-11.251098289074513,-3.8600817036959736,-11.281252901574852,-3.5683971563304335,-9.652372758313646,-3.437632345423606,-10.171575993791587,-2.778459659803472,-10.656348138102313,-2.846884436473569,-11.044702647495605,-2.4987802540243527,-10.649341792718923,-4.447910343673124,-11.307878919907326,-2.311242403481249,-10.880010072174034,-3.9311896190816986,-11.573795190872554,-2.5934765447619275,-11.565320534932223,-4.223086801608818,-12.019896581819868,-3.105260121709465,-11.51322235962407,-4.615185116695482,-12.929922079807232,-3.7303391503743724,-10.918974989278848
75,-9.087875743289402,-15.081614795543556,-6.615001518468359,-13.639085020756552,-6.81945393784761,-13.018782605114701,-7.026259629138689,-11.910617692205427,-4.5718538979288335,-12.2037428498067,-7.006862791983215,-13.516953230131959,-6.86896653866678,-13.35713070791742,-7.272417905217052,-13.525396602570698,-6.837918467222303,-14.339413839252407,-7.012897416947529,-14.355877574111231,-7.754454503418064,-15.254971978271374,-6.322497707772234,-13.128819714940608,-7.053303464857974,-13.644135763839246,-7.036499900903736,-14.434005631924263,-5.786329302421014,-13.650469598641337,-5.901535910342975,-13.490952323965802
76,-7.875292888276817,-16.102789177753127,-6.599811857983939,-13.587488872163595,-5.610202274018504,-12.988173625391896,-6.616758973900822,-12.551067559063576,-5.643801493583749,-12.77987591827302,-6.169984960654091,-13.501960549282433,-6.729177746195665,-12.862250197152056,-8.643902801358076,-13.630276130190758,-8.408982945490619,-15.486570503324424,-6.601746719610425,-14.154782945292638,-6.8837520430300545,-14.214235677912548,-5.712539436650932,-11.665730049565465,-7.778778305298639,-13.280854580293358,-6.644096483309701,-15.093113219429064,-7.545526216433956,-15.62519239686543,-8.112268126122054,-15.190792473699283
77,-10.260515539847052,-16.126484877504325,-8.004609131903896,-13.374021588327558,-8.723283683878302,-12.170020211445056,-7.84829886821647,-13.56929981133934,-6.37373155090609,-12.829982410025254,-5.559696677227533,-16.2958003758169,-6.098447422980977,-15.08824478575261,-8.806236045723798,-18.020919390858936,-7.770550148499363,-18.606001026010574,-8.179127796977548,-18.26770110863957,-4.399666857523536,-17.140473929393195,-5.205087036834866,-15.017999911994194,-6.57195874563687,-15.24836698868872,-5.73064298258184,-15.348681455557625,-4.794085986969863,-13.708741594706515,-3.565877251255321,-12.176149734437296
78,-9.369598862912289,-14.480652500203021,-7.354804865261302,-13.444352483288744,-7.62062182743529,-15.484576602994304,-8.107495627446003,-13.308551940522577,-5.078518541231183,-13.07298346109228,-6.874642753415009,-13.618468138521989,-8.535962794528324,-13.491491314510391,-8.065187118487152,-15.846062073519139,-9.024374098946076,-14.252243237980382,-6.6945385161891915,-15.01842103503006,-5.431978243728713,-13.199186470158363,-5.236215087898025,-12.629183315174679,-4.443544228881184,-11.968870908518488,-5.07453236057668,-12.278366711852392,-6.033900180311235,-12.427813019830241,-6.138472450211144,-13.450813771295536
79,-9.322223413013775,-17.47636382997687,-6.078795087679191,-14.537987405813073,-6.622343833612225,-14.17584211816627,-7.589435143546568,-15.793674867109317,-3.7036318469583716,-13.196973631785882,-9.019718463802684,-16.67618408439592,-7.829841071677608,-14.079837644774717,-9.871384609086164,-15.922906199053893,-8.723477128306218,-15.349262999286548,-7.429499039193649,-16.047029151337963,-8.415247033853753,-15.645670515334311,-6.166942638883713,-12.203204093224283,-8.495553306654692,-16.48729657049429,-7.5092326133733796,-14.18265924043717,-6.035279408316408,-14.128215824007604,-6.385156939602408,-14.325684395758106
80,-10.646157685498236,-18.85736047309682,-6.905203309900051,-15.396631696444175,-6.352911926326601,-14.429912500689781,-9.767542063025017,-16.04985229279648,-4.8545812652874085,-12.748564677894745,-10.711570140398699,-16.553876736745107,-8.960441309069044,-15.714388152930752,-9.730091337409231,-17.217423537221382,-12.114921293467125,-17.878412691854177,-8.791228786979188,-16.381800835703693,-10.026503712885305,-18.073498133828842,-6.840543129483261,-13.475793792160403,-8.921719488688124,-17.278273528073466,-8.476077529042831,-16.132500777887802,-6.684147498943425,-15.907810293386461,-5.017266608275028,-13.407460070714892
81,-11.366785862818212,-18.88006000696524,-8.030943365305475,-13.90626895305809,-8.101595949660116,-13.661640427988202,-10.976596514375625,-17.98893999265266,-5.379498759353982,-14.981249741881452,-8.120347018626099,-12.909776394497875,-7.53814570351676,-13.312956410341352,-9.033160515361505,-14.568262934551463,-10.257768893977952,-18.13644430500653,-9.557006331116977,-15.516237412540256,-10.857011554110729,-18.99974245509504,-8.107857507315114,-15.274035377414668,-9.207443073638611,-17.716300743259456,-8.931512650414668,-15.91229437581754,-10.98061640823401,-18.613131574381743,-8.033108859674869,-16.951650398195103
82,-10.26028528647214,-16.253513879957573,-6.971861056019451,-12.54709777316597,-6.792631348039552,-13.588831233643502,-8.276673853117222,-13.511409900653131,-6.645203514999296,-12.796864153654964,-7.219668364015691,-13.840706876354767,-7.144138447768001,-13.774800071759808,-10.162488889261523,-16.536695681902266,-9.75838900205458,-15.161186184479853,-9.273090023256657,-14.48948231851291,-10.586938627101638,-16.02682776096472,-8.596320249561483,-14.647117220417528,-10.10780751716542,-15.56769362790757,-9.853495384193954,-17.77008529556963,-10.793554289386593,-17.291033311127087,-9.896098802474832,-15.775670983478516
83,-7.840855162677274,-16.352416322022417,-7.075247103694754,-13.19028535855505,-6.648900128450162,-12.811500252575367,-7.944710712484515,-14.29283502356479,-3.350417129181262,-12.998512528391386,-5.44211147398441,-14.236708289458681,-7.768402276047542,-15.13147168773224,-8.414334309349044,-15.9754208318423,-8.616052616622678,-14.54384001725645,-7.789233372189651,-13.913658775588399,-8.693578704830184,-15.686280905968545,-6.668051676936276,-13.573258899531975,-8.268059652614953,-15.514859436201194,-7.295787168270599,-15.743124304169601,-7.613288301753169,-15.69118810965523,-6.601053294135052,-14.549484171574887
84,-8.584095497225846,-16.511271013892173,-8.147628417544805,-14.556954128991777,-7.931142195995912,-14.885195002454312,-6.259582724624843,-14.83276890008267,-5.282397261080243,-13.452067210765106,-7.687308571174356,-13.263507918065669,-8.872798825198569,-12.826914189644166,-9.227567456375827,-13.188188749201334,-9.37356879034286,-17.282507758125927,-5.057447467099589,-13.58649628637708,-9.470927487562925,-15.283603528357336,-6.280817987420177,-12.88650331534428,-7.844926216709601,-15.260789770693792,-8.112532481006303,-15.719973411667311,-7.457465076749415,-14.181915831238781,-8.167200091543727,-14.50841276312958
85,-4.326717444845908,-11.825256240747297,-3.7044855992269317,-10.436172994129251,-3.964461675456482,-10.684010114608665,-3.2562121490149964,-10.015740799343416,-3.1334516184587393,-10.27568431200394,-3.3802967467033804,-10.136208067599881,-2.733771845282143,-9.838760775110838,-2.5532174866662283,-10.866991853984015,-3.1854745322932603,-10.652494212673727,-1.91490163921652,-10.017024720840373,-3.6377673364644227,-9.968359739403233,-2.635131929971398,-11.3013515362974,-3.327321639373109,-12.016962502089108,-2.977749670951516,-11.028475989754504,-3.272395776722269,-11.220849145382235,-4.686010109246869,-12.031918544897728
86,-3.5930313112071848,-10.130400278058909,-3.0951821839523386,-9.31008692596062,-3.342661092262503,-10.300732507428759,-3.144088224138541,-9.823300743320363,-3.0669305406441962,-9.542677157807693,-2.241643053535491,-9.805387863839808,-2.0442110079097087,-9.079948321070404,-2.4024147276610948,-9.294075227463441,-1.9655977259279334,-9.55768095007524,-1.1309515843283704,-9.024428435042815,-1.7571055672431948,-9.537795113540305,-2.3096501494781756,-9.536159374523328,-2.3598193559703553,-10.10619233609411,-2.0239907574047775,-9.978908709491908,-1.840356004048871,-9.739163825208081,-2.0351516721589897,-9.582062056962942
87,-9.725219354059035,-16.856215303586374,-7.1815145184581395,-12.945886638163202,-7.072814328658897,-12.25689239157736,-7.741491490806334,-13.074929224633522,-6.231695725686508,-12.92569701026493,-6.48129933072623,-13.630821647067924,-8.344189888016386,-15.129172697688904,-9.77134190770742,-16.062201453274096,-9.533443753274508,-17.308184001744568,-7.473883903919546,-15.072281133354588,-8.819427863585947,-14.316869410180788,-6.831072781756285,-13.447723565486676,-6.1564172143585285,-13.340455401213681,-6.969278907281998,-14.206265496384647,-6.539673135998603,-12.761644597055213,-5.091818770262617,-13.304487392346019
88,-9.265761058168835,-16.419653542650646,-7.7177849563200684,-15.045924147914087,-5.848676919395487,-14.228038632116093,-6.911497802862985,-14.876291291210347,-5.623460270624237,-13.71158459301995,-8.376337187218903,-14.799118424885695,-7.9631073856098675,-14.929376302860788,-9.34387874374582,-16.06611020930594,-9.090798246833371,-15.663774313116896,-7.275051644520484,-13.325017400696662,-8.796224473110698,-15.61547365405958,-5.99601224716305,-12.255265041404282,-9.082537341876984,-14.857250833747566,-8.421602725803245,-16.615532053685822,-8.987094729757853,-16.223217045280876,-9.265872317898959,-16.202746639315208
89,-8.770445011938884,-14.684386815740114,-6.281061085251711,-12.21712894281161,-7.129090019520997,-13.056015264084802,-8.108349471324193,-13.166852270515484,-3.733329460265933,-13.187883748250941,-7.487724584252128,-15.437317942113513,-7.598938396665961,-14.770893354498023,-7.997129768309343,-17.194304633199664,-9.394019234030988,-16.04422120894575,-6.875106793568094,-14.51056853782654,-8.97766369816506,-15.676653695012849,-6.612190073163829,-13.529707235711573,-8.496741084092108,-15.761526039202042,-7.570797271385597,-14.517540209311022,-7.642191519265394,-13.805006477469263,-7.313282113800266,-14.382532421079002
90,-7.766990553748033,-16.766777437583603,-8.209741852843132,-15.441886194506502,-7.888207357102356,-14.948892966103651,-7.28725029003602,-13.775303735094024,-6.31893296169407,-13.578778401824618,-7.810728461282956,-13.633322374736917,-6.458469161595936,-13.899654020899872,-7.847865883210499,-15.443959112788463,-7.088904707572783,-14.00076743757924,-5.077058682550994,-12.223486114682192,-7.08078356631759,-12.784586008958916,-6.0771598423299835,-12.44466587436146,-7.393626530193282,-14.637938292465728,-6.119186229652255,-12.48279026848834,-6.41597831216666,-12.850094164402483,-5.609859191153294,-12.52247619087338
91,-8.045760316324298,-15.748955647155757,-7.474672305842401,-13.813957702638646,-6.231463113160258,-15.339483412186194,-5.943762873478013,-12.790846352294684,-6.878482052743713,-14.693552546638642,-7.045890516512659,-13.916906266739824,-7.3269794502763075,-13.026191189001967,-8.59798869994345,-15.400284899375654,-8.626095921777516,-15.058313681761861,-6.30832412523965,-12.993757564867659,-7.472857082089925,-14.360901028860326,-5.030508552666627,-12.923921910664902,-6.4671812029213,-13.78116821263444,-7.067030800677333,-11.300595759809722,-6.712118905419957,-14.381632172650898,-8.471909159808654,-12.279513883936906
92,-9.68380504039808,-15.77155815520679,-7.088742802726657,-13.878582545166863,-6.985992466297466,-12.188900430183466,-5.738581157726573,-13.88177104405137,-6.47679255934835,-15.376190740328102,-7.138574669294826,-15.358578969072758,-6.823482564845163,-14.20681867373494,-9.310768760990944,-14.615647473158017,-8.575230894832684,-15.0543453094105,-5.9662436008032795,-12.641712661722142,-9.262408078180808,-13.235633232881064,-6.578295231717648,-12.676851301953104,-7.829021635913129,-14.343853384786726,-6.476634531566416,-13.13693144781621,-7.208402241799943,-14.872886542415507,-7.195279126328272,-13.859076922715106
93,-8.831320606313763,-18.900286726590757,-10.273607326941237,-17.847385590086297,-6.853594496518271,-13.361345112170682,-7.981532289990473,-12.83644121323535,-6.582949537100488,-14.557649978784458,-6.173978505013639,-14.377676774638608,-8.681907238000091,-16.221416774555454,-9.436685253212925,-16.34491300160816,-9.08777337420258,-16.139879160755783,-6.312446048179229,-11.769839876060306,-9.273847790492091,-13.932123381084047,-5.156694399775102,-13.117571015782934,-6.770246436033288,-13.629690555371301,-6.801640222318348,-13.90904015443054,-6.042925223377353,-16.97380320980485,-8.008435214249234,-14.818075191535375
94,-9.780955614246507,-16.826321278672477,-8.00350744326171,-15.325391015112032,-7.628598134599805,-13.805371071364307,-7.8676159516043995,-12.68832757214211,-7.108724663778947,-12.376612004227983,-5.8275116032793655,-13.482730471845052,-8.74732089601248,-15.943268981001532,-10.127574865806537,-15.958166495858492,-7.85445890571606,-16.587708724000688,-8.321496409000488,-13.658512293665627,-8.592167976360399,-15.086623655910437,-7.075766899200917,-13.465364482766857,-8.657724733340672,-15.13138072346781,-7.376008990572881,-15.169563366500942,-8.60866610862654,-16.0116076397357,-7.462198763536877,-14.259035623295697
95,-8.928028008107647,-15.557095448180275,-7.749472832028351,-12.109493506428922,-8.58732673489374,-12.027069976620886,-7.449267718703081,-12.221329809212369,-6.262771127716721,-12.189439808778083,-6.713376690946022,-13.085714374688655,-6.78320290148008,-12.241027813900295,-8.795096577217738,-13.221243281976085,-8.449345585124172,-14.821745043991317,-8.356404953787028,-14.927954100880243,-7.842869287839015,-13.990783796363445,-7.034650242199671,-11.179726102095845,-7.429898652670301,-16.355042014892316,-7.472462863719512,-14.694410789624161,-11.21176211741718,-17.382916562172795,-8.343244602018746,-16.382339905291808
96,-8.888123497419134,-15.556705324615194,-7.518343449039616,-12.852311820866644,-8.848130613351826,-13.087935794088907,-8.632634399635009,-14.225932158337407,-7.588420508631957,-13.04184642326737,-6.6086269558339525,-12.040737466497971,-6.720378537632464,-12.300978616421283,-8.409675295445055,-14.226667017893245,-8.586684180687646,-14.993464485483731,-7.064851642570207,-14.382056202150299,-9.443878048883587,-15.73108584369538,-7.388352529939195,-13.91067123462145,-8.615008074854822,-15.026738466308627,-9.854260234405649,-15.867062271911465,-11.037613323103134,-16.47144038716537,-10.736192803483819,-16.43781753138816
97,-9.474901151311336,-14.321370934722212,-7.260047844884586,-12.957733058507444,-7.248207344667611,-12.621418272660133,-6.748811463851273,-13.000730912370946,-6.1242465693217145,-12.75105124815035,-4.478836549800016,-13.962819165038914,-6.269833046903014,-14.625662416366259,-9.225874289091678,-14.848420707816807,-7.879405804958775,-14.627154255858812,-8.176732716021068,-14.197636415728542,-8.243601567657535,-15.078152921246812,-7.117421010388982,-13.270705513679282,-8.323248171377646,-14.518077924731436,-7.029915103017482,-14.582895376841456,-9.42938226526451,-16.247539619030864,-6.086842348955983,-16.578825766868526
98,-11.327215282015944,-16.894681879298883,-7.551168695935263,-13.67536661932026,-8.729871232507483,-14.733922622303943,-8.16411268660779,-13.198223513962544,-5.267301518508129,-13.585086716584712,-1.4204120399633033,-14.449716610904124,-6.05377172262061,-16.036853280232027,-10.360881924160408,-16.663343169069712,-7.652052873973817,-17.370361256626698,-8.910421040513556,-15.42249930076558,-7.88304583028955,-17.794161230322366,-4.107953259969863,-12.189396882523697,-6.9468290671776325,-14.71024722246158,-6.3212180515042915,-14.330971094012186,-8.114910782341756,-13.798121094600312,-6.90054574129765,-13.63612708994723
99,-10.283877650354933,-16.46498011536729,-6.124202776354063,-14.525215894714425,-5.51888155583621,-16.727336826978604,-7.402043277174688,-14.086193202143246,-4.086280286967431,-13.143938872646508,-4.772096664758687,-14.196118115278775,-7.3240619735081065,-14.622027201241053,-11.412864495905634,-15.922605964176386,-8.109781408663132,-17.883722015513822,-6.818816837384109,-14.522504304235703,-7.048428770207459,-15.891539230907432,-6.20700894959807,-11.353815187281617,-5.551473402418266,-12.834478867625451,-8.065163912920244,-14.634092913459382,-4.448253036654684,-13.140118221666398,-6.274208302556456,-12.547199060849035
100,-10.095605177690759,-15.768603749847198,-7.82418110549227,-13.245927622689456,-7.126741529453388,-12.96913229246999,-7.658099862985019,-12.221142395339797,-6.370283030558422,-13.14941489408522,-6.78316325716839,-12.314421140162477,-7.373727911465707,-12.541029151363073,-10.891741665961217,-17.460550830214768,-10.29238827773893,-17.53274280554529,-8.894193765961178,-15.82763500993455,-10.31276361416893,-16.933775799688913,-7.336886047062048,-13.826223963303278,-10.409936305986118,-18.030211620017596,-9.099051781598703,-16.813610284160045,-10.463238654226242,-17.023501899267576,-7.3825167158840355,-13.296297075450276
101,-9.22386214053066,-16.048956279395153,-8.840081844452612,-14.055109679126376,-7.827959026994549,-14.521708784701664,-6.782537016408996,-14.010496256018163,-6.5023422181208925,-12.886293942051166,-6.490236614885436,-12.259295148394225,-7.023338091395118,-12.847802255282101,-9.246349176640008,-14.546057775237642,-8.526593321826502,-16.0210176141949,-7.434212958512893,-14.490665755439329,-7.645205104910389,-13.826884426525295,-6.452989469114337,-13.07383714188015,-8.946518262879973,-14.732323975375914,-9.062165307396901,-14.889246960397852,-6.878138823351147,-15.549376155309147,-9.450509309002475,-16.228571382523935
102,-7.960178095862602,-15.318651513424177,-7.9792655898027265,-14.384944301169632,-6.550109861620982,-13.096227645567184,-7.861188621946653,-13.622370958246837,-8.767692537147255,-13.096300869079231,-6.418608435873926,-13.65388631492426,-6.983093162587438,-13.85098731606969,-10.272059057965212,-14.876721925865919,-8.614790415631973,-15.969239181284397,-7.071803993540543,-14.172980211860049,-7.533974861610777,-14.416626441275959,-6.088597173653851,-13.5262379958757,-8.037898611815779,-15.074652062483898,-8.931754122039584,-16.09218606235985,-9.966334493939833,-18.089125953759066,-7.1730893594398415,-16.192763707579928
103,-9.687471893504535,-19.017722269273627,-10.005973394386169,-16.746901751232294,-9.199589885162863,-16.554044748955835,-7.94596589634828,-14.939489596415976,-4.0707486121638485,-13.611536096311909,-3.891935152729321,-10.640771794359278,-3.2593738182087293,-11.537642939661607,-4.331030413390486,-11.468217500278783,-3.1234667484333514,-10.996951371164796,-1.8012205220448285,-8.546274731814481,-4.197018034039427,-9.164004621952133,-1.2363553159388587,-9.343686077686137,-2.3081169461968036,-8.995103653676106,-1.4438713671992265,-8.79702647531218,-2.3961416755787925,-9.70474839561783,-1.1435737593458333,-8.335874507145695
104,-10.028302210396102,-18.152466600503338,-8.099587889356775,-15.76100218221158,-7.042038924489674,-14.100160728596812,-7.140217399663554,-13.316110263426191,-6.708280670932961,-13.898805523323084,-6.479157532784809,-13.279680154265797,-8.052152236312345,-15.019280877462384,-10.95848792361843,-16.255226940682807,-9.63561983214756,-16.48219671683491,-7.91353752277968,-14.03355311887113,-8.088650540106187,-15.81777631140303,-6.071995129514547,-12.633687721587703,-6.764358074184603,-15.627593784166791,-6.605205754964134,-13.712210242858358,-7.559109134807754,-15.207773998051415,-7.083554366495925,-14.414857309279283
105,-4.844185341871979,-10.504463386794296,-3.6510839088454405,-9.102252046206532,-3.1956937635236353,-9.92863101140491,-3.674891781319596,-10.039996721620474,-3.6229503988777783,-10.698731022288587,-4.793981748282031,-10.628872407006982,-4.0270363411765135,-9.815101649073576,-3.4396274772309967,-11.568404984511085,-5.708504398406518,-13.427362630543676,-4.583058401245049,-11.51513644399472,-4.875141053351713,-11.50702217679486,-4.080921928324255,-10.569412564740999,-3.849552036597634,-11.381018344787716,-3.267378668926372,-11.04299123759388,-2.24359986584327,-10.378860936317665,-2.8304740637515002,-9.951378798109822
106,-3.774451866964479,-10.668135241243625,-1.936501280802262,-8.944850876614042,-3.1036752449649714,-10.23921766316404,-2.1563417990952645,-9.010119211718488,-2.6579466382814427,-9.130365368615017,-1.424577516600901,-9.924095657229655,-2.0527115074319253,-8.882795105829931,-2.203930490384727,-9.52839585704462,-2.5995814329885576,-9.222091707440441,-0.928369815330766,-9.385000321749935,-1.303607641617703,-9.973513622806486,-1.5188273440555409,-10.101219501070098,-2.193295828523029,-9.596415705790788,-2.4182870966294807,-10.841960766840335,-2.9057157364908943,-10.179785380929046,-3.6738174755346353,-11.750506578984947
107,-11.91440261917555,-16.967426076540455,-8.961762349477468,-14.50979536668266,-8.266313072901937,-14.947445788032761,-8.17036660796353,-13.179722598026274,-8.260510529346249,-12.377115796419869,-8.096983402036171,-14.163943219529187,-9.034489585542778,-13.192000784265263,-9.701112741729727,-15.794090443028605,-9.463010016779318,-14.740596511136745,-8.752469986767695,-15.100842444343094,-9.99790815152725,-16.31029499457054,-7.384531231741935,-15.47669629526175,-10.426865434846018,-15.786047773025807,-9.582606525668622,-15.869095961301857,-11.294302451149052,-15.985787552992976,-10.906586032231129,-16.77811272567199
108,-3.7882122266357543,-10.58635018184085,-2.4825105887531844,-9.131494933529991,-3.161018520314432,-9.932154118505078,-2.163284005021548,-9.489724583810927,-2.0024558446462293,-9.664953809414712,-2.318552768653716,-10.281646343092941,-2.4701955689327444,-9.160358811880267,-1.8560660497644887,-9.386584743197009,-1.5880885251173549,-9.703046357933628,-1.7701921392155828,-9.806319312404883,-3.3902851099201223,-10.828839073287401,-2.36793538776016,-10.999936227853691,-3.4766620894892,-10.966297427483438,-3.4614703804451805,-11.894195394854354,-4.0497338409097345,-12.542835642952001,-8.21687035696441,-14.666984123529543
109,-6.440036104543036,-13.375264885290328,-5.25102545100575,-12.284742777278188,-6.2937482576246,-13.547182660100184,-6.224464391963263,-13.472159503398807,-3.7106771630851414,-13.102877472681163,-4.454178027203035,-13.356819599073479,-5.231182856310984,-12.255497571044614,-5.190965828426634,-13.47262327457019,-5.631279536313071,-13.192798122400319,-3.612861722729106,-12.850161048860002,-4.6873024389659745,-12.769401185010143,-4.714404589582762,-12.375943336634766,-5.353981754993279,-12.332181473185663,-5.90404095137006,-13.620651808330408,-6.725958352147558,-12.764451565769583,-7.802007877046423,-15.145711910690643
110,-3.4959013491585806,-11.717970419411687,-3.660564118642069,-10.122281822230637,-4.263319599592725,-9.36874145926052,-4.15843810859453,-11.113911270672602,-3.652632877106786,-10.054451660537397,-1.7150176181824213,-10.344419402572669,-2.4939513381272054,-10.40230689005121,-3.0705331483204477,-10.901283248937519,-4.310973121503322,-11.28582620534506,-3.5544830176709112,-11.6201995459429,-4.159588039838863,-11.426137690895949,-3.147643272504164,-10.531315305557635,-3.490502356926694,-11.310839120196682,-4.026537056198037,-12.708176010187795,-6.50479583426209,-13.742666358491068,-8.037425322848575,-15.40995994452784
111,-9.431491484221338,-17.162986587874517,-9.604901055610577,-15.259588146905278,-9.242650891294128,-15.284253684839966,-8.764528271178817,-16.173745251012544,-5.711127428905827,-13.913754911030079,-3.78742647161117,-15.174530602064673,-7.823805123587531,-15.70569636941109,-7.915407288610174,-16.618644303937526,-5.06990375964908,-14.786206922231816,-4.9914543132598315,-12.999774512825905,-5.756475647518141,-12.079319222527158,-4.452516296480043,-11.993970839650832,-5.446518904458509,-12.5166777171162,-5.958595546540952,-13.008975858743979,-7.147061790964542,-13.822940431022715,-6.379865854812808,-13.479576491207613
112,-10.185060851759214,-16.222147247702342,-7.117979030705338,-14.167921101949009,-8.965153150501694,-13.491194738382259,-9.126667103185719,-12.73198437454135,-7.0658352464203755,-13.156224332864237,-5.719415709502755,-12.057035526086064,-7.467001921595344,-13.587114744789865,-9.056322903519519,-16.960951550210222,-8.376632395623801,-17.334873561897737,-7.463175825028162,-16.843840218890456,-9.005714803788086,-17.287685074401246,-6.38924944967786,-13.388521204847768,-9.296149542386079,-16.49468422967749,-9.672965026489592,-17.264770258441633,-11.248360007101923,-18.72423812808191,-11.43697179708962,-19.078100723132636
113,-7.970380480785133,-15.411772625121793,-6.504452222983819,-13.181080263114492,-5.231222661090084,-13.021759037067566,-6.366731875265112,-11.989817493344523,-5.665720948210872,-13.17532464594044,-6.197982138328984,-13.468346546369844,-6.74114971902746,-14.511883046268586,-7.2715266796277245,-14.992883550679759,-8.15205884246096,-14.031195914333825,-6.783854549826097,-13.830176697398374,-7.413132293674799,-14.568133761102576,-6.530255772577318,-14.108425707431548,-7.592178969575616,-17.044360391234722,-8.80497891497528,-16.428216817371876,-8.08997111707903,-14.909508051951395,-6.233246263491736,-15.342408071176179
114,-9.135992256486283,-17.441081093398324,-7.777313962295556,-17.327802431370777,-8.986494623558354,-17.1345166780051,-8.392698436691159,-15.03628504127828,-4.850655446504514,-14.207239432462679,-8.736775225136551,-15.059232933665305,-10.814888631749424,-16.12869670685898,-9.755325117092188,-16.257444861781696,-10.022836384029958,-16.779531822176914,-7.681120679156775,-15.758418240540692,-9.052559055555246,-16.3708712947234,-6.406581109410815,-13.852836874276901,-7.149340661390945,-15.29397270127035,-7.630849191037388,-13.63116024291884,-7.118347702695701,-14.674562644271417,-6.83360834749744,-13.249217494864734
115,-8.90607436981457,-15.910750584376034,-6.890017665474759,-14.101393419029591,-6.673184786100215,-12.75680169549559,-8.220711499219927,-14.273902437989566,-7.845783265878311,-13.665364440485217,-5.724412815005715,-11.660902061659124,-6.17944267400944,-11.370416244198099,-7.370600093292982,-12.190304875031522,-7.389940535556745,-13.104689292820568,-7.326200025599384,-12.19278623045973,-8.585211198103336,-14.665760013751562,-6.020464610018433,-13.478448175110227,-7.8708990304070845,-15.668084956394585,-8.989442191074485,-16.122603364774484,-9.256050891789046,-15.915047196279378,-9.232246383305663,-16.695027757068356
116,-8.633747541814948,-16.431489009131568,-5.942185834523178,-14.527488123420833,-7.793631797610133,-16.25068909510486,-6.642468226001963,-14.341521018970614,-6.307835753270561,-13.521210950923736,-7.320084099237264,-14.945529414485335,-9.251546719992138,-15.031816878382715,-8.40481737811977,-15.24113395052127,-9.239625891833176,-15.833263810769147,-7.341939232705894,-14.738863022313458,-8.05574243637947,-14.60288835385672,-6.411087601761948,-13.244581441878172,-7.221575677161942,-14.531159475242973,-5.88437958328727,-13.236025282713024,-6.898414050411677,-13.847321686209133,-6.290483570266087,-14.149633042101224
117,-4.65155321229224,-9.859686725687464,-3.497738153521225,-10.75574301269895,-3.5836889590268766,-9.71943427529619,-3.9810266088563724,-10.148439494079003,-2.450947575421022,-11.358713234911214,-2.3151988100848997,-11.262231219177309,-3.1645385750729034,-9.89666377622999,-3.0440145340894054,-10.833019709309365,-5.33124703180651,-12.923176563274538,-4.766782113268785,-14.23033826946493,-8.687758321145797,-17.495298737803516,-6.958414006147706,-12.883586586601814,-9.159994223992014,-15.928115056277164,-8.313418751175517,-16.045321584745956,-8.567831663186876,-16.139003595000055,-9.06019499305867,-16.033500396485685
118,-8.698783156505865,-17.18161508603265,-6.677595628183469,-12.908138278517267,-5.651316546546903,-11.946755493457763,-6.316255826829251,-11.324618248238485,-6.043712986536023,-12.89416502564766,-6.760606246194869,-15.39692249602124,-7.719174670891601,-14.012051572669076,-7.961081681340155,-16.064443837851307,-9.544155565317634,-15.961936191288181,-7.874957836717207,-15.918239770312825,-9.980497690775675,-16.75302690264552,-7.7825869515493205,-14.703794005815906,-10.303958593914329,-13.702120083554707,-10.084483551808482,-15.965585279862735,-9.588874895576877,-16.893415758175358,-8.073120411212898,-15.845311528131518
119,-1.9185374132977253,-9.626498100257542,-2.530791115363037,-8.562957707808675,-2.3457030125924203,-7.833305103661331,-1.4114843933778023,-8.950585738972169,-3.1818634938901535,-8.124678676816092,-2.902152505021625,-9.688080314996302,-2.7886983790786717,-9.20435593503327,-3.3778627716705105,-10.022701264789388,-2.7308323507567285,-10.129664617476966,-5.946327263218555,-13.606139958938769,-8.231885511506833,-16.56593676950497,-7.174067599029811,-14.30182331047992,-8.3967191888214,-16.422684486540433,-8.49706235661276,-15.699896064802212,-9.06265878940163,-17.459953810612845,-8.580424736498616,-16.275787532921736
120,-6.04942893320405,-13.975946764850846,-6.310113410867736,-12.844670276873181,-6.917232293438382,-13.599735952995173,-6.743271665924823,-14.82166771886455,-5.544068940102587,-13.718730797174048,-7.030503920079797,-14.594168281042633,-6.46503521253453,-14.171267738006733,-6.4928273599096675,-13.844067953350333,-7.179460939242761,-14.379608701791483,-5.186778863589161,-12.871804768649422,-6.556975309381493,-15.020355490465054,-4.3419093819952455,-11.897052767405576,-5.587900861169785,-12.720957994258173,-3.4819155124908936,-12.224665676979715,-4.439528078424028,-12.34254429125783,-2.778585682220456,-10.99257756713483
121,-4.042079643625369,-10.505479747736459,-3.521850225568033,-9.711511062743863,-3.306256566517102,-10.528373007117388,-3.763914452420331,-10.66117069599912,-3.808268264185311,-9.879951561854588,-3.9895010724634243,-10.613273641161129,-4.268565154765743,-11.291449305957569,-5.940274292119962,-13.199075797611169,-5.789990283497647,-12.004958984321782,-4.1216381242814295,-12.424645538802867,-4.427569132862008,-13.258048093793368,-4.160062546056654,-11.620980743559022,-3.897424993431586,-11.716743292190255,-3.115499367106776,-11.757961893941571,-3.97532455714469,-11.844999467638623,-2.968795885792365,-11.761403435132184
122,-9.980751412011971,-17.16826893415928,-9.642405605012383,-15.782294007074022,-9.557309030191231,-16.92274916277133,-9.88103035330335,-16.70083568199005,-8.239250434938437,-15.438176886345563,-7.403079744184138,-14.71778064872183,-9.518926309484833,-16.848866627610505,-10.95789881569274,-15.601703404518087,-9.35118417804402,-15.822737186898678,-6.7546355188754195,-16.465976106733706,-7.593240106385213,-16.190570573154215,-5.514748850222208,-12.687520238002728,-5.62217316433388,-13.76953909758803,-5.299926407194425,-12.51500414277068,-4.872110324733906,-13.683812436435776,-3.2721888970189292,-12.250240667181028
123,-10.730674840790115,-17.622100493007967,-9.82835176278895,-15.746800727771317,-8.253241580569474,-14.853949326913812,-9.531587896546982,-15.847670392866252,-8.459058790778291,-15.960924744183846,-7.990928317831719,-14.324018667580422,-9.430840127076582,-14.151861206552104,-8.563893142125139,-15.342684908383903,-7.6730209028299745,-15.022616688176951,-7.812181221022222,-14.010578725050209,-7.082155093034121,-13.87992506175507,-6.158850199218904,-11.880881882927719,-7.213209434082919,-14.3845420172762,-6.4228965398404885,-12.764433525687966,-5.421497925958992,-12.964617731623644,-5.080358132929267,-13.93035171691274
124,-10.740210051021617,-17.510378701417334,-6.690152856237238,-14.678864862146908,-7.885118441698146,-15.20971465489497,-7.603737251510106,-15.132622601244801,-6.157619838451691,-14.256468557493049,-7.508110859377823,-16.33284047920671,-8.336937049136095,-15.430559402061224,-8.506258658208477,-15.373823893826765,-8.766394225634444,-15.40766232055825,-6.444366990337897,-15.222711738794679,-7.305953173866305,-15.557887829451191,-5.8595477202780835,-13.6187437904601,-7.178030700380975,-14.559755313901192,-7.764735765055484,-14.773624357544357,-7.049108167338753,-14.448048607849577,-6.602913705500997,-13.82990151669209
125,-9.589845369890096,-16.686595670089144,-6.964775282028354,-12.876085868899022,-6.489269141342997,-12.864809168549439,-6.691017860412639,-13.076025946292756,-4.700921817980094,-12.910417228237863,-6.8707207542940365,-14.999726834133998,-9.2122465882244,-14.535298541242694,-10.949441532841174,-17.117073755029356,-8.530842834346258,-15.634423378493823,-7.33429625351654,-16.93829052076137,-8.867619142829055,-14.797661533377706,-5.79145723107683,-13.153099443929543,-7.942880373264818,-15.78483082285057,-8.489798954909332,-14.731507942448307,-6.613452372071035,-15.190318368569732,-5.310575913908249,-13.684620241627625
126,-10.179630205846511,-17.115525053288835,-6.9552600458083855,-13.194647539200183,-6.845091334778167,-11.929406126524679,-8.576817438274682,-11.777590011237427,-7.539881037466548,-11.701480438132393,-6.13286278465817,-13.899349060821786,-8.013768237422191,-14.556831384090811,-9.91037819036549,-16.01537235215759,-9.445955688662183,-16.052939146858538,-7.051674506066439,-11.980353021150776,-8.639208554614322,-15.78436530227858,-7.7914172337512,-13.852001470791905,-9.789719092283121,-15.14683412437793,-9.656710103699094,-16.87392403220422,-10.027004157282125,-16.669056737036513,-10.111993451771964,-16.1400886956617
127,-9.697979535038753,-15.739534761382352,-5.689424855315891,-13.512199126695002,-6.544550771237478,-12.715868684111538,-7.25520909165807,-12.895796821093782,-7.267149177423447,-11.110067729040141,-8.336984925087252,-13.075537520429027,-7.1797582563373075,-13.160988883159321,-7.682021094402083,-13.371342144279492,-8.58244516996442,-13.840469957122611,-7.6164453218086345,-12.927603460502423,-7.353843318657808,-13.11029649760904,-6.7552383859299745,-13.158917353148325,-9.255472991311269,-13.822803517590723,-8.682904610927176,-13.138570403076923,-8.791208267486322,-14.295004073453804,-9.798542193350977,-13.814226432625231
128,-9.594073914052554,-16.56890576025425,-6.717717304155747,-16.283442469965824,-8.55091858944239,-14.83632028215014,-8.807882183450973,-12.956893604594097,-6.053414304755127,-15.997907081617207,-7.4790460929910285,-16.035210278412663,-9.511721278119579,-16.18669860998218,-7.266050548873083,-15.528574934746004,-7.291733847611913,-16.234117668092395,-7.0561497450391855,-16.054638087341072,-7.335242578425065,-16.521966339747827,-5.392814411977074,-14.051712340277042,-3.4797600665094395,-13.01726784285563,-6.918792278238874,-14.672360528412637,-5.515514760492456,-13.676793553677669,-5.303990059353486,-14.445401431704145
129,-10.312366073288139,-17.131246663435892,-9.695220357610465,-16.391307110738435,-8.207730268860619,-15.889953673029009,-9.588707222297426,-14.185899807046018,-6.564966520797456,-16.096123919605752,-6.254643393955064,-13.324124701871217,-7.689455093538857,-12.651163317678371,-8.958452704062388,-15.967755034117923,-8.039664185668245,-17.43640680661877,-7.98312280918228,-15.74707610475791,-9.698253764342613,-16.296442609442824,-7.709252690892283,-15.73735831728602,-8.895132456435507,-18.01469024858151,-9.127152179856626,-18.213359651095452,-10.073555844254516,-17.315699150775767,-8.78266890184301,-16.229332806246784
130,-10.538787338970451,-15.376591340277688,-7.980546810053385,-14.415758171355089,-8.862422347042816,-14.195900056839687,-7.0974204733478805,-13.22833119448269,-5.354195575709091,-13.57422895247145,-6.102330010557278,-12.207906668339776,-7.1909492143597165,-11.963206332747962,-9.783722029964874,-14.923919831466787,-8.774698747192437,-16.71436895561532,-6.991469663081791,-13.17301286250822,-9.194507977426706,-16.363716357462906,-7.233838476512657,-14.324362472319637,-10.6629916870399,-16.125271328893295,-9.079003368280699,-16.195602596972222,-9.395842339292837,-15.954458605693354,-9.464068068847482,-15.36505804838747
131,-7.817442520160201,-14.488703922732357,-7.8193936670447615,-13.331428575158801,-7.46154936324014,-13.065280101891197,-7.937552322423841,-13.297954077275511,-8.832004873359237,-14.587865186098545,-5.275958760268288,-14.988649097612857,-7.983163361651214,-14.281928732407325,-9.504717681926065,-15.377258799484434,-8.377575513250555,-14.005119086872583,-8.491044099092228,-12.452292742840111,-8.42636703518136,-13.73453456772653,-7.112778452973176,-12.757716371691878,-8.725280946361387,-11.516552603103447,-9.036346073083267,-15.354502894738332,-10.473541884490169,-15.403717235800265,-5.847375958486434,-12.812650070688452
132,-9.570660502540782,-14.809157331409049,-6.90468102066263,-13.776213152696542,-6.596429817780169,-15.208757007076859,-7.200651943328731,-14.823322420086775,-2.4602069529056454,-15.089100619119025,-7.19732842926068,-15.183175156751505,-7.352286746492394,-12.902169929438978,-9.070318344272893,-14.769831920485146,-7.834695300076953,-15.551729759200033,-7.466123362139392,-16.209956028583584,-7.800701713982482,-14.7060530507618,-7.36582702452723,-14.671108653047478,-6.837668485592231,-14.730798486963312,-7.550649438741282,-11.891768424340867,-8.423912377527223,-13.861481301016331,-6.73927112408176,-12.364991473671544
133,-9.646522945173794,-15.931822158621117,-7.720426777687557,-16.796516750537435,-5.835197821246272,-14.525067268663314,-7.478815626562529,-14.031948333173176,-5.949778287106891,-12.629685039791806,-7.490644898228094,-14.491810653494639,-9.157703507774531,-15.760249364604741,-9.68235864983076,-16.239656758134156,-8.930832846686629,-16.344976810558965,-8.26236896742572,-14.580839678535451,-9.3945417166479,-15.841313070800105,-7.913810693466024,-13.029805740681365,-8.987572251673654,-17.063240874114932,-9.964002010787915,-15.774665030030732,-8.981654636062665,-16.782616183588562,-9.882831469605437,-16.112948032886518
134,-8.336236635970252,-15.540149325805814,-7.338893631672788,-12.195266812699032,-7.446748971713654,-13.199902838654861,-6.720571348492285,-12.27644140903967,-7.092158065934299,-13.952635869849281,-7.396625928481092,-13.403828003566147,-8.151613736468558,-11.329452298649862,-8.192232299934432,-12.952630016808174,-8.75818334671872,-14.06482728251138,-7.331892828326789,-13.058002556718298,-8.693435330701183,-14.645860710974063,-6.365473690209132,-12.81052604314109,-6.31969720800195,-11.900884801068708,-7.634865812608743,-14.522696240184224,-9.282574933206673,-15.783295451594077,-9.7332395586151,-15.343347043906771
135,-8.847469616333898,-15.556103901428159,-7.620734597526736,-13.980279494090942,-7.759432630430388,-13.481193142139546,-7.350560317392198,-13.038990855249093,-4.8847709602673,-12.098980844877287,-6.575853037664747,-12.844836088165438,-7.666057202909812,-14.30135300125345,-8.63999395309709,-15.419258206901993,-8.769938122374061,-15.285769866045607,-7.770110216555695,-14.29426601395578,-7.8375344337537705,-14.212853751813812,-6.9253890221283685,-13.125557097899883,-8.757471629093443,-14.987478926428093,-8.210650989105588,-13.687109206144296,-8.542843142082662,-14.984544519166596,-7.9561923366709095,-15.33717236987168
136,-8.509234424293098,-14.279354247999265,-7.9269091790925135,-13.517468843139968,-8.03661310678686,-12.686350144729989,-7.020919842934434,-13.999163200502952,-4.624833346051789,-13.19695693128432,-4.704803683982749,-11.676386107020464,-2.2723240250497,-11.352308931328635,-7.177488574272982,-11.930575470951903,-5.026772183001534,-12.067210106711704,-4.897513451849722,-11.838237513928734,-4.140280886742788,-11.819070653587666,-3.433047219580851,-11.97515833801187,-4.783753249245509,-12.498396259144416,-3.2398407094993678,-13.042202582749525,-3.7272219831380666,-13.289611986370362,-4.232783187996766,-12.443755829767714
137,-10.514373009536527,-17.852970411333683,-8.400367467284013,-15.741343755592048,-8.138567537304667,-15.657934483526732,-9.464082334899107,-17.58485817761808,-9.260522203864669,-16.478426780694697,-6.595477026829943,-14.762488637823141,-5.092815806388128,-13.343766043748923,-4.940415341229432,-14.07229654397213,-4.904083680745,-12.150835302818832,-2.673153837132128,-10.7922800365783,-4.046822546331178,-11.78412098340186,-3.3541487543811987,-10.832066256156054,-1.6546586782859307,-10.147756217108519,-2.7016578013335675,-9.372397561500264,-2.2296594802475522,-9.841418438983961,-1.6989782008548617,-8.836898948405626
138,-8.127300553546139,-16.209530826362,-5.012783139505569,-15.30925800316947,-6.555080225075538,-15.647851243077922,-9.416402611868083,-17.033522079461555,-8.306642878955383,-16.833524307370634,-5.039439815559783,-13.900377509039805,-4.295051762552521,-11.795633998998651,-6.699560042658431,-13.377640341162223,-5.408218354529351,-13.057708850314375,-3.8051788085388862,-10.654190820646374,-5.221311891471788,-11.825450972419002,-3.7557480259360543,-10.69627959685555,-2.2752231605336335,-9.430856661078508,-3.005430978920888,-11.489284515987743,-3.110886567623916,-10.243329598431234,-1.004989556925786,-9.776303983145105
139,-10.273737502702058,-17.840781796022036,-6.421028665060135,-12.20140148844614,-5.712020384756498,-12.905910158986526,-8.657898948067174,-16.542317447259403,-6.944287001460719,-14.875298239563312,-9.044590687500346,-17.255969003536467,-7.868994398125136,-15.150502440284587,-8.162193361068278,-16.28750545186453,-6.215433585464733,-14.790150745306407,-5.297176190163264,-14.385064905563961,-6.849333495889919,-14.438350214729542,-6.297471991642815,-13.149693216169876,-6.406551458606025,-14.734801904100292,-6.452163564367551,-15.379838785721773,-7.702810482259492,-14.516432015585936,-5.966498800677277,-12.77090485354713
140,-10.545251840282797,-16.866364570942835,-7.418461391368406,-14.451152063562535,-6.530100573181098,-13.30849070572009,-10.632095468486714,-16.59248849215471,-8.010740121889938,-16.90350536351198,-9.836962233982923,-16.06469117620176,-5.617539515995418,-14.506194914305865,-6.881736281077563,-15.571023942677492,-4.805975636987039,-14.127548928661728,-5.322520505163074,-12.375333091209317,-6.902934386413135,-12.311608227164538,-7.291196384039258,-11.97373901240918,-9.407551700485591,-13.004019413546676,-4.063091566989479,-13.504940464430629,-7.214115962081538,-15.979361170918366,-6.528736203954403,-12.51563414602061
141,-9.332648361100166,-17.697934393426685,-9.15137854316081,-15.827282918704341,-7.443984559416144,-14.896157255642358,-7.593168630254424,-13.961676392601973,-6.744156540255524,-16.33325356751783,-7.9047592219213145,-16.804580815306906,-10.166141056175606,-17.153681975583037,-9.187681994844663,-16.23163341412743,-8.698808113264585,-16.705011258558386,-6.909185360467703,-15.186151770014316,-8.810278859154685,-15.753037475061888,-7.789792160610318,-14.041756784296695,-8.455161166003444,-17.417783773522718,-8.4636184055017,-15.04891115554933,-8.518260786099026,-16.366586221672197,-9.33983807045706,-15.12224677321443
142,-9.897220202229875,-17.554999888826856,-10.217049033201619,-18.542578631848265,-10.365330656040348,-17.818745339991004,-7.545945745675157,-14.914051800253516,-10.314905819351726,-17.763809558804272,-9.826180445517364,-18.815106942118287,-11.844003448088493,-18.610130001398534,-8.96427273193986,-17.831158626016204,-9.640395656300493,-17.40122191066877,-7.592879058693293,-15.175478324843914,-8.820540592234073,-16.225825768320952,-7.7466264354267835,-15.008143466630608,-8.83764132992573,-16.321731258624244,-8.104837715167285,-15.290243874637373,-7.150760314213751,-15.052574069591705,-6.988147900586258,-12.594061038202224
143,-11.02639814023981,-17.359725220615857,-8.318170076687789,-12.87455331426029,-8.366392214122948,-13.156110985570983,-6.642407643716922,-13.719203185112047,-7.138689548381599,-13.612299703050642,-7.640027998435045,-13.651567236052315,-8.342037728661715,-14.062132582211415,-8.659464337340527,-15.356079775761442,-10.030400924206313,-16.625098740509724,-8.5107722310242,-13.907054277045303,-7.530529435457067,-14.564231792115784,-5.984804118274952,-13.00324615769352,-8.526263649425129,-14.628356307397056,-9.479368012997135,-17.336512361113467,-8.476431350262533,-16.887657691178944,-5.329870758133625,-12.856815491603184
144,-11.559472107696141,-19.35202101279392,-9.692020579496553,-17.97073257207198,-10.026571157779946,-17.316802863404458,-12.261504708103574,-18.75916826993603,-6.958528758943777,-16.71138022627212,-8.11885246886802,-16.597194043297428,-9.081173940075002,-16.60019197760191,-7.135962823938761,-14.865312797195356,-8.25197130225762,-15.49604673063056,-5.487217385551126,-12.734524545480683,-5.958999413180656,-11.951304715370195,-4.705094962275823,-12.281249907076976,-5.644866690921731,-13.363071321457877,-8.201431350396962,-14.558027589921071,-7.03947983978177,-14.856534836281197,-6.053666181551783,-13.636307071899559
145,-9.414815757195772,-16.68944922527965,-9.283323061155905,-16.09000432081031,-9.109757402271466,-14.86870851366258,-7.441871236748887,-13.911200458204565,-4.610722026330289,-12.379148311396062,-6.759577121564386,-14.543923506738848,-9.704065757941787,-15.67226265836199,-10.099179865640565,-17.255878680455417,-10.232113535208814,-17.731111168001362,-8.468769867876482,-14.106886103481688,-9.28658151315801,-16.845724488280617,-6.6294826836506875,-13.37955107640781,-9.489014571416561,-14.972917535475359,-7.172327173875591,-15.285950686785771,-6.852923965877894,-14.487797173941262,-7.423883102259899,-13.977353327500644
146,-7.797451179866751,-14.539098716607445,-8.422549256404931,-15.11918014730301,-7.865190912989055,-11.98795745904983,-6.2017072875791985,-13.13779590686072,-5.871743040528081,-12.393146856566204,-6.3885597621099315,-14.46920649138459,-7.615587908465427,-13.15685173525803,-8.2623114227936,-15.589397484763786,-7.910080248528893,-15.641795621361547,-7.570306492368484,-14.400255252970364,-8.2568488271131,-14.131797878921596,-7.229285734036233,-12.102996481841387,-7.172471873881307,-14.329441615814078,-7.397881559490809,-16.242750723509527,-7.687472078195272,-15.537568344943672,-9.109841642284831,-15.121590221823741
147,-10.683751563436541,-17.63001024174734,-7.526382708692321,-15.418807662342415,-7.988131719267791,-15.113656721929834,-7.1477341713220675,-13.023143542997659,-6.623115315816718,-13.273910668428057,-4.059528706156414,-14.219266202705473,-6.305576344117472,-15.145774503093726,-10.273790400563085,-15.322847872903438,-8.905549825265826,-16.456829806714584,-8.294408881305115,-15.13737515056459,-8.209277641463862,-16.972597052118665,-6.067017182905074,-13.031944181385462,-8.80368007775395,-16.509792879233267,-7.275455294141598,-16.517259755504558,-7.5504054887971295,-16.49612398142081,-8.948364744530725,-17.134439971017205
148,-8.37217631001962,-18.59155028509177,-7.78081381938212,-14.640598940310381,-6.730346808194163,-14.580867701196642,-6.238897861487497,-13.648915329582056,-5.288487699943859,-13.299580748186635,-7.778169654227347,-14.374566113310962,-7.10433634850793,-16.174884305206007,-8.135337002534932,-15.439713794988432,-8.192789828866252,-14.478166806632268,-6.134041624826497,-13.27895536594733,-7.910443463406043,-15.835901515463798,-7.563665437764295,-11.222353098232942,-7.76289286742391,-14.218932075904751,-7.481218943534367,-15.793973580387831,-6.5220210288275915,-13.732362394854523,-8.599282371591547,-16.003957992864887
149,-9.42012534056897,-18.534503706657286,-6.456480018347889,-13.52405156523063,-6.6632450699943,-12.997306493674097,-7.874567214395408,-13.140186796112506,-5.794816098863969,-13.438631553770175,-5.967732248421842,-12.711991783980315,-6.67817773248323,-13.294754331840625,-9.037437879926042,-14.963550814950683,-9.782828303074854,-16.632861615644376,-8.076468390233176,-15.13528709631386,-9.90694236687094,-17.595329492535804,-6.342671756279934,-13.261908920916579,-8.84689328532329,-15.5370641530725,-9.935710684314193,-16.382914563490438,-10.367715235551255,-17.768891547883907,-10.81235519355296,-17.684693191767664
150,-8.625575706797617,-16.19221780540213,-8.22145015702226,-14.382341586366458,-6.298878245248241,-14.065884707629657,-6.868938856221542,-14.381968909288414,-4.414897018417735,-13.963869493724012,-2.533033120217929,-14.162043885087298,-4.38342503371951,-14.816692128344881,-7.672686514054035,-14.204483719767826,-8.087739883183025,-17.3961004228357,-7.698021054753129,-15.236090435555568,-9.171752916831151,-15.998633990254334,-5.738510118419092,-13.219285890020892,-8.20037665493088,-14.824589630925807,-8.371851194941831,-14.526657901938487,-4.6358468558982056,-14.439634548145097,-6.006415621048987,-14.878816256600153
151,-10.615775655770939,-17.140451237426447,-8.044531138069006,-14.17337042255095,-8.532387358518505,-13.716025285819295,-7.002137348242897,-13.64189178770509,-7.298845803057613,-12.164754171441952,-7.142513559381176,-13.31899560243987,-7.70178178686415,-12.915145529194874,-8.936030969479265,-14.094647498309643,-9.691354001483546,-13.783825861651884,-8.70927862730592,-13.542852861795772,-8.793502004232355,-15.026889877587358,-6.432928591646574,-13.972030475340098,-9.975748385012261,-16.75271105216922,-9.363144545769671,-16.064281794015407,-9.554936425591801,-17.373519614211585,-9.58680385020564,-18.193246456197304
152,-8.705499703581632,-17.080833242147516,-10.45916623030076,-17.368407235079804,-4.79455545140382,-13.57037919594545,-5.287466515120785,-12.305697691214643,-5.3215927677604205,-11.766866731253792,-7.340859465700966,-14.288824138344339,-8.508416731779326,-16.50343868973592,-12.499818705609435,-18.393341904048192,-10.659826410134913,-17.347195642910634,-7.424325839163703,-14.025311627684001,-8.960740750561094,-14.26070417270447,-6.533963461977256,-11.146845940170788,-7.479210334455218,-14.078935333301407,-7.222832209670397,-12.016379290190146,-6.999906091285783,-15.994438220304325,-7.135248504342795,-13.507051655661165
153,-11.47758939437903,-16.553012571347857,-7.323183621744284,-16.11415337754819,-7.001096832487618,-13.858775229715434,-7.041167552839242,-12.30256436695692,-4.356120056253861,-12.605378771054792,-7.383212906403179,-14.05241801405522,-8.799595991482517,-15.287483620942053,-8.72238563129639,-17.91485783627313,-9.25438066700769,-17.774920830260097,-9.524535227624021,-14.166546773994144,-8.066722319229068,-12.990300528166696,-5.591769639840006,-12.771042068845206,-7.093349328347021,-14.578376330947059,-7.727126906384061,-14.587755667837294,-7.743905225634001,-17.337854716555917,-8.204344010544792,-15.53003652713202
154,-8.781695183412223,-18.15527544837342,-6.727532266620434,-12.814608907423793,-6.2112550364655466,-11.444226650503069,-3.811230326331861,-12.655113640678223,-4.36355480336528,-11.104859265780458,-3.263709667312086,-10.05357500190165,-3.672809059626194,-10.006861135174663,-4.625842906275121,-11.993651843456508,-3.4850957691330517,-10.389429635803026,-0.7361905623820806,-10.90340074061862,-2.1037659894148266,-10.915174275057565,-3.2224314549312694,-9.697211869796083,-4.562122895554788,-11.305328557720246,-4.17975767217781,-10.920686696686921,-2.3764940605406135,-10.86224479686338,-3.8690944527147937,-11.922322813593274
155,-8.57245952508403,-16.314190060185652,-6.941443107786169,-12.846477756209708,-6.350830348426767,-13.412960233098659,-6.744754586923632,-13.11751017368042,-4.511302695346757,-13.584886271950353,-5.992291579561508,-15.130382085988359,-6.296041841579662,-14.323487133327777,-7.398068978035593,-17.673669791781794,-7.06079037920083,-17.960760117890523,-7.912296254786745,-17.287433658551436,-9.314300435341988,-17.321129774039832,-6.666018195313264,-14.549794509481606,-8.038565831173884,-16.49722414169558,-7.500848860343535,-16.066420164997822,-9.05065555677993,-16.54052906078147,-7.011678295785125,-14.458878352084096
156,-10.326199921351595,-17.57248259806723,-7.457075262360743,-13.747745142868178,-6.714427420390807,-11.857952620282031,-6.3448828808629445,-13.07049113944229,-7.133238681970903,-13.50213195969414,-6.338032036535345,-13.851794058840847,-5.557380773023274,-12.573428591118363,-8.959930730990779,-16.470651979472105,-9.946680472374641,-18.20043063932589,-8.346835412074112,-15.326087726853315,-10.6464118287081,-17.257877327270258,-6.921303041490674,-14.131225064664326,-9.897882525020288,-16.776679900703662,-10.219253952282614,-16.99839977114747,-9.829866921653228,-17.827539333510177,-8.183827255963362,-16.341436713439414
157,-10.661428746805866,-18.975751370226313,-11.319049586854566,-16.830785627139434,-10.821560900749736,-16.397798803861363,-8.955698013438319,-14.953044535690621,-11.11174024611258,-17.163161537671865,-10.65473499795884,-18.245497953618468,-12.140063393505905,-18.202991963303404,-10.36113735257518,-19.091765227758717,-8.82827658123134,-15.27375572916893,-8.77230767990223,-13.686874793036093,-10.662533491111104,-17.11587485157388,-8.565655338786042,-15.56559437502758,-10.954842407036637,-18.680245212728373,-9.416053745207265,-16.172673594369385,-8.518567262222975,-15.482926329706213,-7.194321198284172,-14.524673006983559
158,-10.199247803176632,-18.346085820784715,-8.672070706844497,-14.528713879732596,-6.691875398032781,-11.420388703809579,-7.391223316529779,-13.255402925933328,-6.364387933143619,-11.789474656841987,-7.411768559153047,-12.750208413265728,-6.05811858927357,-14.929823522714292,-10.558337371624864,-14.910026724485865,-8.122653511446192,-17.06267252823093,-8.423047304047861,-14.948051951073689,-11.673245151198524,-18.035738421157227,-7.34218739257793,-15.24094876164688,-11.0696292911257,-17.473847048455042,-9.362738805114773,-16.85022187358776,-8.932921570005128,-15.734927781315093,-5.734395481940268,-15.193760759981526
159,-7.623168144755319,-16.67722504184129,-8.613859697035018,-14.448118131896337,-5.871257292119507,-12.99854613212247,-7.128418294901965,-12.34700229104621,-4.512235990127748,-12.559492087607762,-6.897848542251416,-13.635293750641628,-5.556796272429262,-11.819463981331197,-8.723604527106184,-14.445307950336115,-8.764345888067512,-15.612654451970673,-8.108561275696193,-14.072178534643431,-10.501736465490886,-17.41923878133536,-7.686616302475069,-15.79539235053253,-8.376481351214087,-15.559092675075807,-8.431614299340456,-16.062455278187333,-8.390303093417252,-17.191766169821708,-7.9346580026048485,-17.054580674875403
160,-8.685928764869509,-14.816886722850096,-7.727915360246432,-13.707583978670243,-7.847007625745162,-13.170161508779827,-6.509350638360237,-12.352593241259589,-3.734384525375711,-12.552725778454704,-7.567452253969799,-14.17473774846458,-5.918856478711293,-12.854714331433364,-8.921821859274012,-15.123385584306785,-11.104883258228963,-16.64813382033024,-7.552670650558987,-15.687809551607412,-9.160515591491874,-17.327310751726323,-6.359484840669406,-14.561991106778683,-6.284472034917572,-16.54935373475473,-6.869267254099701,-17.453885180743438,-9.121800704496266,-18.270490355959087,-7.058180671578391,-16.06674589856758
161,-7.325072648221279,-15.823232133283332,-7.258565450320984,-14.145950211034881,-6.9864700335317025,-13.818068396415082,-6.30662724733542,-12.247448302426491,-5.653480679208753,-13.142568535960102,-4.374191497695572,-15.00422106602353,-7.025647888867774,-13.372580000185511,-8.972284150809864,-14.674201247983207,-6.546357818402967,-15.13901696033196,-4.42208385781962,-13.611127332684077,-5.406175140802053,-14.639601360651966,-5.213861585537596,-11.815841895433696,-4.773286639696812,-13.336284993400621,-7.923763683109208,-15.304830811293641,-5.695281507667066,-14.787738174818784,-4.728155964289193,-15.002637109348802
162,-6.218646932090572,-12.586282100017826,-6.809573444944599,-13.309923046571834,-5.551204551099486,-11.743528093075719,-6.123677026265131,-13.001553736397188,-3.951252241439962,-12.736263749393926,-6.638624684361121,-14.60100482167315,-7.707876876228931,-14.650238069910328,-5.72330178858098,-15.257736928889983,-8.20655613591983,-15.647946472753054,-8.320172336858777,-15.203784649727867,-8.932927603224337,-12.200237388233754,-7.275367192097143,-12.8485078454127,-6.677903997872474,-14.874997363581306,-5.211580143861239,-13.961365877679516,-5.296988268929599,-11.735392272872176,-3.485829444056297,-13.245724192350593
163,-1.962099354621315,-9.214981974187026,-3.261029039676933,-10.165472300808567,-2.020191266419303,-8.92919117074632,-2.9250770773752284,-9.20039699220697,-4.53907400955777,-10.045953652923632,-3.813725023302199,-9.677941568143684,-3.7794881678792076,-10.16609089626881,-3.3745773797289553,-10.637495210477859,-3.678992126890148,-11.405833408840651,-3.20756569226201,-11.61484045726137,-4.797423757515808,-10.439151034446768,-3.23805463519385,-10.214194084840498,-4.089732164030621,-12.602299952793476,-4.566372853420862,-11.20906672065719,-3.940710732826196,-11.849798439355386,-4.3196975849344,-9.97659962081235
164,-6.8099031840489355,-15.031952205552008,-6.718429788667049,-13.906903017431222,-9.513099736485675,-13.510443342711824,-9.317547023976665,-13.559851247425259,-8.26957878472883,-13.280542504969334,-5.187241861059984,-11.944331622730068,-5.4013015070844475,-12.299717828765466,-7.793126447828183,-15.161089677537138,-8.560716499945961,-15.796572295364102,-8.923387893253999,-16.863263525921294,-7.963540740076534,-15.554560073715418,-6.23443690920242,-15.764291013594233,-9.062903399693113,-15.90646214191937,-8.152880275255395,-14.302981821325936,-7.76372587389941,-13.113132495553163,-9.776489641199275,-16.52600426208774
165,-7.827899608780525,-15.37077235582407,-8.104967838855098,-12.866923049063399,-8.501015096082295,-14.342326458227168,-9.310203076654034,-14.927268405198372,-9.259643860063166,-14.024737158596533,-6.145637368872874,-13.859585016793726,-7.704318566073654,-13.86768132090305,-9.112299866162425,-15.803204880925904,-9.960246768948833,-16.673395472282966,-8.288277543376022,-15.761865338083606,-6.8110499424093875,-14.901326015780649,-7.410468070425886,-13.463625789297222,-8.809090742001024,-15.074471222741826,-7.655279770953214,-14.293706090092597,-7.762348265440803,-13.674959285613165,-7.103983456848345,-14.892719359431828
166,-8.086045074487613,-14.971701644930748,-5.434233368686093,-13.323167505405404,-7.794696650799979,-13.581468426476848,-8.388766477465815,-14.092079486669025,-8.302865895950017,-13.018720644270905,-5.971303403626603,-12.947651563849744,-6.436299182034785,-13.503810292870087,-8.845614358370526,-15.63087515826944,-9.26655955902332,-16.44871052105071,-8.967079293431125,-16.36344194410263,-6.640297518929604,-12.87008930131148,-5.793957041646461,-12.50545488806775,-6.590845192263133,-15.155731364024946,-7.242728411241048,-13.236743769825772,-8.099001830118674,-15.060805168229262,-10.013216765951489,-15.696607814350665
167,-9.249201233099129,-17.358432254773387,-8.495121874026971,-16.618154095361792,-8.64627283103423,-15.394334951920099,-8.54485593892106,-14.48222362983878,-4.828482714004237,-13.665488726722517,-3.6252068140278366,-16.303163231559758,-8.632152999445907,-17.99981388327154,-8.94526244814995,-17.657022269071362,-10.95784191686731,-18.711123111431853,-6.725200140340353,-16.112594978296947,-7.853808811900189,-14.830700678853239,-4.480349232764534,-12.875709792587433,-5.359573526961636,-13.763165041752071,-5.094341807257483,-12.525688224535735,-5.293025335334517,-12.737824458429635,-5.46377995736024,-12.503508902288804
168,-8.75384669597669,-15.868484135058104,-8.459146944925473,-14.271697921119088,-7.4195466141366575,-13.940747187859287,-9.816808521463344,-15.219490585204621,-6.625251665715444,-14.706803095542288,-6.3389739725460315,-14.156539771349557,-9.018601487872676,-14.729726367440774,-9.930855428829041,-16.333842527444464,-9.247779549552984,-15.247160079502795,-7.897605528751943,-16.469062697279977,-8.046823993670102,-15.951025844981064,-5.128343474061808,-14.871396500521659,-6.66375519491369,-14.049742549853821,-4.716645861933203,-13.561257755361867,-4.3423158956944095,-14.023151333092773,-3.9144503632292427,-13.089048191017987
169,-4.85507920900935,-11.704102038676751,-4.292890164647981,-10.448612719003808,-3.8902612072316813,-11.128043291576581,-4.06684128998101,-11.11931500351523,-3.7711713047318467,-10.220811012029804,-3.874437711842807,-11.502174328753048,-5.116927255637796,-11.230525378240632,-8.130390912066437,-14.416722333504433,-8.9381850226849,-16.86481479278623,-10.342685329294156,-17.454419345517934,-8.0856429653952,-16.13531670580775,-9.030447773182962,-16.080317319030826,-8.64197147950374,-17.03041810070191,-7.629502065767145,-14.537282754689691,-5.526870953098251,-12.762123654835996,-3.9970132207297904,-12.203343723586425
170,-10.82529756841603,-18.051664947000027,-11.079888527580897,-17.165304850745954,-9.945979539192763,-17.04980665313637,-8.002228735601522,-12.930517790236333,-4.654966175938636,-14.749447905296545,-8.196996512523787,-15.408261153570885,-6.892580997903125,-14.293403940602625,-8.635499199697463,-15.911908487350866,-10.591849133935582,-16.31945016885553,-7.077334559100404,-15.57408871940562,-8.77974124718911,-15.959019073672351,-7.6819911762520245,-14.054979161014295,-10.515763540332916,-15.750072876385861,-9.367733725415098,-15.479392711470224,-9.071132127428177,-16.249979975926887,-8.100840664906087,-15.81649753662303
171,-10.592842475460543,-18.96695544928098,-10.513617958638266,-19.875616627723428,-9.869448679634337,-18.69621838252462,-8.519900359400362,-16.082924351392226,-8.47918304651106,-16.941958655779345,-9.998588169717284,-18.696232646404475,-11.532150775440389,-18.829546241490334,-9.796835088201611,-19.336197445004885,-11.094076444328756,-19.337460102752278,-9.5674698016338,-16.6049264963546,-9.988561413555095,-17.785155005111122,-9.067369082768433,-15.7971225728795,-12.595568566682541,-19.148398301122377,-10.532042885356223,-17.735182071956558,-9.605196295673753,-18.325805872360558,-8.937821061435582,-16.544438701173597
172,-7.496764061168632,-17.378100210049666,-9.009519193615683,-15.638793887202105,-9.625027989005718,-15.893968130823357,-6.656908644730865,-13.08507956130201,-7.170688768526751,-13.868925522806151,-7.830988961599065,-15.209819515576214,-6.197349108780567,-14.995104678600832,-7.965971637511201,-17.085778148023994,-8.69874721942775,-14.199213555521116,-6.619809326593321,-13.69591687822197,-8.745282150583067,-15.642559392768952,-7.3866345672539,-13.899823377138985,-9.507408861592163,-15.19035877833608,-7.269187402972417,-15.390925347537856,-5.247687368324313,-14.127000913352802,-6.902751568310094,-15.027680593595258
173,-4.06716187605541,-10.149063354443049,-2.3150008316114925,-9.616467108718151,-2.6838004767270163,-9.07898448412666,-2.7818403495522097,-11.281793353840577,-3.3042231170891583,-9.99781198847873,-3.7900665695496945,-10.017745920908565,-4.309311515826197,-10.080262956365365,-4.354690420373824,-10.637676536263287,-3.6868403525664535,-11.347623983195138,-3.4625436083539602,-10.784920694787232,-4.429668069892282,-11.530853153695311,-4.157726431872758,-11.010723839969387,-3.9532246720371793,-11.768473531519303,-7.418329380417335,-14.33660284774447,-8.30945323568981,-15.757660530790599,-8.430680208596623,-15.471280015075246
174,-7.950828802933119,-15.223147952913864,-7.349262887823419,-14.185849319730096,-7.61540878214252,-13.053442591864632,-8.635699895690653,-15.247159288099617,-5.858448088551825,-11.816278817809362,-6.219722240997056,-12.288996832858905,-5.199684554891836,-10.359325182402632,-7.9635465435772845,-16.11513569335354,-8.44513528949612,-14.62667363810558,-7.85680732240285,-14.749053064208281,-9.68150749325585,-15.795629532795314,-8.059508871138402,-16.31708647845242,-10.175333583775622,-17.026356501174856,-8.727944074382702,-16.192383143463132,-7.896374374532547,-16.4506281291658,-8.150803861856962,-15.66226348098162
175,-7.849917755675229,-14.295077738178675,-5.081254243023528,-10.795317907201397,-6.171061974839787,-14.471550534528584,-7.273354007812733,-10.931287992330548,-7.007067238019987,-12.038761163839167,-5.034344156605199,-11.54917054003751,-7.410019210811912,-12.496707651295079,-9.141086637959665,-13.125320337201298,-7.884070216853438,-12.207812388037386,-5.430119690508226,-14.48524877812966,-7.076427826762143,-13.29603248863303,-7.3081506910920035,-11.591933596631883,-6.069184859955285,-14.608514503091001,-8.946235767004167,-12.921696330899815,-9.73040015771224,-15.342441079935776,-7.725144318950364,-17.157932589634445
176,-8.37323236885756,-15.498474271139596,-6.130195825596825,-14.56519674670356,-6.828045685613389,-12.169451881294222,-8.69721469791563,-11.710842454279257,-6.688942171002824,-12.710649033015219,-6.5204685903897355,-13.803831517820441,-8.677529156618617,-12.291252554567277,-8.277142128245348,-14.48898183223422,-7.926304031270231,-13.154047074287424,-6.517508998288597,-14.87012951190925,-8.392655913391511,-13.963178990236692,-7.00280317208067,-13.571582931705956,-8.622680284622117,-13.985316507605498,-8.86893860655121,-14.026592673095259,-8.611140618962768,-14.822882205285044,-8.114672152375192,-15.037051201399773
177,-8.912540789792896,-14.12755920638834,-6.295119964861945,-13.707826619481892,-7.809017691881273,-11.444400398760461,-8.288259287728215,-12.735206790417132,-6.830289276350085,-14.234856319111639,-7.870824080033989,-12.878205372714575,-5.68821839699928,-12.530219738217927,-8.201904553494826,-15.397732853180216,-7.279088164928938,-13.25626244927831,-7.887219197051868,-14.5718277445956,-7.922287112374327,-14.260442842060758,-6.029603519077372,-13.683907403803492,-8.759098125890256,-15.197591877024601,-7.680939877166864,-12.55991763487868,-8.981834077220292,-15.137865644188562,-8.998210394298106,-14.775155240651666
178,-8.79943108137844,-14.575866452176813,-8.849685419019394,-13.764648828599542,-7.130240351737561,-12.067019803068423,-8.147677200275387,-13.965017525126873,-7.220475378088798,-12.097399470381589,-7.1922778905506,-13.893377963413428,-7.645436090988811,-14.954036240661567,-7.830678118573633,-16.046764772248952,-8.091322782106525,-16.27923529956856,-8.775071726951904,-17.175237388880117,-9.599187162161126,-16.764654263681376,-6.265249506948038,-13.22535444303811,-8.801316466914738,-16.789004496286264,-8.66425499219136,-14.942810060428918,-7.292231746007747,-14.81352529463541,-7.279249947493148,-14.553520329977674
179,-9.292116671431463,-15.272394372226152,-7.776512517881332,-13.05284730229953,-6.2137818251443715,-12.281046154518272,-6.4360431587169655,-12.48341418789041,-7.307878104226088,-14.133309667521722,-7.577196906516188,-13.719788703105065,-6.983094532317791,-12.012873819567599,-7.770610535206606,-15.257745470844233,-8.072636689052418,-14.922336212215992,-7.419293084356889,-14.440619357161093,-9.574659714172865,-14.726246936565344,-7.2709327584829895,-13.337402635587559,-9.714656567920578,-15.58643540673617,-9.477833093992063,-14.884273720947885,-8.483810398852489,-14.239770676285275,-9.95204757946553,-13.668133730523724
180,-8.204697188327653,-15.267142497847656,-7.441693122790546,-13.589124023110156,-7.244194557195333,-14.039879577189257,-8.007385902919715,-14.377542305785493,-7.878746866200752,-14.492504754968255,-7.80988581536612,-14.827398299994583,-8.28107754113693,-14.034924538516027,-9.016655081795001,-15.812266007335518,-10.242614461057135,-17.003341641934146,-8.989977073848065,-15.45502162116065,-11.006641948679544,-15.522766317645411,-8.910408031673793,-13.657850145536674,-9.940421808845448,-18.54062903455067,-8.997367161398312,-16.74564877289502,-10.884386974027114,-17.107505380819187,-11.108383114950438,-17.14212856464863
181,-10.068336738747112,-15.616552969168145,-7.410868849316361,-12.132527774125014,-7.996092349835747,-11.68660522474755,-7.678786058743883,-13.654330524206177,-8.640974690540325,-13.118175260854368,-8.970910998294677,-16.474362800225286,-9.411115205656632,-14.040140467983587,-9.53685073395382,-15.78116472252594,-9.763544573117695,-16.26358351436725,-9.443241440726368,-16.486392237155332,-9.622339114121768,-14.171762852150088,-7.971372329939134,-13.428517937905784,-9.17642021282173,-15.90868902583879,-10.403969798342484,-15.546778799311227,-11.194973053926436,-16.442433543765787,-9.025637409586164,-17.682061796685502
182,-8.042183591608085,-12.529032776226517,-7.6590329571932925,-12.500612174736785,-6.543846927457047,-12.53314590582116,-7.78638184437064,-14.017923204858125,-7.540809456041408,-14.481889522909876,-6.622961412440194,-13.262351430602903,-6.619990980131383,-14.142895211781966,-8.313481996906766,-15.620546731499186,-7.370101018019483,-14.378032777595067,-8.164681773740952,-13.455594349680023,-8.437732807803034,-14.596250626549468,-6.671980354788212,-13.419427715002161,-9.051363887601427,-12.79292585279408,-10.590763069650645,-15.185480510830285,-8.751680697232104,-15.828279401300174,-10.101571926938389,-15.593713713214365
183,-7.902174770756419,-15.237955452954871,-6.024576596457491,-13.722101750603844,-6.070526409694075,-13.226454115078493,-7.870319119778627,-12.895738823619602,-3.2468504843775667,-12.273797094027284,-5.801195364168917,-14.180411736567551,-5.741143396804784,-14.211429993415434,-7.745362918958989,-14.66307690311853,-7.64912992973894,-14.554953424263191,-6.221339040231607,-14.541262069559167,-8.47065779967465,-14.935240381498334,-6.383849991075243,-12.324562213130593,-8.176040338474738,-15.500081431994433,-6.533439288340672,-14.151966438892785,-8.165759984063985,-14.340247690653902,-5.51317124235049,-14.834786547255678
184,-8.93050433009443,-15.29399832522319,-6.28408129598176,-13.186728706274009,-6.567011463971207,-12.051236382503003,-6.381214044197314,-13.00660110782381,-4.557842621409021,-12.85586341879741,-7.146110398848311,-14.377271961169312,-8.706647256922476,-15.655861045458364,-9.366090600998726,-16.068052817216895,-8.939939284253152,-16.496037151146165,-8.088296554910992,-15.369514773942052,-8.997640112300285,-15.13297404368879,-6.58628717161061,-12.364430797226895,-8.966920080626698,-16.060366859115984,-7.010893946028914,-14.735776465148419,-6.41259299854668,-14.991810279845975,-5.271824097273189,-13.0598768649725
185,-7.930527059022118,-15.781181096434153,-7.006785987489382,-14.34842832986449,-7.644885908412398,-13.947383683382874,-7.206185909094351,-12.920976363651807,-7.038674867962774,-13.429485093963168,-8.355517623250051,-14.803727433756478,-8.971694574332824,-15.015246109831093,-8.45749020802281,-16.342062725151997,-10.280119297060548,-16.92807222018429,-8.648595575114772,-13.925925752899131,-8.057204054652006,-14.18342487360575,-6.553429905415259,-12.006506126869914,-7.593450654607507,-15.89611670282781,-5.403184871491025,-13.631394046172145,-5.316157624890627,-14.88498734906139,-7.56274514126707,-14.494241038821421
186,-9.596423999900734,-15.426016320065468,-6.522933424388244,-12.967601972342424,-7.184567968137177,-13.243133686739842,-8.08692399536209,-13.165204211082894,-6.404039792741663,-13.716612233098726,-7.797128589870433,-14.007888777132733,-7.760107479112909,-13.906977765738418,-10.145616930514985,-15.65177515609059,-9.055748243971527,-16.917877093996665,-7.662373679464725,-15.060675532780806,-8.324698433309587,-16.157117879623968,-7.241032596818028,-12.847496562907843,-8.134560899534558,-15.369272957008027,-8.55953325826161,-14.251607375851929,-7.728618816058024,-15.432188032980122,-8.092955954664827,-15.411427305401237
187,-8.704906538122657,-15.467061757909828,-8.02304080254689,-13.221897856458131,-5.179009766981415,-12.457611277891196,-8.239724797160497,-12.334020551523881,-7.978957464058296,-12.97701523914224,-6.557848802463667,-14.191014552870216,-7.650637193777291,-14.929026880215098,-10.261150031548423,-13.872486725278668,-6.33139602460711,-16.06706145850208,-8.024954476111256,-14.213060192857633,-8.475007052159523,-14.455593205226913,-6.641195445040871,-11.689321925447604,-8.612761425911309,-15.272345644878184,-9.273748579115482,-15.900399636369379,-9.333747308702074,-16.105532243858708,-8.977007434044902,-15.386628384569736
188,-8.386319543275517,-16.28668905093686,-8.640876637384455,-15.902448691444995,-7.962568730867026,-15.278587290215473,-7.886864646360036,-15.28802269774111,-6.269896561893185,-13.46663560360529,-9.181993390546253,-15.644270817454359,-9.479595542692827,-15.815814324877621,-9.420989550364293,-15.875120001782062,-9.318667141778185,-16.73707772415082,-8.151914277810203,-15.154512831814495,-8.430580429338171,-15.585658927503587,-4.4345727919453015,-12.90539167030784,-5.956782794596519,-13.390415305627092,-5.230676418394827,-11.593790219498919,-6.125155808616273,-12.669330733849462,-3.8574482341467,-11.904060519774433
189,-9.08695260249617,-14.165975097172767,-8.295419033399776,-13.258341364500525,-6.545471049497561,-12.809708027783845,-5.547175645751151,-11.746351415255937,-7.217518520178513,-13.590332105069105,-6.057564145164605,-14.027295944973588,-7.4369750967750905,-14.779440727493698,-9.243712162377903,-15.193243851199995,-8.966996783694338,-14.788703737885848,-8.174911521046322,-13.589197814075028,-9.612769370194702,-14.740371013444662,-5.537143132250617,-11.631870960931819,-8.918578462930796,-16.558032605895914,-8.780164608760195,-15.228771906411172,-8.586854998879534,-15.927450846200813,-7.145700704520558,-14.91091241525633
190,-9.310428120493135,-15.499397528792393,-7.099691690108455,-15.0368195032136,-7.4230037185371245,-14.452333400427534,-6.605237513021996,-13.421892258399089,-5.310940466759333,-13.989219575517978,-6.401813435386973,-14.761111411339101,-5.680613725085232,-15.455609944414778,-9.205719596418604,-15.405828337831782,-8.45683199259868,-15.060443552253364,-7.744327423970795,-13.965570576758065,-8.966383169903395,-15.84907095216694,-6.593936445260415,-14.287590026475135,-8.136103188326281,-14.486361865616207,-8.150238762027222,-15.331738477738119,-8.739405427059912,-14.21909198707018,-5.789721842102051,-14.815717937855649
191,-8.361120962700276,-13.553561838940507,-7.2000101313293206,-13.356505663462464,-7.678238083494983,-13.149734357361494,-7.085622658217632,-14.66940060776884,-6.246114599684779,-12.005335336652143,-4.558761165423753,-10.925270365150455,-6.163657957825713,-15.113999566459418,-7.015386408947223,-14.97130116505846,-8.600213045648108,-17.201566020226412,-6.826322039518268,-15.415641167448793,-8.00935011484129,-12.799597303715535,-8.215747559850033,-13.93603130805689,-6.341012940051943,-14.052121643445902,-6.998332882020978,-15.941025368426809,-8.146164980781004,-15.534151713258161,-7.295768865376317,-13.073714608967837
192,-11.15973353093647,-15.729052429596813,-8.372139514186523,-12.010151503545712,-9.07291570018548,-12.683594545996527,-8.332307830488073,-14.291489284464014,-6.243096623197987,-13.097402800828275,-6.976917314928053,-15.165472225276966,-8.738398068615611,-16.390192315735984,-8.457240335820428,-16.277755869546734,-8.18085861660679,-17.85642135850702,-8.203491723232474,-15.160317826719488,-8.531916850779119,-15.767416059157696,-8.67133292054033,-14.039499238079124,-7.33436365924224,-15.325218083359475,-7.941233596477254,-15.58609211480974,-7.8802940210873995,-14.98009684582325,-6.567493650773093,-14.87213694531678
193,-10.181258324796268,-16.235304025708256,-7.182919598822821,-12.792463283351342,-7.611981932387602,-13.911734030355467,-8.053484414678245,-14.89396571479136,-4.722278530381544,-12.792549106989323,-6.12123958202964,-15.581196925790024,-7.318105804556062,-15.850261090577447,-10.951585635264266,-16.937774319332693,-9.136358874171481,-16.38515079219681,-8.317344762585119,-15.411560811172201,-8.383087414398537,-16.515370044402736,-5.025973645181762,-13.8860101365671,-8.682654630150386,-15.396322803751413,-5.939420813413481,-14.720516984049928,-7.895975498907494,-15.0375715880451,-6.903379306391867,-14.069592457185498
194,-9.057618108648144,-17.84139264636635,-5.9845856483252255,-14.768181830958277,-8.46296133211631,-15.174419909878228,-6.714085029170312,-14.257099148520773,-6.76200432537798,-13.078855017835895,-6.358535347422122,-14.006771637535566,-6.610886983398222,-14.258767927232833,-10.252771962094352,-15.974407645139738,-8.822339476005531,-16.27024231016223,-7.3717811392362975,-16.27338697109807,-8.279259036093512,-15.338897835720653,-6.148067313913962,-13.124736419434056,-8.919996823829026,-16.671724279097486,-6.934815380282927,-14.805519927170822,-6.882566610171217,-15.712254520243743,-7.308677394378231,-16.033157528342926
195,-9.908962294717758,-17.048749952418444,-6.565850784781668,-14.186104226080475,-8.561421884199465,-14.150811083859114,-9.046693326204643,-13.585516049707806,-6.93397136885973,-12.449376410085407,-5.433102077074058,-15.169174741459372,-7.290651563439356,-14.826819710562324,-8.85590099132379,-15.962697503025709,-9.306500853151006,-16.751466950920545,-10.335551819497402,-16.84480972043613,-9.242175069670239,-15.228031100263843,-6.719929433991815,-13.518387574424684,-8.094802188677516,-15.623046498647398,-6.360466100779776,-14.25464746355912,-9.70380474833373,-16.896971409407854,-8.745286046093293,-16.706728694939454
196,-11.203576812083043,-18.987546877019184,-8.137448766955101,-13.964450708927572,-7.918000587171954,-15.737560165958866,-7.548544573340735,-14.79139963592629,-6.074441763311391,-12.323371688621856,-6.986988524981198,-13.623002497379169,-6.218534846515206,-14.965313937408176,-9.015539990206358,-17.085095572184596,-10.903627516717231,-17.09156510625882,-8.497825438381312,-15.103637850270635,-8.407628581396294,-15.346724009837232,-6.1518904502400265,-11.995222668037034,-8.365063762695877,-14.30720557049803,-4.6755014037597,-14.13820580290241,-6.146243048774016,-15.629625855666433,-8.010941387538729,-15.854175930656115
197,-10.213458986731798,-16.456591506911938,-7.774422157454626,-13.791219992563779,-8.005055592121254,-12.735094474742318,-8.181544143829418,-12.909875561254944,-7.123631710698104,-12.358160509742767,-5.277802469762623,-13.865119655270696,-6.778862379746568,-15.02592694419375,-7.981284438871149,-15.593163462834989,-8.028094703312195,-15.647661362007959,-6.992395958591762,-14.863984538850723,-8.439981635381798,-15.793394612715058,-6.006959149693376,-14.167249785588442,-8.382245003257182,-15.093852971122807,-6.911323238632231,-14.273160125859963,-8.630135037373984,-14.46883691862914,-8.544198429448663,-13.881545155168569
198,-8.635030515955606,-17.868728784153934,-8.509760047743066,-15.365923262303188,-7.218168125346022,-14.847696959943695,-8.977947226706819,-14.132460038975495,-7.9170733753251445,-12.85218991648769,-7.009893382167009,-13.68627628445295,-7.7999991119393774,-14.396730740998546,-8.318360190070077,-15.619791450887933,-8.005240916166569,-15.782621429992181,-7.12238256615014,-17.905562830796914,-8.49074143091465,-15.141995200735606,-6.006058466539562,-12.74806818735465,-7.6448014639792845,-15.774245632472573,-5.650624772146879,-13.438459291102758,-6.255042923783445,-13.631223288466385,-8.002006978655771,-13.682238989917304
199,-8.02518089963704,-14.563078186966397,-6.363280299650128,-12.261696913845924,-5.829803291598016,-12.915033215388567,-8.292290449863378,-15.735001908217392,-5.044924394306061,-13.683018598631179,-8.159748412078384,-14.583061711665913,-7.882723229435337,-14.353920625530002,-9.079374261934822,-15.932778622465243,-8.857223380754002,-16.3786579799065,-7.361275647958657,-14.380754832701461,-7.7659142146044635,-14.70697133013337,-5.77805366237036,-13.195420236076467,-5.421396668339571,-13.553313496579966,-5.407734893681293,-12.623249678358581,-4.1394220730205324,-13.23740170962392,-3.970421978437713,-11.499450032349106
200,-4.351136874937683,-10.456564871398902,-3.9669470343449547,-10.027943584120134,-2.950852429780133,-10.721123312167881,-2.2135027284027786,-11.292663949833134,-3.4854519290465555,-11.779709980100343,-3.3502002176036143,-11.04193406895953,-3.8777202204061503,-10.557356688086582,-5.058775882434946,-11.052326617231468,-3.728985204136394,-12.63469714550397,-4.005084726182519,-10.935128295546356,-3.690513649036522,-12.673513484921061,-3.631728664353014,-11.543806335765261,-4.854875274419629,-11.787801178470085,-5.168551126224175,-12.294686842888058,-3.970561876173162,-13.40446063495499,-5.423933849930934,-14.439426854167834
201,-6.940000826025403,-14.691567344953295,-5.226399823630016,-11.75173558601881,-5.665537761766664,-10.853047690877741,-3.955429287408228,-11.399608538275682,-6.007940714078023,-12.812790674952328,-6.529156529899563,-13.518172160629087,-6.849428892368118,-12.146749509043751,-6.45928030596937,-13.01372191912012,-8.071723292741579,-15.066938836194337,-6.3643334989026465,-14.010255237743308,-8.77267441594312,-16.19248844592271,-6.468084378796714,-14.434158492462782,-8.382651763472325,-15.984256989037313,-8.473412588408456,-16.557804276925253,-9.057531712344487,-16.692888205753235,-8.862335079406694,-16.265551048009346
202,-9.767948570665038,-16.209615559376452,-6.3957986546816805,-12.653132681762624,-6.3979957068340045,-11.92234034668612,-8.509538351305132,-15.062691139077376,-4.635726029011113,-16.0391855020319,-9.047655033255225,-16.67752420974575,-8.662603776256827,-15.575347349629684,-8.5788839262768,-17.18274332556229,-8.242713973728522,-15.394643424339808,-8.151618431215494,-15.917535781979739,-8.651995153706235,-16.697404457045902,-8.80615651591312,-16.820999938788646,-8.190971558139028,-15.180539010612149,-7.253731573521134,-12.187220201561285,-9.669946446557704,-17.845725034907083,-7.680845547134694,-15.860761944452204
203,-8.733872860659753,-15.540958871838995,-5.008639178850409,-12.839010480671746,-6.980629199663321,-12.555283587198254,-8.424042368160618,-14.05456136736306,-5.8036658904142335,-15.423930398022064,-9.734266933402592,-15.402760155027725,-7.6961343756908125,-15.820239129067687,-9.239901018309126,-15.139467430730637,-9.302677120347843,-15.750572235472548,-7.301168458059065,-16.16194003056617,-7.666991440008615,-15.267641121525921,-7.785177740049449,-15.76345289905754,-7.1240683276038155,-15.736409689885589,-5.930309664403326,-13.51567954595313,-8.276195029631381,-16.414253667116213,-7.901109764809946,-13.098301143504308
204,-7.9408475158802085,-14.080077143433412,-5.208638366667239,-11.375106678534062,-6.295550192724287,-11.80212352579142,-5.990335760236718,-12.18317291486634,-4.888310166534785,-13.036288544150146,-7.425206116416311,-15.520820847246599,-7.3306803633425135,-15.023315285649035,-8.172650314358037,-15.097492387674745,-8.626845511510368,-16.311447536285698,-7.437132992023838,-14.671914225942615,-6.524731484094104,-14.590448603066385,-5.25107563623616,-12.636861582288237,-6.195673157012365,-13.91732035917073,-4.628836917759288,-12.305824695247129,-4.5871837142695675,-12.49182156090786,-5.0623469076154315,-12.874657851677384
205,-4.177625440852376,-9.229757437338518,-3.570036366371086,-10.619865199954084,-3.619848961289727,-9.939365138906549,-2.831037817080598,-9.957141752630625,-3.332535878376295,-10.611383105824114,-4.070655895073491,-11.320812134174059,-4.6900531052582535,-10.67625017083012,-3.7004899399031532,-11.31786739052362,-6.506337127536684,-12.739865682866881,-5.360515051060535,-11.82313357596155,-7.605962541238366,-15.269612095398939,-4.363746786907185,-13.637992392336944,-7.249897441389378,-14.38323048186395,-7.0261340254011815,-15.376361195869254,-6.069256064920101,-15.637282440949305,-7.232663208257724,-14.119455869320065
206,-6.758944085023612,-12.707029011389574,-5.93249385539232,-12.991349926324823,-5.315609722849151,-11.663010738226964,-5.659634734839472,-12.784109762314069,-6.168109647407686,-12.118282645174352,-5.759020598099457,-12.255396917472632,-6.097185787525503,-12.695288446358557,-6.715110783423825,-12.592838579077721,-6.3713211322373855,-13.055191476429691,-5.727306471602695,-12.579579351760422,-8.436849365221788,-13.935144492130139,-5.746112706333379,-12.53675665501458,-10.57320399079327,-17.036189479865804,-9.917151019974488,-18.157662060413774,-9.870308114874906,-17.891631104731296,-9.548807878529427,-17.705496515734488
207,-7.068512571240636,-13.804756562096266,-6.380131074657634,-12.256208699464059,-7.3051418524937075,-13.044764712190105,-5.758901079697875,-12.354673744940069,-5.645494664792138,-13.564236558210514,-6.7010907617739734,-15.727452758251976,-6.486873100236593,-13.903142025885224,-7.500973089083217,-16.098150392267378,-8.88517972992579,-16.386353146325742,-7.4123335405878175,-16.438207524807574,-7.103603396002102,-14.020408101901968,-5.32800917476115,-12.522546330996464,-7.870174867081198,-15.728812042901739,-6.375045947431893,-14.283990794285224,-8.86955828690141,-15.453160798864127,-6.526478570583977,-14.13145328330683
208,-10.3650067106685,-13.800105965709994,-6.939001250144122,-11.962719131340835,-6.380590292592956,-13.047091773674122,-6.867149872526329,-13.844180683556557,-6.8388213493041,-13.08535492709231,-3.8329612240208815,-13.250632914527735,-4.9342798475293375,-12.836998934404185,-7.286768161247592,-13.884231631798105,-8.7158272331358,-13.573771875934948,-6.26639681641413,-12.351104943367321,-7.9203534887016644,-13.401645850395544,-5.958583437829443,-13.129986169687193,-6.612574950360189,-14.394655499562514,-7.193791412815175,-13.57734491631332,-6.842025022901671,-14.231215996721176,-5.510466154235553,-13.292777558345453
209,-7.338313461834436,-13.23059988265043,-7.223086168343943,-11.324999794602967,-6.46629590851313,-9.730789352543386,-5.581765105946558,-13.798302065930057,-7.329478749908884,-11.452379094928393,-6.05661424305715,-11.174521312245924,-6.35465830062622,-10.541545476984247,-5.582210379205884,-11.856079998635284,-7.138244316908922,-13.20177910493085,-6.697301512520801,-12.44202914762212,-9.558943898659786,-12.67795696295039,-8.209251753332826,-12.227728156661087,-10.49152887276314,-16.98880485246532,-8.28710015039684,-16.392254665911604,-9.333145663305075,-16.524041166848935,-10.644750852072292,-16.372443605356427
210,-7.69581276481307,-14.809416896351781,-5.775004671526091,-10.902716310109637,-6.334687983528133,-12.547095915065212,-5.12337552304269,-14.34234647868899,-5.86153850953453,-14.040881018897784,-5.211908386613899,-13.779168623572527,-7.482635081042121,-13.071496665203842,-7.080711142664632,-14.497676369731849,-7.5752857630491395,-16.13997846861236,-8.171312955360925,-14.983717745149994,-5.660060880973403,-15.049453683350594,-5.289440095827006,-13.886839008403678,-7.454513605143402,-15.542423764339384,-4.228993031590004,-16.21019558712828,-9.488344244417814,-16.425344939010536,-10.8683631161811,-16.471830293147136
211,-7.857221979638464,-14.01148560107358,-5.20176132575121,-12.509988889023829,-4.947182693760684,-13.625056065620749,-7.770253821382392,-14.549858720156863,-4.951010155636352,-11.55444779277137,-5.7244905573974245,-10.142119421959894,-6.339588840409061,-11.687809855315416,-5.911266280870455,-12.361641437638891,-6.3441332782698465,-13.061523120372405,-5.184961434414822,-13.217503898365216,-7.709775493195009,-11.74028517250611,-4.462445646292812,-12.973632315181614,-7.34942240162567,-13.87445524000308,-6.560120957670511,-13.614107163045766,-7.95440335110703,-13.59199435624885,-6.768768892747813,-13.727516874242534
212,-8.086862479852444,-15.663336288577469,-6.612235017991027,-13.658406716559139,-6.51082512523212,-12.662869777056185,-6.523942080591011,-12.690012464507749,-4.349454758433383,-12.712200375744578,-7.411503460644047,-14.57354828111413,-7.867366205346178,-13.966666801761553,-7.794715355869202,-16.786438421590496,-8.717925280738172,-15.299201916219769,-6.373005693940708,-14.166211721850521,-7.3981478079558896,-14.085649206210451,-6.046695920155156,-13.447877597404517,-8.519940783467765,-15.586855195106466,-5.057087955610014,-14.21183184774983,-6.296477224502194,-16.25725086133872,-3.904590453490359,-14.719812649069567
213,-2.4565722426621575,-11.015994894886873,-4.15379967713475,-10.714230230094666,-3.8924956283790024,-9.929716715992281,-2.6890468292399143,-10.082032440684987,-2.3462081643716726,-11.326384891167198,-3.4300453164808364,-11.240587012761482,-2.925905337263197,-10.188926807599447,-4.046069375816655,-10.749304607393055,-4.148894370067511,-9.998225060474773,-3.397578026641655,-10.571301729513912,-7.189706499667453,-15.328369807596564,-5.665115970358193,-14.064825408543172,-8.821386906041218,-16.34162359395729,-9.284617616652524,-16.43940755515366,-9.641378999138544,-15.90672277199894,-6.737889767027672,-16.488268552970982
214,-8.5075888239327,-15.776351813964682,-5.262653709416653,-11.805015560276534,-5.957153868380347,-12.468844534818954,-6.550419577654239,-13.534038227815966,-4.693396446730747,-12.896920692638933,-7.406177619349178,-14.425657897541196,-8.311789548980755,-14.450737749590667,-8.19998413858067,-14.68480771453924,-8.60774043429489,-15.107199118900873,-7.232542540730104,-14.348613653605097,-8.643003149169072,-15.359963216916197,-5.7531665634306535,-12.494185463168535,-6.5714249892980225,-14.539557528449903,-8.208715997937997,-13.681811289488024,-7.569028392929963,-13.002230676617735,-7.240579730747506,-13.631890862835087
215,-8.226328260326275,-15.171211428053482,-5.421487607727677,-11.432430800587106,-6.568928295964678,-12.123368933092888,-5.766218585550017,-12.38580990948098,-4.6929905773517175,-11.793142959869842,-9.083503857756853,-14.78233177820593,-8.207942651868844,-14.342560699039488,-8.47431884350086,-15.204985048288783,-7.5459299521859835,-16.080470294214123,-6.995075349326615,-16.02434200530204,-9.350224773914368,-15.162459231518277,-5.079404089179552,-13.215248346379077,-6.2673374571639755,-14.734871308548506,-8.617837718702186,-12.904416039721706,-5.1813201185047095,-14.200712301622033,-7.235004021545058,-14.026681754432044
216,-2.8886048891125164,-9.876001325871503,-3.006364241355186,-9.193140984130297,-3.5239533063688837,-9.450862522832766,-3.11738645675701,-9.463778930055494,-2.844460199421439,-9.285609239015178,-3.1982687807118366,-9.761165095708012,-2.814745242923578,-9.766763462945471,-2.798276780402515,-10.33219247525144,-4.20577967679914,-10.524611696613452,-2.9995821555112006,-10.362988324715197,-8.149608259759072,-15.811981284188246,-7.252249074151042,-14.8387418142973,-7.555022720355126,-15.758736415286382,-9.234384843995077,-17.47572071274854,-9.340023942346178,-17.031196015467234,-8.278145957567437,-15.780171388630805
217,-9.425518322454595,-15.918130448721188,-7.341769830628167,-13.777524339260827,-6.62832947476152,-13.97006173098581,-6.557775993292173,-12.84496508144051,-6.978066406599584,-13.502340453106068,-7.014742036594919,-12.913109734748097,-6.75778949304938,-13.091325583365354,-8.015457897087773,-13.676278252218765,-8.14433032906815,-14.474112333458773,-7.214412892768701,-13.860975637214283,-9.192124528776521,-15.593340998683807,-8.204076189417423,-15.231334953680165,-10.473266735584543,-15.862990325982548,-10.821823165987059,-15.516012878382634,-10.460304996303373,-16.61919963374736,-10.579291677274561,-16.59961023528229
218,-2.710213063220797,-9.575780986772592,-1.9888737063621618,-9.140409911682273,-3.7783453175240647,-9.035375301920297,-2.4299799388180645,-9.282580680086195,-3.546937306008334,-10.472519660864876,-3.831809738140895,-9.204717446989099,-2.0839251729597104,-9.409415326354662,-4.626563822455714,-10.304721808095763,-3.854420283978295,-11.100602965786539,-3.190350095296469,-11.036102056452389,-9.063413304996947,-15.998649295127326,-9.399320720705791,-15.600690084520156,-6.6026634171179435,-16.478921496563753,-10.205556928969344,-17.455825899714014,-8.864669765308763,-16.50524551016992,-6.282824615997017,-12.773106641116556
219,-3.6368383304394585,-10.50950790991311,-2.668772939156704,-8.411087211009505,-3.523262950363462,-9.582172712167404,-2.2732592252007393,-9.863814467120593,-3.252429873837869,-10.39225520765566,-3.1076169385046915,-9.340054973362971,-3.6248186928748587,-10.989295369493227,-3.773153420560526,-12.530869240997193,-4.389516834590401,-12.89116542406407,-3.72699121928585,-11.673840894839849,-7.572130730460972,-15.101555536817362,-8.337956404571894,-13.745831392686945,-6.544648231987455,-15.414135700863001,-8.950980287600332,-15.510011011339685,-8.641655420879829,-15.827864310764706,-7.198180340006644,-14.45616096710765
220,-7.643186142439472,-16.625061891556168,-7.317773451469223,-15.216003328124454,-7.0187124246016985,-12.073545313906282,-6.078615842883135,-12.138779770840316,-3.8266921804445797,-12.215595748274774,-7.883111851509238,-14.643039686138286,-8.413573989041943,-15.353959668351727,-8.901007350858691,-17.183278993837686,-9.222700824103772,-16.40629410934432,-7.695726874817911,-16.651622193369036,-5.62592283575116,-14.727034567524518,-6.883090094600238,-14.268680432468734,-4.557370282300565,-15.278531391600595,-7.612747643596649,-15.371704112916774,-8.162644445864665,-15.697131324818603,-7.519774102420342,-14.919056365142954
221,-8.70875952099244,-18.382983817824005,-6.085593788581022,-14.105401327285275,-5.961389557518519,-12.940689734109661,-8.03288041503812,-12.550622412459678,-5.365977916012539,-12.887133150278894,-5.141737568894228,-16.35166521395822,-8.629449509279409,-17.209379067996146,-8.179009108290632,-16.182750073866647,-8.634526150367117,-16.666226977418187,-7.6289068836904566,-16.03605959844391,-8.621769433007763,-14.379029509622567,-4.802049941602727,-13.093396146745205,-6.528409679564754,-13.044963973048393,-6.179671925948032,-14.10100989042773,-6.457685530931224,-14.916495247785164,-7.503406618817911,-13.846570793042936
222,-7.1899370837715315,-16.15541543081261,-6.994102906398711,-13.504925784195954,-5.863632579914615,-12.20920345743252,-8.426620102731642,-12.97982726622887,-4.354063759109707,-14.226754014087986,-6.854109930748578,-14.23496570179347,-8.62982419655085,-14.99213549539246,-8.995041316411545,-17.45506101082878,-7.099251294485629,-15.624021059712351,-8.088708456830643,-16.21614832756237,-7.400361969384451,-14.725328890125791,-3.5948527691919425,-12.605395873457548,-5.918078730450657,-13.336038177388577,-5.616278685261769,-13.810299296623594,-4.670817890515289,-12.218162994259362,-5.0522060235596715,-13.844536430449754
223,-8.679533806901393,-16.744247631404985,-7.203445496664765,-14.791109673750123,-7.6027560296582415,-12.934983242351501,-8.003972452044565,-12.965593123146013,-5.521017880535513,-13.204657363773812,-6.837330756756447,-16.577452751642937,-9.358301883701506,-15.236060726767391,-10.880033198958955,-18.237231555516654,-8.761819511295254,-17.8641460485665,-8.582934035576612,-16.18774865023012,-7.909150328070186,-15.800042801223636,-5.717844253864408,-13.607458960814501,-7.081543707012919,-15.047513751429056,-5.828625317570221,-14.55760484076369,-4.444888592706727,-13.227968019925747,-4.623020035877879,-13.479004730812076
224,-8.268207010868288,-17.660553868116807,-7.625127141696961,-15.752764982097471,-5.115426470301312,-13.343452914731216,-7.379871322157968,-10.791239304661456,-3.669261892903144,-12.738466389398567,-7.543581481152074,-17.350559235697908,-9.211166355182561,-15.049732789428747,-10.061237158596803,-16.955425530069498,-9.628242828814228,-18.785905899228055,-9.589477119532235,-18.00815186618413,-10.146281350903761,-17.54495661213275,-6.365440035224733,-16.153774499615942,-7.9285219740076585,-16.7016177106371,-7.037128488168568,-15.757762700852433,-7.058471061178838,-16.0139066720289,-6.919163859830655,-13.594230759348239
225,-9.46206793663949,-18.276707416106024,-11.335008501414833,-18.35092687781851,-8.497307170072196,-14.495472603594399,-7.250514936927629,-13.473165627050804,-4.846295010428914,-11.905233969148314,-8.376924079177718,-15.871146627895353,-9.765911571289202,-17.517098416154045,-9.139301225478349,-17.84541327317997,-9.695037666592897,-18.130691362129927,-9.254168338697111,-18.694319834714584,-11.359456926331834,-18.003664294657817,-7.974231646429129,-19.201100330129893,-10.898997800477117,-18.473643400117442,-6.880210318782218,-16.778385150987205,-8.829816024240497,-16.91120085663509,-7.287610016954478,-16.296248097100857
226,-8.907449992313532,-15.784461243338445,-7.055950058907033,-14.294154026456098,-6.323201730484752,-13.005855710819654,-6.548241591291576,-12.406704041356654,-5.0015785970254765,-11.72540959592837,-6.411475473933949,-14.342735885417863,-8.040254008140653,-15.440450640493218,-8.508676832960102,-15.761489408593977,-8.552646777074441,-15.33639920393085,-7.610083310498247,-15.071634633791838,-8.164919447246028,-16.179118477345117,-5.696411199343729,-16.17220121952505,-7.3313575162327504,-15.742763355435956,-7.473190090725791,-15.670786073919587,-6.302907775973239,-16.527968220503936,-6.478472212374365,-14.224309557836738
227,-8.780043415831184,-14.04420340628678,-6.650720309354577,-13.581113028067652,-7.134108601853564,-13.224652395017433,-7.384949478165575,-13.560077242138046,-6.515203390906539,-13.753586267834919,-7.952513218098433,-14.580987275853502,-8.411641027657954,-14.90146430418432,-9.543764165653656,-16.493954134056033,-9.659046832958373,-16.467014540747343,-6.509910186174319,-11.998166083259893,-7.72508761987408,-14.191202765185494,-6.50835170987003,-13.402737299201092,-7.8977996234884,-16.034875820226336,-7.396178911343489,-14.791838220299063,-6.181064065715198,-13.714611685426545,-5.373147145148486,-12.874125993740416
228,-7.7993444560294325,-16.761552138170707,-8.826458512058633,-16.648342023951027,-8.689481154544064,-16.418826974730592,-8.07251178131628,-13.279205695538078,-6.461929633017851,-12.701145726206736,-8.028627077829679,-14.533018898152697,-6.653483836374185,-13.545705466880946,-9.102142400953454,-16.31459238176532,-10.256404376601647,-16.925747148611595,-9.55283597754509,-15.844295945547689,-6.353237614297208,-15.239880437105967,-8.562182041992525,-15.06201266484916,-7.359414705936725,-16.396219955643435,-8.375778820099768,-15.287725075307785,-6.278797401388343,-14.940177142775878,-7.938281604568282,-14.707043769261167
229,-10.18805755503376,-15.87249535562089,-8.374216821747927,-14.010905238202868,-7.624846554069013,-13.22513637064943,-7.8011498884149955,-13.180210253458945,-6.94721632098501,-13.029669111493217,-7.321493562921909,-14.881967164395157,-7.88981774943665,-14.861618138459004,-8.845091036317047,-15.619472579872733,-10.35963165414689,-16.872439755107496,-8.166061775094942,-14.296418510615592,-9.459127200717052,-16.249081282791682,-7.663472828705483,-16.129448472577486,-10.574232720559264,-18.13415471229234,-8.757613877268925,-16.617964772530346,-10.010866490570749,-17.457927796221597,-7.663480742937011,-16.215204847236826
230,-2.79949778905161,-9.896292844149295,-2.1469388683404658,-9.29803376282612,-2.2245875265569937,-8.568645559810314,-2.3704824396102078,-8.58536451874856,-2.4021973156404526,-9.474157147146977,-2.6244591942455315,-9.872824051212811,-2.2850855306662714,-9.863296754575071,-2.5597159363980406,-10.122721814142945,-4.306860613752616,-11.350727248612822,-4.627396298773286,-11.965795714130934,-6.292974659677951,-13.027446281709958,-4.483688641283487,-11.655098821839973,-7.969367708644595,-14.511181781933908,-8.894258784973788,-16.48996037941711,-10.17198938920274,-18.772740874340737,-8.758314966849204,-16.73576802302182
231,0.10096310206914207,-15.4868805695628,4.301402418947305,-12.143059193028755,4.252333895815708,-11.455645351512285,-1.2140859199544802,-12.891388433892264,4.0784930399865695,-12.887529327325467,4.390482559130603,-13.30667303803878,4.296320972641718,-13.124947462883194,-1.0848126951841355,-14.72236543480278,-1.0760893737856116,-14.949303443291894,-1.5096893138866787,-13.997762531699694,-0.1672733607119799,-16.849630246996625,0.002036184454856914,-14.019950517820039,-0.5387412802129877,-16.290576504850335,-0.5661443299526459,-16.050078809152886,-0.5007853791270325,-15.766014074456345,-0.08842846373634589,-15.688032917653814
232,-7.682126843412933,-14.868042279401632,-6.9124354426757275,-13.972065285990318,-5.67643003358885,-13.907359427309265,-7.031203631798305,-11.711385095414657,-5.858610593799758,-15.742427694787931,-6.910239264202439,-13.558209295093524,-6.577377986094351,-11.864499716136125,-8.943390699400505,-15.396831877439354,-8.59414781421837,-14.689782355622265,-8.4743936090338,-13.880542933942037,-8.067546403483059,-14.556838196408863,-8.395665086725398,-12.052218771945192,-8.239209398296216,-13.678458803019938,-8.599158571335515,-15.552955033765848,-8.709208450252191,-14.790346635695766,-7.945739458539754,-14.461301012557685
233,-7.261949048836582,-13.796547287826673,-5.564434215886303,-13.993925174229586,-6.858252296850569,-14.442680308221846,-7.136211048601437,-13.029619597133031,-4.902737744747435,-12.034966744580554,-6.837921026537109,-15.514447251434746,-7.267818860465001,-14.972238378012285,-9.628675192704746,-15.54971845829894,-9.773669308039754,-15.859000895173839,-7.856647372705763,-15.315887745670489,-8.74585670231793,-15.071141735928466,-6.651160134709675,-13.295548845249979,-8.563290508437554,-15.510748875122655,-8.446918439059882,-14.952947724642616,-7.889855452679151,-15.72856305459853,-7.988371405525036,-14.955081104473697
234,-8.227639798919542,-14.537482055806217,-4.738982825338014,-13.100792792853614,-7.7130035625516244,-12.235232473516662,-7.14810755648482,-12.395563556233524,-6.407521124122275,-12.62074292712779,-4.8358793835285105,-14.566270525645589,-6.103923441218125,-14.315944094287861,-8.763164202123885,-15.661661062030532,-8.690377849090483,-17.222733462841113,-8.358921040820173,-14.845208717684542,-9.217967882054971,-17.408084376491587,-5.66070854299955,-14.409032463382472,-8.019798410257408,-16.46039204965762,-5.565198369139007,-13.744580230255472,-5.751157205574979,-14.270669646284933,-6.737928836869282,-14.160912824178142
235,-2.9087373968365733,-9.289907780578377,-2.5991749616422815,-8.328427408160197,-2.7465911619465224,-8.757512942602917,-1.534469479067731,-9.332261325318958,-2.9287172995995143,-9.927057758579673,-3.2547655336412653,-10.846481859219924,-3.731902543191355,-10.0189216709129,-4.950134519965942,-12.125725701661258,-7.499403924170247,-14.927376268217014,-8.075227539724114,-14.52276517973679,-9.217046518680203,-16.426888209342717,-5.533508291175425,-13.589120573042068,-9.179429023238736,-16.794281810885995,-8.086704825745112,-16.122595442700913,-7.385792514345484,-16.013438776583897,-6.918331830717355,-13.51898988770233
236,-10.29160270624153,-15.32287413907673,-8.542293695090015,-13.29169110188836,-6.423634166497408,-12.122984998536122,-7.150592087924043,-13.026563614803548,-5.281524185405855,-12.075585277305876,-7.484734524365987,-15.340089598380775,-9.15133966039514,-14.343381631094047,-9.455029248275302,-15.957733281609588,-9.868325615730907,-16.806727872641126,-8.02183482250258,-15.344395108895487,-9.384944361467479,-16.455731460350695,-6.593589584035751,-13.069397658681783,-6.5935918916267,-14.213015849239348,-5.976888931737631,-13.70088783951988,-5.791426536028813,-13.607923459442082,-5.478358413517338,-13.01675816651797
237,-10.097647352773869,-18.238274362910424,-8.158759884249635,-12.645887488881142,-5.848842248345708,-12.309607625856716,-7.79339332092632,-12.375709304470101,-6.320350318031538,-12.805153063313877,-8.748152850707724,-15.117256901155159,-8.015674043412828,-13.614627291225503,-10.167351315823666,-15.902106268871298,-10.39061524751757,-16.891226827794913,-9.068834501387151,-15.406248578863622,-9.792348977564952,-16.866850563550674,-7.644200369248152,-13.019598433441718,-10.216989201462132,-15.444937970963919,-6.829720502986222,-13.815382950510225,-9.434255152004807,-15.876725326374434,-9.378443129848652,-15.419441084237842
238,-7.714528697346276,-13.746095977823224,-6.322303712563665,-12.093510825699331,-5.538665440141654,-13.169780809163214,-4.623654717379033,-12.700219121283956,-6.492839947749242,-12.935264661534198,-8.000830007774384,-13.096471096004203,-9.797846765771233,-12.969549611763894,-8.210308098999416,-13.52074733611322,-10.811182549713617,-15.215502925240296,-6.347198870968672,-13.668918216096898,-10.119520495218616,-14.793220996077626,-5.957071117591633,-11.959460642608608,-8.206189373596493,-14.10636750721623,-7.613670432745497,-14.680971896494295,-8.23485202179954,-14.549458153011374,-6.7842122987558025,-14.491615157750807
239,-9.483284294469827,-17.203240669898676,-8.232430459803872,-14.711443469097594,-7.170763166161667,-15.854851846571451,-7.713260085533423,-14.334891927538951,-5.893846428502311,-14.022494458961205,-7.890944588937914,-17.093233835156234,-8.67731552467669,-14.371541573918789,-10.558112533241818,-16.131701007422706,-9.045415711696776,-16.876059686611296,-6.642895825004469,-14.970320283466283,-5.57747759000825,-15.128576552236028,-5.40871400079428,-11.669601936519658,-5.383908130126893,-12.336830141074111,-7.4945625835973715,-14.042855892280425,-6.3872332316230604,-12.255598410805678,-5.836800396184412,-14.081459141611603
240,-9.346421603775285,-15.371278791090823,-8.050502398426524,-14.217303756580922,-6.532610694171294,-12.015566494350962,-8.092743344416135,-13.065919026722817,-7.037651695612826,-12.734188850651929,-6.493801696464889,-13.122607327098919,-5.534790559957284,-12.190303251066679,-7.7711268233631685,-14.944920980183177,-9.279192200749428,-14.861911957608424,-7.6620723844065255,-13.896657762533607,-8.74244572507458,-15.10654673464394,-7.781984609659974,-12.482199500687292,-8.022676735486584,-14.921156401499163,-9.47282670400207,-16.189338674906796,-9.71775359646071,-15.848723332399757,-9.32615603127886,-14.928608823847302
241,-7.92443864418826,-15.976878926633304,-5.923464648173225,-12.647067226676134,-6.176119676862434,-11.625363248076896,-8.724891973949578,-14.307084325768455,-4.696776378996418,-13.768413574780523,-6.895479717862472,-14.998410955105367,-8.324583497208264,-14.983228656963979,-7.903709758901765,-16.507806912690423,-8.050009259182554,-15.930558542806839,-6.773214519566587,-12.823970095692685,-9.464764389972695,-16.322774884955454,-8.183287747604426,-15.698459945001533,-7.167757199269694,-15.78086651145889,-8.583555697687741,-16.47370943306177,-7.5715661919801995,-15.429057769149344,-7.652663324126376,-15.339063438295561
242,-7.835016102058562,-14.664025442965285,-6.95432681541973,-11.604646782143522,-7.100006744110951,-14.059245884531194,-6.520893305179518,-12.185384343474361,-4.806314963943904,-13.907109829964117,-6.5046568267853475,-13.655952136876948,-6.821849369882688,-12.254669258335198,-7.758780851667153,-13.310902957678852,-9.681141222051352,-13.575777083110804,-8.024931328078598,-14.945373713260759,-8.527595628800578,-14.130878381782813,-7.0906196550150185,-14.39075376507689,-7.065740716187116,-11.132156929818546,-7.672314437015433,-13.688737006897409,-7.7467556237155275,-15.715076221504189,-6.068050033750519,-12.77221922850416
243,-8.505148112701193,-15.31679764139772,-6.026736588509879,-11.908087808908917,-4.77701098866089,-9.878141134854175,-5.391189859568927,-12.13249803155388,-4.9588886134409025,-13.358422009144828,-7.4573236745452895,-13.007351375841079,-7.206656518415496,-13.834246438508057,-9.14567745057349,-15.085531932790987,-6.174263321339576,-14.744287314905511,-8.179058825485788,-13.179765921182732,-9.065982193126835,-16.00415069750592,-6.653595445462313,-13.307055263348616,-7.23683252043242,-15.52448240541062,-7.002646076836195,-12.421490236940798,-7.441144841472978,-13.327387437184361,-6.72276016747316,-14.027328552262253
244,-10.542203933624673,-14.916571283548542,-6.210187375405967,-11.56796434618419,-6.614019831343564,-11.289821249635619,-8.239641711502921,-11.679280676985147,-7.461166972821687,-12.879753780185514,-6.551110742113656,-13.871195156536448,-8.774012722054806,-15.382207369838499,-11.30068649620203,-16.54631414340554,-7.805688150635004,-16.743615731069443,-6.507687001318846,-12.530935863980616,-8.968379587386021,-15.963300708292605,-6.8025128017839345,-14.818337870076983,-8.215720537176015,-15.14516148947414,-7.255107397655417,-15.630695407637354,-6.99414694070918,-15.4299037421697,-5.107493481273567,-12.592634230128885
245,-8.809108703762739,-16.607962313803018,-7.213025234216445,-13.934002905935955,-7.715830863881142,-14.657478331370955,-7.075601522199536,-14.361824126256238,-4.837969354710428,-12.8566792749037,-9.213324909591863,-16.629441146585926,-9.793666267568348,-16.76560639343415,-10.777459565324111,-16.94488230143555,-8.648174385791304,-16.7975268281886,-7.083301068225843,-14.904108511363445,-9.06041917925996,-16.41958661308785,-8.05364198620431,-14.17943185259009,-7.93581041426622,-15.850612431355064,-7.147201987131702,-14.999414514312956,-5.857557262544464,-15.575630618822435,-4.539747900489517,-12.495340823285074
246,-3.237979791056059,-9.260520360952004,-3.467096501179219,-8.741513335961331,-3.775895896305204,-9.701857999629,-4.062849925582651,-10.142469391716173,-3.529102810238225,-10.201989006555053,-3.131373096993339,-9.463064173959165,-3.253998660594921,-10.864781790112946,-3.1797890081403097,-10.95037887076845,-3.5000523887334074,-9.907681726154358,-1.3936005781418426,-9.176440436394014,-2.2926506927426455,-10.206979860146498,-1.717485920449505,-9.604654965751955,-2.0572565300159127,-8.963078769532714,-2.2129658144387996,-8.879891942340786,-2.081735993647121,-10.007022582375587,-2.485094664513396,-9.244019541730719
247,-7.638021727113155,-13.562987484746628,-7.3402761920726824,-13.374308813028708,-5.4663133078383535,-12.699483542887295,-7.673124418631269,-12.615948622636209,-6.604015453946381,-13.317050362979291,-8.005252087795272,-15.708933235730793,-7.061202364208796,-13.448208118516087,-7.825226080947996,-15.585760098958437,-8.283422654727417,-14.160720674918625,-6.462419557473512,-13.587285897106188,-6.4191015463861305,-14.0070596335511,-6.553486651898136,-11.930981936349937,-7.2021340419552295,-13.928959085896045,-5.641982432827848,-14.36471883970571,-5.7862927826249555,-12.196451987966162,-4.64090673494793,-12.112950966103304
248,-3.042843826602484,-10.075401467537189,-3.9753202651710584,-9.336427321152524,-1.7422153591192588,-9.658862264639177,-3.3308974097118376,-9.625022988270294,-2.9947658512126614,-9.383806812587318,-1.2934607472807214,-9.370292320134034,-3.46128701730922,-9.505068260514104,-4.043027611441412,-10.746626965030416,-4.416690201220395,-12.236808648188322,-3.3838481180241926,-10.758184955486758,-5.159330722720329,-12.797031920700734,-4.156996951593288,-11.562628458170124,-6.6416676368160115,-13.523799766881783,-7.837214235144479,-14.173565066140979,-8.997753826462308,-14.932612925938606,-7.695523133288776,-14.902188761593212
249,-8.408779162196753,-15.224371955747154,-6.046494780285694,-11.592735973658169,-6.052741020003456,-10.732457998969227,-6.982908785767446,-11.44939862495804,-4.583491202064371,-13.489413868619806,-8.163559806492378,-15.593735106271717,-8.816680517974012,-14.490846470708023,-8.197227822422906,-17.650596710805274,-9.262285334098951,-17.38458802508609,-8.546184273462687,-15.148104186294821,-7.099144591116384,-13.550294391334884,-6.272579511502547,-11.356310029323652,-8.832214967388403,-14.751324832612253,-7.393834332092387,-15.136993082008445,-8.521977920904822,-15.536491169030608,-7.221125415578239,-16.70921144086648
250,-10.1261833428634,-16.59062693339591,-8.567587569366438,-15.207322621878724,-6.859386906446538,-12.25225531073326,-9.63578418427532,-12.81483121287666,-5.499539330311322,-13.82402021863166,-8.260411876961308,-15.102697406738377,-8.419705824672976,-13.872313631376208,-8.967856009252998,-16.434918948958476,-9.059711363556836,-17.524946814591768,-8.499314133351941,-13.81470197028531,-7.34408784713761,-15.024206901647037,-5.7232474390485075,-12.307806987440014,-7.53361889115131,-13.020700512925625,-7.775074596998264,-14.675352445422172,-8.005639400171967,-13.878902798212211,-6.272764032968823,-13.156311421848804
251,-8.305424249582845,-15.754233622458425,-5.911470984088522,-12.844393530925032,-6.065484350026852,-12.767956682442422,-7.532860461277918,-12.21023414134219,-4.886123098427955,-13.400161966850883,-6.827339376662228,-16.422907942147575,-9.043766999154386,-17.320766520405005,-9.277192349913882,-16.29261071221082,-8.83769326170247,-16.47850043867914,-6.983920800583222,-15.580892674937935,-8.623950524757863,-15.220065086065908,-6.458304809947616,-12.527825216055872,-4.744343062132217,-12.221355772156892,-7.549502099134102,-13.884949028595265,-5.799417972880576,-12.611334500083535,-5.677128128822106,-12.74309780242561
252,-7.097458044458451,-15.118406809520785,-5.6132643253739705,-12.714548326583483,-6.31008448691126,-12.01438380326935,-7.0086011177526855,-11.830109010914969,-4.64169151852083,-13.184963135950142,-5.622834092164572,-16.254110241305643,-7.020707791533547,-16.120208579106166,-8.831178588815956,-16.10158743621529,-8.420504805168044,-16.582381255556278,-6.156297188285035,-14.703450627200967,-7.83574900159305,-14.738040193838097,-4.809752653944136,-12.440817724793325,-6.31958755626378,-12.830585201553903,-6.8121294528525205,-13.565610844089214,-6.113533120044622,-14.412520549517483,-5.106857471891933,-12.562134246857735
253,-3.6028684558663526,-11.486293377731291,-2.081753567609284,-10.257968741183124,-3.599385106665864,-10.027764458206168,-2.831856865844156,-10.850264776222327,-2.8028432249645787,-10.788212712438066,-2.418971780503421,-10.20476217510549,-2.0526730380202522,-8.80433047693455,-3.2700750285698343,-10.150890956147997,-4.002123471061422,-9.872582889139482,-1.65135477204075,-10.180370291604266,-2.5837653539001066,-10.953195771481187,-1.6894505447009935,-10.680095932001086,-1.5107838703203782,-10.129166025655143,-2.094934487812617,-10.96901308332114,-2.6461214644329125,-10.06839513735828,-2.6559182101909746,-10.284697283823244
254,-8.748226854063942,-15.694316941421862,-7.183133916090842,-15.253860291840232,-7.267058347841698,-15.541633945100484,-7.805635038528083,-14.799513210309172,-5.614924960956764,-14.316276589180823,-5.738017970784169,-15.198284687530258,-7.312711387699703,-15.452173736516826,-8.313735325997815,-16.092473023680355,-8.591210091636851,-14.580917245937329,-4.335933226627752,-12.541475008121141,-6.159112759533878,-12.991086305873896,-4.708470594807296,-11.709190095661818,-4.786794653370629,-12.414034151276352,-5.635220998601601,-12.03422894604816,-4.652333721456038,-12.091650273517544,-5.267525086488574,-13.208568762612583
255,-8.779315048773958,-16.769195934020335,-7.88168034341039,-15.282293385357079,-8.31726561728287,-15.581795904500131,-9.591372018822646,-14.087393155777992,-4.970297030629306,-14.29131596985151,-10.512916979703617,-16.978770021451652,-9.754314112483899,-13.871991475401916,-9.00756373586207,-16.228126532888044,-10.367600430229915,-16.896438331853126,-10.133050026730967,-17.23343051181785,-5.538551267490974,-15.243295878538998,-5.688106822449566,-15.126837361407928,-8.096379816079107,-17.304875929008084,-6.6010277070535395,-16.281806891201846,-8.926324851297418,-15.545419505719046,-11.842259439706499,-17.404994212001437
256,-7.662475131022395,-13.978140301563434,-6.370597678394016,-10.986186896395004,-5.809963576171012,-12.439456339116774,-7.059010395154618,-13.777123763506307,-6.436741215710989,-14.163140690512359,-8.25697757263297,-13.950290038424864,-7.407933307658419,-14.352185584776915,-8.092006635251142,-14.569530412668616,-8.49537700574028,-14.564138475938833,-7.794682442315387,-15.206219399717934,-7.189025595674657,-16.26270327293871,-7.229518620127334,-15.064624415701243,-8.838590972071987,-16.55557402913845,-8.855752870846935,-14.170098411173015,-9.76809579513061,-15.756391029811896,-7.991948973903923,-16.62783821962224
257,-8.687972844868018,-15.635193744747738,-3.889916596445038,-14.0098436389755,-4.163060306635008,-16.02480453998129,-5.978445533684016,-13.36183424768581,-5.642771451303821,-13.805324298444635,-7.845244415671502,-13.223957466703794,-7.053657554786751,-13.376981890106645,-6.293536875374307,-16.05217844698088,-8.67303149002955,-13.938470449332222,-7.666339833627704,-14.223693691578902,-7.01495231302534,-16.921103690860907,-5.846856192362845,-13.210870515230045,-7.470163364758008,-14.561245263765558,-5.772025179297965,-14.482392138914449,-8.15613864011246,-15.846343214738866,-8.182269310355066,-16.243278681586894
258,-8.151002739769037,-14.53679358132131,-6.399665445292959,-13.036566735580706,-6.100033807675837,-14.223035857959129,-6.255394792923427,-14.745343598560119,-5.390417375314529,-14.838927666257128,-8.573624607934692,-15.387412208944225,-8.865422200993484,-13.913647560451679,-10.528200563144829,-16.85584777659222,-9.044278308607938,-17.182330078206935,-5.495357366004096,-17.49389628213244,-5.173735800093542,-17.26520470756399,-4.6808604733605295,-15.150143787403126,-5.262433104878841,-14.129104962739392,-5.193074947730807,-16.092113515288013,-7.660969497109965,-18.02049007381079,-7.908400411979926,-17.063157112075082
259,-9.129349256589283,-15.391791227816745,-5.352549644824219,-14.3361538167743,-7.427039813897617,-13.547762681827527,-6.9440954207999575,-14.6809076428554,-4.906274347547494,-12.739380525057387,-7.395374165516843,-15.758477996584618,-8.883970489338594,-15.622999847196851,-7.6457674181154704,-15.992805956314244,-9.034113847509309,-15.286609250788539,-7.7950112238120735,-14.405647913893088,-9.36451271820658,-16.031166862716386,-7.129932390339821,-14.940444414473726,-8.540515652292983,-15.954722588610728,-6.61794398873269,-14.530546500501476,-6.748738494397628,-13.272219408061286,-5.23119678231156,-13.829641372806927
260,-10.103239895208983,-17.10696934320478,-8.580793485911538,-15.062911940153532,-7.030703220443374,-13.7903658973453,-7.7156323599813295,-12.876188640135107,-5.507501089546992,-13.017606586500783,-8.58655662111095,-15.389761279655843,-9.302729064580756,-16.13417525245282,-10.360774775834704,-16.381490387774218,-10.212125346702214,-16.546789597953616,-8.24072242573044,-15.18966568484877,-8.276116907885115,-14.572790378266927,-5.924755179571991,-12.834411604402423,-6.938070450616008,-14.48491846855763,-6.311864726085564,-13.779317583571032,-4.581135860629553,-12.752137807522601,-5.817271329871174,-12.911659803982829
261,-10.005199465984765,-17.928631432280604,-8.39476784146771,-15.416957449468743,-7.37243353852421,-15.69360285978924,-9.37159307739499,-16.424780837963496,-5.837264729999493,-13.363619416365234,-8.984724176890017,-14.81182587954946,-8.389897756018069,-15.737501771984476,-8.353847494698265,-16.108555462050976,-8.548479873053296,-16.09465674128017,-5.858568878654449,-14.49210980911148,-6.943323514221654,-14.78606457572591,-5.190349655776238,-12.32915453746087,-3.788923126250958,-12.537096130350703,-4.074443215848499,-12.66670422411853,-4.060103154865323,-11.935450073302716,-3.770277258627745,-11.717413688963838
262,-9.421394049937678,-17.405068149114946,-8.14083132497242,-16.140107448722038,-6.1635380399395885,-14.451292492779746,-7.205914946463439,-12.818566861256421,-5.575066493608168,-13.21040954126568,-7.1661663946922864,-13.898004074810117,-8.505174942545182,-12.209396138041964,-8.939611848239585,-16.418088806186223,-11.17895506215924,-18.01969446463439,-9.846518672269337,-16.925287723279844,-8.757447832426323,-16.79974589630016,-8.015466921288102,-15.185563368725816,-7.420593206231972,-15.76694353622922,-8.93266594725329,-16.182779250328647,-8.274268860081499,-17.43186814477695,-9.016104457797141,-16.819182689415044
263,-9.010396110993964,-15.419885338596455,-6.563587987940868,-15.90609707738948,-4.985903075299019,-16.663690630926137,-10.336459445405994,-17.433786742015997,-6.882841064109336,-13.611327582681074,-7.070376033663203,-12.031793549078468,-6.768861752516503,-11.114560319686902,-8.223721648179854,-16.587430390931782,-10.574080991972716,-17.043489854938088,-8.28783773458596,-16.494783709479975,-7.245912385852835,-15.703195964903152,-6.205147671138241,-16.07816254851998,-8.076091267921646,-15.578955337857304,-7.751313398809031,-15.593666061589461,-8.888361352085552,-15.777424075090735,-7.99692607219729,-15.8610170645648
264,-7.690337162940274,-13.347573309203879,-6.699363464092563,-12.210316965402392,-6.281560051061007,-12.334132456679335,-8.634557137411289,-13.869226483271602,-5.1663877272958345,-12.832536146491908,-7.471661438949033,-13.599534914518092,-6.429458100345044,-12.743154689341644,-8.711957208318097,-14.68385473443014,-7.936128256044544,-16.139152256791093,-8.541437699987192,-13.310982376268228,-8.549006465758644,-13.729375423764456,-6.419186561856726,-14.002269639711162,-7.809525205272637,-14.763319896064553,-8.817594297621605,-15.19724399690515,-7.609773180097864,-15.226016785947662,-8.243352499829745,-14.27388327848079
265,-9.844170964615635,-15.37029242715214,-6.0520940116950905,-10.937268581294159,-5.453854180342349,-10.433473367138415,-7.2913236349694905,-13.59417738168604,-4.590174505045354,-12.777755549809637,-7.090992646824374,-12.739629453361488,-9.08361478089023,-14.518112982932331,-9.786076280405414,-17.859053017247227,-6.327700346187756,-15.315533482118118,-7.247656689472056,-14.911787251899437,-6.742540502121511,-14.286250027089249,-5.68873018713686,-12.658639935895089,-6.468149261535552,-14.809604906941827,-7.953954516073599,-13.687167001788476,-5.870312553721796,-15.554415799357779,-6.773310768522531,-14.4588916862091
266,-8.457313021863252,-14.213327923915413,-4.953587195160518,-11.65324612251512,-6.336860043363126,-11.042483705497663,-5.931796416127963,-12.658036541791372,-5.009531404471702,-12.757710571346582,-8.549569077881152,-14.20553939417961,-8.598352471303247,-14.582913738413804,-9.10676109343482,-15.56541795443554,-7.475139146470111,-15.059374800600011,-7.98049397641673,-14.312156634678473,-8.374565243149037,-14.803598168969556,-7.807328726950019,-13.559774939354508,-8.360013376061552,-15.423452294671325,-6.989572910785654,-14.907001788178071,-8.160562335556815,-15.835651384090024,-7.674458017361302,-14.0440668723566
267,-8.870800037015186,-14.825464645010875,-6.731269875731311,-11.524610335955447,-6.386930742497689,-12.144224641165358,-9.63136876260814,-15.156969432830607,-6.592554946184387,-13.33463472858999,-5.653384656681704,-12.376605027520577,-4.909713700433758,-11.906063446124637,-5.044413051221373,-12.341369709842024,-4.899615828594604,-11.323524424824472,-2.3843522410856246,-10.624467334458256,-3.319281028856555,-10.617950484082746,-2.591160294555888,-9.876765462958142,-2.8645831028200934,-10.009380598903622,-2.5133716648512805,-10.568634708791922,-2.2035133964996776,-9.263703607079192,-1.4202324596802827,-9.934317040991532
268,-5.1617247233906385,-11.224417625301937,-3.751010053438609,-10.47686015762604,-3.1927807073074455,-9.823877961718402,-3.957567710114784,-11.128163217728304,-1.8553676522506481,-10.359160899642038,-3.7185462417636628,-9.81896224760687,-2.8586862502013655,-10.565575966350293,-3.893051419030211,-10.078878214433114,-4.503048179062262,-11.70425843584139,-4.327364615806156,-10.580909193519041,-5.079251193976745,-12.885270072842733,-4.671048570615969,-11.131908915546065,-6.534456307164306,-12.875597534171861,-6.808951693201574,-13.46230607146638,-7.976262971149774,-14.026840122587865,-6.871781689624184,-14.181478835511292
269,-5.631474307518901,-12.762939158052792,-8.088188337818615,-12.910913351156783,-4.7056592401954696,-11.738615680193657,-8.624190389294673,-14.03435182452385,-6.121810657677167,-11.798808123683527,-6.082693953868709,-12.485935244134172,-6.75740267544071,-12.665498045594077,-6.144678747587118,-12.939486062770122,-7.204267845454478,-14.982708351329581,-6.436816633295885,-14.13873503409998,-8.36533201701119,-14.731236393454596,-6.591134281320013,-12.75829545964106,-8.744153412262932,-16.123743026141028,-10.190035857117358,-16.770308955683124,-10.72807665043468,-17.514768271601508,-11.26803936077552,-17.427653002826546
270,-8.881051818758612,-17.06625593640638,-8.619131573738198,-15.713567053022473,-8.211755813192301,-15.922007135147576,-8.327172060285514,-14.921716904769344,-5.156858441533187,-13.829510308335529,-7.113805770745029,-12.99693524766582,-6.48682732052711,-11.23512175495505,-8.286798171981863,-16.597610969474545,-8.747679859569198,-16.607356230370364,-8.104324115699894,-15.933190436962704,-8.648179502243833,-14.835610847243206,-6.477330238314694,-12.658748692657682,-8.20512959749234,-14.198238373207758,-6.795244452910902,-13.503008030281649,-5.7850730801991554,-13.36748552813953,-3.714355756473276,-12.164092924942214
271,-9.378023633401837,-15.779487290149603,-9.37815102642163,-15.430483615866887,-7.9385891318143065,-15.398028517951373,-7.760927997505236,-12.863597581536565,-9.203264141186922,-16.03306178237442,-8.230508850163261,-15.358553747254069,-9.665191013749496,-16.684843281727705,-9.853446859253884,-17.292161489774827,-8.18373179828142,-16.078468073403553,-7.367054344645946,-12.983173361520215,-9.881376233164524,-16.230923155329034,-8.041316210299383,-14.265531695455984,-9.857862209859839,-16.6101979184842,-8.537253259439627,-15.3853948606933,-7.002310008570081,-14.344089203199568,-6.59407489914723,-14.255583878576392
272,-10.669616348835717,-15.339771318849563,-7.318701967614803,-12.408090988921588,-7.256347246004352,-12.150116943780322,-6.699527583136399,-12.69669072646076,-6.09110329457628,-13.00042663595396,-6.93544622117924,-16.226467591866395,-7.955881280512568,-15.995431732195485,-8.93091409032667,-17.21771412424705,-9.776343023550671,-16.545214139427333,-9.335409351010806,-16.742762304794322,-9.188445918339932,-17.03227973478918,-7.2737795638589695,-14.384318464798792,-7.980258279738038,-15.730626128791684,-8.658040000678087,-15.666284250481482,-5.620142798454947,-15.540190428151668,-7.519640097474332,-16.094347458831425
273,-9.003841980654787,-15.823738826067613,-9.083097294724125,-14.635123694210176,-8.28082892643188,-13.134849897413307,-7.305723349067962,-12.691443039358894,-5.508488353971135,-13.952842698249254,-7.4860875880488384,-15.860884652229295,-9.67929421811686,-16.167611695942135,-8.865709929222508,-16.46253363707743,-9.02848024879564,-17.88467463909751,-8.157891427628757,-16.061381796832197,-10.376378060666394,-17.20555382699903,-7.837525617618834,-13.186145063811633,-8.46405993199808,-17.073679882753012,-6.7397114147227555,-15.45975306596205,-7.5715845379442435,-15.834773336346355,-9.270425325251187,-15.931563625389602
274,-8.240814021901295,-16.270237072702017,-6.787429948164166,-11.97379614834631,-6.863332651662408,-12.458434435412332,-6.912243087903358,-10.567334130244967,-5.359908162176339,-11.522569468685735,-7.664730280588479,-12.951750453900289,-5.399936168363261,-10.604481948182276,-9.090261844163848,-16.257686936266815,-10.030552837495797,-16.878607562818033,-7.293228901278763,-14.83626665595766,-8.500096284105902,-16.354987244810676,-6.619315485172957,-13.774656594940001,-9.131994970590748,-15.774790135191385,-8.755302486101186,-16.84755943823284,-9.301919403038655,-16.0732803876446,-7.188082884958238,-13.278412261467711
275,-10.266152508681536,-17.282694170275644,-8.19302883084181,-11.586198404844648,-9.608596605585811,-14.2426047446374,-7.905927677239543,-13.824367896228386,-7.372863859055478,-14.082115044823446,-5.7711228571868975,-12.864944229896896,-8.70464237634211,-12.120370890773259,-9.79188050682188,-14.460647630398405,-7.950603333362745,-15.568558103679141,-9.339970578552922,-14.230410663376755,-7.856361505765128,-15.79786204424908,-6.652231531693515,-14.054012046122303,-9.15863981078761,-14.564771060201638,-6.660392016076388,-15.385623237507286,-5.941032977605744,-14.233963745749751,-8.476135238558717,-13.180142866305625
276,-10.185817030958013,-16.209517828548076,-7.816633618751005,-12.961086697142516,-7.85166832713501,-12.698768040471899,-8.123215937336763,-13.393567124831087,-7.936198611071774,-13.486670195632586,-6.546651231584178,-14.10007199684555,-8.456842119086444,-14.195841906048974,-9.10909716909037,-16.323603231331496,-9.254848905950672,-15.85990842530651,-8.476924859182851,-15.241761777536238,-8.815111571418083,-15.879348376097763,-5.6953482303877445,-14.844180427449254,-7.470788171322384,-15.970240704670315,-7.840923252349201,-14.933850820850509,-7.1573087155093305,-13.549749477852016,-6.209370928527199,-13.98451534233483
277,-8.710134825506088,-14.9812862800623,-7.260368545071191,-13.760448445288363,-7.162964162152843,-12.469285565251425,-7.8457366943484494,-13.861013740804903,-5.788948047229207,-13.414414634204647,-6.207497072358779,-16.442609454268723,-8.456669445009645,-14.991799247789777,-8.980714482865086,-15.396478146175596,-7.867258067256021,-15.833513240482144,-7.663846584582128,-15.242389437716795,-8.755238653934224,-15.412157050969345,-5.228694267286874,-14.319554035122895,-7.458950476985358,-15.644843648260565,-7.78081111592712,-15.87140454151979,-8.450681370011235,-15.49740137691768,-6.982598589174184,-15.200379586342336
278,-8.140922527815707,-14.283166284339776,-7.657994217321193,-11.835622729326694,-6.9945462571892865,-13.305538561028715,-7.332521620473816,-12.693716486891804,-6.303676658897879,-11.766173162470615,-7.108328999775998,-12.491337859838152,-7.0519145239517735,-12.508693206728136,-7.821400979569462,-14.284389312175751,-7.794248417381111,-12.997186792357159,-7.086014584907952,-12.36255541206953,-8.16132519498091,-13.573623951772237,-6.080464862320531,-12.690459069289883,-7.067230958737132,-12.466634812468754,-7.114767085527271,-13.073525057926798,-9.228466837139583,-13.227077817638083,-8.003512542572825,-13.09528759023367
279,-7.8860685899081675,-14.76903732228669,-7.529309923986567,-11.485245214963257,-5.9583318395054885,-11.14969192995473,-7.407921879846508,-12.71269985734162,-6.839943840014198,-13.58239253072426,-3.6931326129970703,-15.380214771168383,-7.241557816338851,-15.42149357684857,-8.659768100430936,-16.229180904204906,-9.870167208330336,-15.721977870512205,-7.950977235942787,-14.553082140479614,-8.302569145258103,-17.66853061419918,-5.767611580343964,-14.879270156666031,-8.632500202176281,-16.88360516793705,-5.4994521185212175,-13.977505165662063,-7.6913514595474775,-14.902712112892285,-7.912175049732589,-14.579277152094845
280,-9.325946619895324,-16.541506238108227,-7.4031693950828545,-14.450110434145593,-7.618024937099874,-14.694672807073905,-10.592178189981494,-16.376485941012703,-5.8335739366565775,-12.291414637347977,-8.324781387099787,-16.030803648226325,-10.399145065493894,-17.185146585273397,-8.837110604406355,-17.654845486300328,-9.546898424488417,-17.44606504682952,-8.234908160874607,-17.077697949759767,-10.083291413815331,-17.8681175909985,-6.214980475323847,-14.229748738436994,-6.757692496849851,-15.830988145042486,-7.960230822069968,-17.492735841690465,-6.812872441217169,-15.88620607657507,-7.808950374043117,-14.679408983549717
281,-9.096924499032093,-15.179273318064592,-7.044383008670371,-12.357991767250716,-6.948084256764755,-13.403051144032801,-7.45710573154893,-13.086681927105204,-7.039518979996663,-11.259903762120016,-6.600228741848005,-13.225122290879066,-9.229689893386242,-15.097060589843183,-9.570723191282543,-17.635191227139856,-10.704954763803418,-18.47545695272577,-8.728738408084219,-11.88033641795262,-9.537699221213206,-17.004896860874233,-5.512731491071653,-16.756473109251925,-9.049272694829257,-17.583549718824568,-8.651733348457855,-17.38239814183691,-6.146959285451031,-16.424844587402795,-9.08013249084853,-18.7972613990772
282,-8.957925985326664,-15.746577785086938,-7.8455305758284215,-13.819005441793148,-6.927374480537461,-12.800227197100185,-8.322611445029475,-12.935419242852017,-7.165887040814855,-11.431405000204682,-6.328358743997581,-14.20993353574238,-7.287348184955351,-14.824422149906304,-10.023662675145813,-15.603469894620074,-8.86240661327872,-16.423909353834443,-7.829580481011745,-13.290860154119366,-9.131977377709227,-17.537266491489312,-5.21457300817041,-14.202036674934561,-4.073891416751426,-15.998646666817942,-7.952200110983999,-17.24152534867502,-8.036660731906826,-16.84236547637396,-6.923289612389886,-16.650410184548658
283,-8.997657395580932,-14.579135374711656,-8.247903205352486,-11.812256285964368,-7.675006756180462,-11.541759582597098,-7.422534852755424,-14.915268336582571,-6.811361692064786,-13.534388308736967,-6.843487703760028,-14.260313616733423,-8.201129650970872,-13.782510581573394,-10.503255220948349,-15.676170636599544,-9.496915591029575,-17.021702869015122,-7.835031487410301,-15.701352232047231,-8.282115166671124,-15.583566470158154,-6.481554764053884,-13.549547027534723,-8.125192868494466,-14.875618925783197,-8.059089251408512,-16.480004793369275,-8.601071496031539,-16.592900513885553,-8.142960791280123,-14.278364968359424
284,-8.597022814979676,-14.689294988959077,-5.7315512198121485,-11.75394232758212,-6.5191974356984,-11.68382499612133,-6.794936134598213,-11.371136328909635,-4.977737472852803,-12.25504164040502,-7.8112890995495174,-14.974223048757612,-10.033747206690425,-14.295326941892236,-8.80023774640949,-17.429825856582784,-10.076230420052664,-17.505999453929597,-10.540603602894546,-14.972726501560471,-10.456478562000482,-16.51721921561797,-8.888273530669933,-15.390781680875058,-9.431427494875248,-17.523437705950514,-8.653171168466736,-16.895786720272106,-8.434362044406125,-15.44892571390077,-9.430864510476006,-15.543036283964355
285,-7.200737532068539,-12.994344169314587,-6.468793613036147,-11.736142149277676,-5.6831812603996354,-11.851342468879384,-5.8749831440510665,-11.11422389894136,-6.172890750632321,-11.662785065591098,-6.3109883384750045,-12.97088549590551,-7.228452550013538,-12.662550504823706,-7.38168575628417,-13.926154569696793,-9.06462355488222,-15.477974150973136,-10.11080395984644,-14.896311057546779,-10.985818503304728,-17.929699381871483,-8.250683240021521,-15.04717252973063,-7.671001775376368,-16.810676269107688,-7.982870494487332,-14.98295098778401,-8.623234173574742,-15.310598171001233,-7.797187699327579,-14.497597354377245
286,-9.032687870322587,-15.479912538877938,-6.669456185860099,-13.053647231274333,-8.190631461939967,-12.896155739413974,-7.368161476290723,-12.896367024950525,-6.549985491257994,-12.695430186169215,-6.323420435812682,-12.967020288997656,-7.744908775904106,-13.352547040051048,-8.140808855780426,-15.309947826239089,-8.853858400978416,-15.588363587724267,-8.793112148621242,-14.87055106842375,-9.820557146117906,-16.64606905229755,-7.741255256911427,-15.56651668636951,-10.029795510804469,-17.039875510679995,-9.018270469581456,-16.426122342749206,-9.76990146175096,-16.807743598970323,-9.77786965579175,-16.17772100930072
287,-2.7828402069750453,-10.05441706645347,-1.8861954521832147,-9.910185930104552,-3.334339328502238,-8.956120851874287,-3.060797533218934,-9.584346771438213,-2.416855596185761,-9.433180431485418,-3.113044969785224,-10.057043823124808,-3.7230389901863994,-11.128694399866063,-4.231910864457886,-11.146726044581477,-5.275629335485141,-11.170087657342108,-6.634687954850814,-13.194954404827149,-11.053509842683184,-17.786382539132873,-6.660834252290107,-14.773945391641119,-9.275663652177895,-15.627820507286703,-9.081916659811792,-17.191729928842705,-8.67503398296406,-17.320291680776634,-7.943583217513864,-15.706615029440115
288,-6.842857366992918,-12.429746273079514,-4.9216263393935105,-12.586792737730942,-5.847799864229934,-12.35554131682202,-5.743612663542718,-11.756901625162023,-4.588017452290216,-11.588709949123366,-6.720919461865976,-12.829554383367565,-6.044796116219395,-11.730698713580326,-7.942432748346956,-13.874265512458653,-8.532796758023464,-15.384658537039435,-7.559722443409372,-14.29150230419803,-9.11717840602835,-15.843287369528134,-7.0817015023164975,-15.808303130117984,-8.036284337004645,-15.681972768583094,-8.415876314250726,-14.42976119238815,-7.8412824569674715,-15.875572654981344,-10.253076005287568,-16.145654714670723
289,-6.647998385483673,-14.11394025427396,-5.90600778573312,-12.968846143247044,-5.4310144733406895,-10.566012923300022,-6.942535445430313,-12.841018759370225,-6.538732057351306,-11.539435024912745,-5.849829494935026,-11.378263391214157,-5.633311215215796,-12.011442132462022,-7.226327980445216,-13.39886959996318,-7.051084107303444,-14.371253298807215,-6.1415510178855035,-12.12456884900141,-7.290120478577856,-13.950514447183707,-5.935789407727158,-11.950528861095332,-6.582732300476492,-13.649396354784216,-8.83541664662535,-13.103900813742367,-8.781435260214689,-13.818964629306086,-8.42657864586555,-14.516695543064511
290,-2.540359581082381,-9.12266282619912,-2.1767207848110908,-8.797729779213649,-2.5247124496833444,-9.488552126466397,-2.861040107443751,-9.20006295803281,-2.2603081652092807,-9.383075040064204,-1.9730808458102023,-9.565900197445366,-3.5011043967655198,-9.117587907639827,-3.2682869155882543,-11.119392352254016,-6.607717688665497,-12.283196572243206,-2.811701604243974,-11.987779083432368,-4.90510814562988,-11.740238943014255,-3.3415318111410155,-10.156332925687789,-3.591993180931766,-10.498700290464082,-3.5391179988094605,-10.578201162303518,-3.309838253993935,-10.785625312542441,-2.292622004579498,-10.320087354535868
291,-7.359467537419068,-13.91679932458346,-7.785168616022049,-13.291133418453844,-7.286237279101771,-12.337846291965732,-7.032941935721145,-12.138288565726596,-5.320549496979252,-11.93568232516334,-5.757323388418069,-11.878776153970813,-6.359105392800945,-12.028043963575229,-6.988839307099232,-12.894648179246682,-8.81283343540495,-13.584017939123083,-7.33085112484667,-13.975896875473959,-7.404234427067852,-13.444635320338815,-5.467577705821036,-12.188168750157072,-7.140686567795492,-13.25016138971888,-7.06466620811372,-14.053939285844317,-6.564576736782275,-13.803038496406156,-7.232881674884978,-14.048569428126871
292,-3.6923810863923117,-10.924079896002812,-3.3044189083839544,-10.144516048518215,-3.4089290949324482,-9.675858466798235,-3.250457134891611,-9.612872330679291,-2.720142831895397,-10.130410059246845,-1.104453275221209,-10.714101986102087,-1.8018244888326782,-9.127373621843269,-1.9397586626714858,-10.390848281277263,-1.645443536454518,-9.616894967795355,-1.2206084236689279,-8.464487444156044,-1.83858646446466,-10.197439395214678,-1.6323326557016218,-10.341304879840113,-1.229384402356126,-9.170363396777233,-2.3491465758336316,-11.099092103747466,-3.220488782309348,-10.221219777537542,-2.8920250217359023,-11.506818297788277
293,-10.510356618753416,-16.445731235423175,-7.365673080837803,-14.075915066351987,-6.813976179773652,-13.758065247918223,-8.464814826661962,-13.921013932587831,-5.534691487230628,-13.291525106246556,-7.408016356456728,-12.787615274475929,-7.349812796581279,-12.294659110529544,-10.544592132838254,-16.53132163078733,-10.016841157358341,-16.72255386882326,-8.775181344346057,-15.384944393331661,-10.197653447400528,-17.003746444991073,-7.918566003511699,-15.086151650657428,-9.789887423231672,-16.20696588003066,-10.865978301836757,-16.877161264395127,-9.58157380907003,-18.081253024592307,-10.541751929818927,-16.50556863732076
294,-3.5861122800518386,-11.62710883161856,-2.9522592833900445,-11.748369088379501,-2.6103613683591638,-11.578669772028983,-4.572639102205373,-10.482787314552795,-1.4401610359634633,-11.555984590246055,-2.8440143518868504,-9.639497860826971,-3.189484957767324,-10.593282854464896,-2.3810327737699315,-11.479087941851226,-4.473399294188198,-11.108655650194503,-1.5744636836886372,-10.713422052387218,-4.191293589588527,-11.104107255424314,-3.365163644668691,-11.33151663113081,-4.532786625111649,-10.947662952316136,-3.521632238850892,-11.646211633714733,-3.4171244497897875,-12.104384320894173,-3.489006127695366,-12.21168419554115
295,-7.060285471262127,-13.707627644286458,-5.99407001474355,-11.004941405766553,-5.31074592698777,-11.952092882852106,-6.403379606393348,-12.068810323357706,-5.842603187878196,-12.251051340636378,-7.197938882802438,-13.545572514277646,-6.694496239474983,-14.01596723209427,-8.5285679371083,-15.377145263345692,-8.35242347902499,-15.433466002077122,-7.028638633572153,-14.4813223012581,-7.4620846040061455,-14.0562349955608,-6.431722681094941,-12.571037525880087,-7.652569882928761,-14.97218564882246,-7.404083247997307,-13.792387080790318,-8.869061874734737,-15.706251991388191,-7.20958353516603,-15.127016089849015
296,-9.438904664500326,-13.700893773915443,-6.677093814574255,-10.411995646979664,-6.253033301363004,-12.294390316402284,-7.92112522644922,-14.753873647872268,0.7487242585269596,-12.595723188743,-7.059283300376773,-14.780769053696321,-6.256174263084311,-14.419498560388526,-8.122351011456903,-17.199652587572015,-8.400278077947936,-15.048607159702641,-5.223246138240255,-14.168020182255702,-7.649658600613261,-13.806616165413175,-4.711567236180459,-11.643630011085742,-7.008133893103987,-14.127671879142056,-6.440888757473165,-14.80612376880929,-4.887871994478594,-12.316456087118457,-5.873348460434814,-13.063263182686342
297,-6.747742801444712,-14.270838582541154,-4.405598299258825,-12.00721600135505,-7.253468546642608,-12.142961708852482,-5.815874512966859,-11.21599536416193,-6.270449212271419,-11.664933619162067,-5.840308136191848,-13.52596445428119,-6.471966360563554,-14.89886211018046,-7.280546850376403,-16.11074464879275,-6.23617237425565,-16.46959592008636,-5.532918607284222,-14.135491759442848,-7.410103283354637,-15.544405021665389,-4.989369262553131,-13.451834766936146,-6.606448753566997,-15.549966768883994,-7.173360875210598,-14.136463380712438,-5.973463442199444,-14.78234260822063,-6.193600044199718,-14.58733762812047
298,-8.442561489852126,-15.371610904041276,-6.836864334105947,-12.044227569825344,-6.76987171089075,-12.619185372523297,-7.83743014455251,-13.574831499789969,-4.970900796749837,-12.81497116661246,-7.941092483692019,-15.18334921938023,-7.460444437053832,-15.400176450645212,-10.277334231221673,-16.62648400383556,-9.038440462726557,-15.654844391676047,-7.328495845348122,-15.186642829357433,-8.919224773157808,-16.53933753222615,-8.055609103924033,-15.210823119167163,-8.504804906544106,-15.47952748818632,-7.28066675617835,-15.878873840772766,-8.345159475924328,-15.758356231818269,-7.86643070943178,-15.514049725419682
299,-8.916689619633082,-16.069786630859376,-7.690966871164736,-13.92183526242907,-8.929174261539321,-13.802659576704542,-7.28578415118058,-16.00845723384648,-2.964587679927846,-13.615400816945174,-7.027919240793942,-15.366041900327811,-9.256789022034225,-15.253371862770425,-8.960659247675135,-15.94957546776543,-9.983761689582208,-16.617771745859695,-5.473119508892865,-14.222943562952864,-8.68736889040269,-14.943005254630993,-7.487917222369147,-14.193879658809536,-8.713087122724083,-14.603673217617313,-8.089113835630569,-13.705667002216863,-7.7852195237385295,-14.353982858228836,-7.631670409076947,-14.382709095819905
300,-6.313858334772355,-15.122280422141417,-5.329717600351752,-13.09439746582133,-4.762756071782132,-13.123390149281244,-4.557438957569323,-12.389664549777478,-5.029017165673802,-11.806691107466259,-5.153147134342335,-12.565240261994234,-4.021618992612245,-12.095204669956347,-7.196631028670309,-14.013065858155603,-6.554733898566046,-14.930241942367381,-5.863496665341447,-14.621431385391197,-6.569060869385346,-14.732236101851035,-5.473216908316366,-12.522699544166292,-7.460860899530632,-15.015520970069932,-6.16352398902614,-14.701808634112641,-6.756803609630893,-14.63280240923034,-7.113017113845669,-15.640140236890677
301,-10.561042769091387,-17.06841419979259,-7.5915631478541155,-14.325118775081211,-9.034992490868385,-13.445476602824398,-8.742143684947234,-15.002909755112569,-4.747087570275854,-13.653146418880809,-3.8673080864133587,-14.580786031069605,-8.256958954479071,-16.945966934173555,-9.939678800758262,-17.66220593920921,-6.65909807907767,-18.52426700495413,-6.47535327217181,-17.211912336497186,-8.859679005538343,-17.34414433346049,-5.878291975645919,-13.815310553153356,-8.266901653902549,-15.804763804388713,-7.161977814774771,-13.813979560383645,-6.483544358029835,-14.293675721781769,-6.600367463390154,-12.488652373054565
302,-10.590997616116981,-16.699563110377706,-7.940065472253873,-14.483498577822507,-8.093021931639257,-13.705294569619518,-9.061236953972378,-14.237126336449972,-7.455135916780976,-13.046849132606608,-6.542425335815412,-16.22688132271857,-8.679195116054254,-14.599245629202269,-9.70104712364585,-17.875276595441644,-9.039162515057226,-18.429383601145336,-7.737464148585874,-17.974523335275066,-9.635079989586945,-17.877761890582093,-6.965059623000162,-15.105554548288309,-8.209845255858744,-16.12217752921918,-9.155656193008587,-16.547939415862608,-7.025778317907446,-14.868217119788998,-8.442050590429693,-15.925019652667833
303,-9.843847102555262,-16.315878574554482,-7.092768941728613,-13.130307288470517,-5.103437015937541,-12.255950055306089,-8.62605691402111,-12.932284971965712,-4.345636836918634,-14.175649961532418,-6.958731228477556,-12.087887301236233,-7.791223310243099,-13.144696251224302,-8.99296543056797,-15.527242041751279,-9.698592883942197,-14.44685083958619,-7.05743777175646,-13.496723756902242,-7.572981748602389,-16.114694660234758,-4.999409177832514,-12.126724235921316,-7.47533200970857,-15.29832959694881,-8.412824541249519,-16.53393561264338,-6.34130799139723,-14.736884118538981,-7.136664951141166,-13.279265889149448
304,-9.146541675453063,-17.02590309188608,-8.158117258323701,-14.526814064193179,-6.495162374727883,-12.00886301859674,-6.970379719445097,-14.656728987124128,-7.115411322223543,-13.263591933564607,-9.461047426285232,-15.491724065561066,-9.100721072526527,-16.017842555641963,-8.810989726324987,-15.149064652549596,-7.78172671207087,-15.520097385972422,-7.35474664852482,-14.656707131895297,-10.06150686686407,-16.432708000308715,-8.466377419013018,-14.730986080938118,-8.757880073527172,-15.567701566571559,-9.254023570670824,-15.203212383101125,-8.665614826962235,-16.066983000036046,-9.228893021662085,-14.855996167291053
305,-9.458358551944176,-15.620399859366355,-8.306347960210294,-13.318238750912146,-7.611881601401683,-13.937368254524554,-6.035757035455326,-13.264804672867944,-6.269735238748889,-13.136526017085322,-8.215431322413341,-13.242204491623603,-7.509964131921843,-14.852208790243019,-10.127639415469897,-15.550602555156077,-9.253859020816023,-14.86460673476374,-6.6024108680984925,-14.946809226325948,-9.18400593876578,-14.067155629181636,-7.797287781269272,-14.168748572034417,-10.006511733450548,-17.710349149378644,-9.198734714406795,-16.52278001531848,-9.352997446746826,-14.23525535042964,-8.374137169700878,-14.16139424652701
306,-9.790358923728286,-13.861709895296205,-8.287811598795741,-13.596829639093386,-5.742324098978014,-12.056566771938964,-6.50027030638933,-13.709636821669246,-6.043956889342265,-12.251181772895398,-7.4721702113234665,-12.217093339511987,-6.5406713779525205,-8.844999589060498,-8.016141631534705,-13.439467548747126,-10.364612256273835,-15.403507292543434,-7.728145595492113,-12.893533704196315,-9.178627404738641,-15.091743987175413,-7.624508290924559,-9.545850149141554,-9.092245762427137,-13.32502049513806,-8.915412567432453,-14.918717225887946,-10.086525084375147,-15.763763374598252,-10.21981348032682,-15.260396468914587
307,-8.636507081922598,-13.444595223851586,-7.384237365755753,-11.946639600938049,-7.344237567633708,-12.387941860937001,-6.797714610924941,-13.017411372896193,-3.9245816687322255,-12.888391183592207,-6.941683908260185,-13.564673213620805,-7.632067865140852,-12.733774188886377,-9.14612654171212,-15.270821164278779,-9.693063884711728,-15.002790367403485,-9.020439341324117,-14.695090860482056,-8.196142936423588,-15.30838340030753,-6.583468625476986,-12.580302603990221,-9.511702539109402,-15.104435040043256,-8.67912343301325,-15.426447091336426,-7.573994914871256,-14.167652407634481,-10.191632394435665,-14.082262628914009
308,-11.790162940565352,-15.401355421916328,-6.099636635858698,-12.671693355920064,-7.450232939335788,-12.995984632140553,-9.439884792593697,-13.329052701084343,-8.049323726258153,-14.387966545368426,-7.967067279602423,-13.385694970403987,-6.499223772956021,-13.63229329270676,-9.09790089770023,-14.217887546985075,-7.8762581508880185,-14.562959524127887,-7.7755623960941564,-13.314366256899888,-9.157941228321793,-14.39730965934779,-7.877522362827035,-13.464380557928708,-8.025798314412318,-14.389229447954389,-8.161754636526199,-14.746343214925446,-9.750211621437598,-14.838244613110723,-9.030193745750205,-14.755671062333846
309,-8.674430688235322,-16.07963402436309,-9.606763164649458,-16.725741691157697,-8.752590069155685,-15.232103864739255,-8.4127185471807,-15.850388892884194,-6.4902575534159554,-14.99214903696801,-9.13169708732685,-15.857964930457861,-8.415627076647965,-15.350905669763005,-8.299078010384772,-15.577776198571042,-8.26440683705677,-17.798700138553276,-8.458663784375304,-14.604690040386707,-7.333743116545712,-14.899978155442188,-6.366943018764109,-13.365055435072591,-7.165624891153516,-14.23558138453618,-7.392581751410605,-15.27450131007734,-5.954822977171748,-13.523398194884793,-6.088157126638796,-12.872540197473816
310,-9.48262350319532,-15.983540181041123,-6.655668859764101,-12.961713413051733,-6.662279608096836,-13.491222330273168,-7.875543913083955,-14.209918509805679,-5.713184024600907,-12.873267473739645,-7.07052350272029,-13.622011601773735,-6.034729190083997,-13.668788023146057,-9.208055587891943,-13.312584352434506,-8.083576713402925,-14.390419678622466,-8.035841124523218,-13.171351102846959,-8.743333813068435,-14.699052045241332,-7.863746788227286,-12.498862425487347,-7.311107107442655,-13.724033777894856,-8.74609302698643,-12.776601815396663,-5.595122636191548,-12.59666053864774,-7.731402195257462,-12.942619311596225
311,-8.461492713189863,-15.571202593677082,-7.457972049909846,-13.886215079438891,-7.307381335524781,-12.88412186381537,-8.790568935814942,-13.721288775855722,-6.790826413911356,-11.633504320520725,-7.845650896404685,-15.628376621351654,-8.570860080557964,-14.229000063071258,-8.985314495390496,-15.919067357766552,-8.633553724382757,-14.831260806305629,-9.703175790688283,-13.742418856598903,-9.193432039504536,-16.269647902818186,-7.4935295311197345,-15.257739668699353,-8.125538032434152,-15.498482569331781,-7.8528432994394155,-14.716695080511247,-8.420508983112725,-14.188955096361545,-8.078395573444334,-14.811552358609116
312,-9.419639777191113,-17.626030511537614,-9.057023657799771,-15.57240771511298,-7.758564913369499,-15.195314056371652,-6.73830828094117,-12.373095991442675,-6.040242806866555,-13.514147460884349,-7.503752973798984,-13.882812788072794,-7.070162914944591,-12.695683157667528,-7.748945411311105,-14.558099124267695,-8.957241238720608,-15.451341115733612,-8.59121663776239,-16.653830275929888,-6.954450150079162,-14.956062865793832,-7.989811982835039,-13.791627057792414,-9.27352007783653,-15.076168935671193,-8.114353069260918,-16.882492870928104,-9.392589000526192,-16.793224413035247,-8.876355383689392,-17.59875864132826
313,-8.617531665307197,-14.931772821995617,-7.674866766629956,-13.620074392748174,-5.577901066246004,-12.717302066364155,-5.873722533544256,-12.39940361998264,-4.23092590640251,-11.915376232159245,-6.1355994974079175,-13.568362961879018,-7.316083590680373,-15.290482464323485,-8.222976290010255,-14.866247438241004,-7.775737859224707,-17.15128367824223,-6.932470387916347,-14.96604270123031,-8.370878086524824,-17.46771151138556,-6.191206150264289,-14.463935585757744,-8.012245604218762,-14.498607284414664,-7.599492311007415,-15.707578496367244,-8.504148296829273,-15.569286340584805,-6.520278492663456,-13.910835675199237
314,-4.980142406448624,-15.281843917801153,-3.862696857021276,-12.755326971268431,-3.806118266939367,-12.635449171808586,-3.7082705757274907,-12.416285791522343,-4.218312373034795,-13.350503685475486,-4.376879763583005,-13.69137044681124,-4.2134644650119695,-12.908184673164634,-4.006382606429274,-14.988100250355409,-4.410317165017259,-14.379168709478286,-4.566308639323184,-15.65281275955539,-3.7822579370514937,-15.901312389302468,-4.11734794883318,-14.77767313253774,-3.778093417857365,-15.76597765795799,-4.885898673892599,-15.68262253539364,-3.9182858070656983,-14.763306439818821,-4.354126822230965,-15.068823314128611
315,-8.767828943658467,-15.652088516181987,-5.739472892253254,-11.941607759329367,-6.60519239518435,-11.931958979980145,-7.559099983558102,-12.71274057799082,-6.806380875700685,-11.680981283437365,-5.824423404753125,-13.125944507210466,-7.709511069958185,-12.227987120922812,-7.908777742690089,-14.914763010439959,-8.227495506146173,-13.496472695149858,-7.615807130338503,-13.016428340870043,-8.57523260920498,-15.246557480589797,-4.539866858862523,-11.32130732435898,-8.101748996163934,-14.727222332848761,-8.532509895722892,-13.88323609788457,-5.72700030568567,-14.294180875436876,-6.663283550893193,-13.986988324412327
316,-6.879389032282898,-14.857452966572337,-3.9213467378432947,-11.801153421767236,-4.281051598498607,-12.023863226700247,-5.639464594959682,-12.91212630763704,-5.3508205438012695,-11.85418801046492,-5.371574906778052,-11.900374683393471,-5.06184939639666,-9.11106565334477,-6.323909065858674,-13.144015185552325,-6.152770662175408,-11.120988373620744,-5.082495929465241,-12.974927439829901,-6.67310769183123,-13.536771503914505,-3.6254486455536976,-9.602701840081679,-6.667923514767713,-13.596189463568397,-7.607187852099146,-13.96757248066361,-3.2915573226498767,-11.500556546469866,-5.564222150649481,-12.408126777416062
317,-9.669078015502095,-17.31084480025914,-7.57056858848464,-12.805193926214786,-9.073057651812455,-13.015549409807212,-8.970093773667955,-12.224984608651773,-4.472730328258262,-13.428684968949652,-8.566772610439724,-15.673057554076637,-9.79127642606198,-15.724457039527591,-10.04060222581585,-16.531106090251797,-8.90876434684908,-18.144870911511035,-8.723610964608522,-15.471537461088385,-9.536979566767862,-16.42992289473697,-6.915654741735324,-14.334059394972263,-7.495107542542469,-16.362748584001217,-7.483583461917881,-14.242198223370288,-8.51106156182359,-15.457846090109655,-5.5788156243573885,-12.530485860449234
318,-7.8552364152692125,-14.037597615993533,-7.8854975516982915,-13.68267765699471,-7.210783186396589,-13.161183192494184,-7.9531897987027245,-13.654678454577262,-7.731215395576068,-14.328064871302653,-6.57415181076587,-12.623569956847218,-7.902777669221544,-13.763929133322346,-8.556421137169554,-15.013791310843578,-9.828029265539014,-15.109575275164111,-8.253279678399554,-14.716016156883471,-9.371130130422959,-16.64282854561569,-6.765230932949555,-14.26106696351451,-8.795857568291401,-16.401372953151512,-8.914835227937152,-15.911912028025423,-7.8657690688047595,-16.55727325762915,-7.105413089528647,-15.775786204840728
319,-9.766477868186692,-16.246567591327473,-7.731017297097732,-14.255969305801536,-6.962181552436314,-14.631304600825938,-8.079114724512163,-12.745066814226146,-5.190637890516051,-12.642797552244405,-5.78998426199517,-12.744124668566066,-6.771608268467083,-11.57497055772714,-8.701001743262411,-13.134012095107447,-8.311970747624143,-14.274979680794138,-6.710429568351412,-15.463772366316427,-5.8947058826994585,-13.91601405148576,-6.220357161364838,-13.163969809463937,-5.568695557493974,-14.147444569907037,-6.655338126862204,-13.717398031349664,-6.798060332981512,-14.479713418716639,-6.910821473008407,-13.908684028045641
320,-3.5292516635603413,-10.49902510147322,-3.447317662682659,-9.822464400385314,-3.4889886240141834,-9.592696960036255,-3.7287018124033993,-10.258215298168844,-3.7925549239174727,-10.421282152690075,-3.7292198908769354,-9.852587541754586,-3.67782023388624,-9.763962445603374,-3.2252229462211846,-11.585868488159676,-4.079165000292718,-11.835410236357802,-3.4564798062103383,-10.644176865058457,-5.4140721944309025,-11.647145483662023,-4.698691018952669,-11.658598548996668,-3.502420417816463,-11.975196976661413,-4.459798947537397,-11.706203514955597,-4.310060189022088,-11.629472736771122,-4.494751306970929,-12.109851556303221
321,-8.504479470253074,-15.447130255180134,-7.851266678608809,-15.05306956638687,-7.692130744141727,-13.43928004807845,-7.297621631851797,-12.918879667006173,-5.726279182922749,-12.562266268819966,-6.627400155970932,-13.12557679040639,-6.608820398599907,-12.3942341751107,-6.868639919375904,-13.129741425940097,-8.903418219755967,-13.229153588587074,-5.916745194681164,-11.91452668052829,-7.58741385961578,-12.8821068488966,-7.080086171373891,-14.850517053162058,-8.1231875984355,-13.938037858081952,-8.050779136846064,-15.59904975311089,-8.958852746264135,-15.404845900418398,-8.556993159439134,-13.325439198356095
322,-9.403192257885092,-15.835570420932719,-7.884039338875006,-13.565515774934159,-5.6880114555293035,-10.781219175512131,-8.079872556652006,-12.498621696479933,-7.149665481764828,-10.968888273680932,-7.2119211815951525,-11.634325443741293,-7.538406918791486,-12.658491550775482,-7.403181883844448,-15.780517474480536,-8.76681568331679,-14.155607925407105,-6.466291357311961,-13.22282028510638,-6.971351537452985,-14.150797312564354,-6.833508073511832,-12.743782086542508,-8.520873618371121,-14.950165024029262,-7.913207534527094,-14.25153167547756,-8.19858711511909,-13.247603549458786,-5.760617713448309,-14.734128054008902
323,-8.019324120067399,-15.683853095846317,-5.868023751998997,-12.378443136223236,-5.815521948125724,-11.071045225978235,-5.822492279338873,-12.161562444084398,-5.935720230039879,-13.184332382246065,-6.291096489860978,-13.395614597523032,-7.31029339871605,-14.054835093098554,-8.442567606374778,-14.327987404419652,-8.322452762421765,-15.806309889871127,-6.00330520321381,-12.771302458573341,-9.583691303938496,-15.683984304438855,-7.7928379219951385,-14.727360928662513,-5.098179880887429,-14.73079786791805,-9.04278925385687,-15.04954686235079,-7.469279024753931,-16.251037809764682,-7.341567579836123,-15.057763762964399
324,-7.491928319590792,-15.47140702009184,-5.97462545442204,-13.99682813086926,-5.710687488487096,-13.177066647710067,-5.094300361290176,-12.209161444814844,-4.362810105012185,-12.712865408698145,-5.390945702826814,-11.099737494295944,-5.210479390079838,-10.920189992484119,-7.228957907099386,-14.963197540967476,-8.481971218525926,-16.26715776165499,-7.375139235567074,-15.004185116019173,-8.482718973571554,-15.80847947441855,-6.162912562278371,-14.963174206867162,-7.77725144854454,-14.874600445600274,-6.741147820706161,-14.973490704378973,-6.415686829290086,-14.30887782944977,-4.739687195508479,-12.791203663705597
325,-11.060147381684793,-19.905525938607145,-9.489163223454597,-16.783294030067786,-8.015419368837032,-16.324560420583232,-10.174142765463234,-15.4481127162801,-7.085904407103798,-14.811517759327604,-8.627718934845815,-16.35116733253525,-7.851261727586209,-15.32394629547624,-6.802914442237913,-15.523339249247858,-5.917511763032972,-13.825278483342077,-6.3030633452463825,-12.759565681321854,-5.721700501604307,-13.853351042839943,-5.012674967065394,-12.626947516851462,-4.899262238078269,-12.018012173488996,-4.811810027064565,-11.979961286073138,-2.8211504161471024,-11.819406091690254,-2.8208735744137585,-10.595678960963987
326,-8.133474892628437,-14.447316875743422,-7.6548913512113,-13.725461463543528,-5.74389428970869,-13.93519999477177,-7.7879644484154475,-13.618979114298973,-6.031849175244176,-11.728293881314464,-6.697469578020275,-13.036113257152103,-7.324183644076788,-14.171214871266569,-5.9703775173861375,-15.146792962196772,-6.264754846893368,-14.096685525472587,-7.93947296708369,-14.329891893834537,-6.075431734329068,-14.305087479615548,-6.871963118287196,-14.65149803377927,-7.414092121109165,-15.79313047667929,-6.813023644478189,-15.372940599461282,-7.1988335203771765,-15.392274924400889,-5.864848848441354,-13.3275695497795
327,-10.0425602770331,-18.01287757057096,-6.357408647949677,-13.221954568542193,-5.38680297014492,-13.316638222220625,-5.439127206955422,-11.939923725295884,-5.5272585539978785,-13.940104913755905,-7.965383195506948,-16.86659340770302,-10.07830360520526,-17.11626684576533,-9.976732603279157,-18.492759061190917,-9.442443627308764,-18.463342261856624,-6.445579561066156,-15.417723545942119,-8.748513232917068,-16.806609701465007,-6.280612479439148,-13.865005725440316,-6.799717253234057,-15.403932555199827,-6.721931902889794,-14.85987192552903,-5.328259301014646,-13.753922774535575,-5.733369879684021,-13.35903631737828
328,-8.882381252245635,-17.453404263447254,-6.635897858786743,-13.43240682698264,-5.64627929259912,-13.070423048534366,-7.318933355455506,-14.174425512775258,-6.762321330026328,-14.125072638288628,-8.41108791103456,-14.707846753984475,-8.433713830632248,-14.886255202504257,-10.18713430402123,-18.23916956695304,-9.075996262589971,-18.791802962846578,-7.030190969308817,-14.334054872603021,-10.985451972525977,-17.500136655047243,-5.979747900913649,-14.639427788248929,-9.42732562713654,-17.463970968300558,-7.287518826972004,-14.961108986292874,-7.2716459392153805,-14.702198705615626,-5.461332815927244,-12.115948629999046
329,-9.278466314660271,-16.296821948799156,-6.433805031717826,-11.620244906313047,-5.194611487813493,-11.804747007081065,-7.2393361163432015,-12.16793732958936,-5.616038446555481,-12.646096943585409,-7.496722208270613,-13.729683796629805,-7.9371605518282395,-13.889625317680405,-9.784789746460941,-15.389284734925324,-9.705738920461094,-18.20899917953979,-9.098777864834863,-16.289369075598284,-9.681281448262773,-17.07006331547219,-6.9496241906737675,-13.174195547600098,-6.609662490485198,-14.87205399228461,-7.8957707275709845,-14.519494825623935,-6.569428601040518,-14.557412432791029,-6.317894527894659,-13.375988366773806
330,-9.730013275800154,-17.655645815875122,-8.915251547282399,-16.410491383094087,-9.094794763007124,-15.906230172962147,-8.247594089051605,-15.339453934427452,-7.3612408450832785,-15.024690990821135,-7.749180050724918,-17.457071715817737,-11.979101896393047,-18.928010737333558,-9.635674364674477,-17.769552030663842,-9.361131445553225,-19.00179564422548,-7.094549401445515,-15.765931208341044,-8.728190986489434,-16.330226223958945,-5.119941800405709,-12.799644045384062,-4.472533597948108,-13.152162093522588,-5.172768247906783,-12.113790729025515,-5.371638356800577,-12.855879167882087,-4.585779256661451,-12.679387273682538
331,-9.69215737726932,-16.117947296375053,-9.317828898871127,-13.983686795454366,-6.384401448043368,-12.907815414962512,-7.323860554265623,-13.401466595234972,-6.916366621590326,-12.458726155374674,-7.779822744139395,-13.914179839858072,-9.938867835071486,-15.063378572289196,-10.967129923239803,-17.89469315126732,-11.036262461452782,-18.325431940820195,-7.467955252010329,-13.103080242808042,-10.375046914302967,-16.114973729638688,-7.9184985904581655,-13.906233448319727,-6.79897775875951,-13.984565516577108,-6.458662007101664,-14.38339400960826,-4.460237096130024,-12.690482174428876,-5.600781740507134,-11.813105660072168
332,-9.798217745385895,-18.67437808851262,-8.40904570046786,-15.960663142325702,-8.700924879562141,-15.677772034751396,-11.282936955365212,-18.549677306644853,-5.453695447922091,-13.724698021864658,-10.665376251708192,-16.903218807817577,-9.650022528111503,-15.847213086070688,-6.6937608236890656,-15.561072920180647,-7.147324159320561,-14.434632475390785,-5.810934533557601,-13.331234324654737,-10.385091557543713,-19.3227304683437,-6.624535851047787,-16.55900478305924,-6.433091022732925,-17.255195734473638,-11.438458251474318,-19.76113879913308,-10.055121361090807,-18.627192256124907,-6.424417096480278,-14.0848061579421
333,-7.921058104609773,-14.61898392154505,-5.277594085317353,-13.728447678469202,-6.1618865636534705,-14.724404191028626,-7.652801839655624,-16.002924527571267,-6.107976836171308,-14.257881586871232,-8.543957641266317,-14.984408321252001,-8.628486537453764,-15.337950810595247,-7.2865076618463025,-13.550344206395957,-8.905235805199991,-14.259665039460454,-8.815133918752748,-15.472350604347074,-9.584308997731437,-17.388135196159837,-8.402439045327043,-16.36737938227934,-6.548290217923314,-16.043050597834878,-10.413706260658156,-17.422512242045944,-8.705524077131562,-17.346045867684662,-6.671514735394957,-13.925564977167298
334,-9.481694708148662,-17.92785435613416,-8.522678646389236,-15.618020823712111,-7.717020024731321,-15.668496629253836,-11.492236361543837,-17.516443159468512,-7.135102394272589,-14.458565691937295,-10.152959238175628,-17.558985274557294,-9.163921745993735,-17.040379260132273,-8.751788055052323,-16.490813197985805,-7.500360523007669,-14.630881426129964,-5.911486354587293,-13.779890808884748,-9.622410210910454,-17.63598668856088,-8.29844152787522,-17.0433398311673,-6.342708500316736,-16.035316174059616,-10.391379712664266,-17.885904088746805,-7.867185104650072,-17.03487746847561,-7.570232743119082,-15.006054455537825
335,-3.5807728924488695,-10.651056653653477,-3.492862194870616,-10.366956926606745,-3.9872889148586363,-10.693332446695742,-5.220458029897398,-12.832157646179498,-4.801666108087045,-11.407201714287352,-5.562625017957277,-14.157756995461854,-7.405155429887845,-14.606198474521735,-9.344794349244069,-15.758928778857808,-9.039641769631146,-16.33061035444952,-8.794489360312808,-16.307004262911192,-9.880721047249573,-16.684601154898985,-8.670916608266321,-16.35430941655942,-4.931030673728758,-15.424441179533481,-8.42203725236087,-16.94035910952795,-6.707961002174406,-15.130932993823503,-6.510868369496629,-14.02312431479328
336,-7.352707306175445,-16.24348777139637,-6.6362332748374895,-15.105218561297765,-7.107799652197519,-14.596914928516263,-8.55440679264197,-15.850444272472542,-6.378633320379569,-14.489977026052006,-8.496351202656047,-15.562449724359892,-9.135357581903408,-14.780986086889706,-9.468957260355216,-16.22840855511807,-7.0339999178215695,-15.282463437384067,-8.01412159157712,-12.72221683918044,-9.384242309370771,-17.329854059330728,-7.117244466564673,-15.620879605263667,-7.201602779123764,-15.998685694602717,-8.250661974167455,-16.930846908900335,-6.881724810791196,-16.141123834715707,-6.267010198353013,-13.619543683938941
337,-11.349176935929188,-19.030269006268135,-8.442624287487025,-14.817119141028323,-7.479028574579432,-13.066413747513225,-8.509532101132113,-13.355672648902601,-4.802894895974416,-11.763277092143635,-8.29607141583543,-16.05625497944225,-9.750480110398486,-16.206067742573175,-9.663505789915813,-15.619871791101744,-10.199660569262303,-16.893406772684493,-6.232860372175598,-11.868808322124043,-9.06368431982714,-16.671374404619428,-7.454457738019887,-15.152361424883695,-9.072178174878925,-17.473831735569615,-9.139419090247111,-15.308041474929162,-9.711240708700075,-16.846972209586085,-9.051713796295491,-17.324583597655533
338,-9.922643086978987,-16.997045749100536,-6.849885362860638,-14.559983997325645,-7.2482030718147055,-15.639343982818634,-8.672457481919523,-16.124277781851024,-5.034056500810321,-11.520926288221107,-8.1459416165645,-14.869276892751772,-9.010646578654505,-16.840244004086973,-9.566400833029913,-17.171067853447536,-8.638162797762059,-16.01389975016107,-8.425058841308829,-14.758968313907683,-8.411123925370978,-15.356208820116606,-7.538876214236138,-15.353319326529679,-8.845490175859904,-15.406879712129784,-8.319242197156585,-16.195060052145735,-8.669757333570788,-15.80409202535266,-9.499876336386992,-16.651374485539808
339,-8.371086310971357,-13.573694779398956,-6.662453277454019,-11.899321173809994,-6.437479447526156,-12.67268989362175,-7.0020005316279565,-12.452993790920754,-6.188654277325615,-13.18005799010069,-3.9881498098587134,-14.174175756492591,-6.838652556958412,-14.708030602370158,-7.753023222800307,-15.641562932243701,-8.749298059935848,-16.34469884003239,-5.849926811632833,-14.36151675239422,-6.736230512121524,-14.032030120933214,-5.158917109519155,-12.989763009570382,-6.062962258763516,-13.155093930790507,-6.33905946302479,-13.355795538148385,-6.554262490985971,-14.007655024992072,-5.833974748890225,-12.95637100515121
340,-9.318575938383962,-15.711442536735197,-5.2809494604577445,-12.889497567631468,-5.806710322374979,-13.543434856159235,-7.273554807608294,-13.10624838789442,-5.1844665231031986,-12.326690565980806,-7.06700501739107,-13.853125948954116,-8.296787917220957,-14.003775484376806,-8.838372982530275,-15.063513644826774,-9.421113955509535,-15.687444538319465,-8.401664978628427,-17.121245096490846,-7.5523253976675395,-14.817671006431148,-7.472826449411279,-13.379636783065456,-8.572479882599561,-14.032530359538713,-8.227852525939793,-12.848978425232369,-7.605236672214324,-14.279352588061446,-7.392591335790193,-13.803906898913723
341,-8.839164096075663,-15.551031526735084,-7.89998377231078,-13.395906139018797,-6.853119999398412,-13.315405652977425,-6.493504452264113,-13.819036286422978,-5.491898018254423,-12.920963510578973,-8.361974412382752,-15.610359576970584,-7.706644739087213,-14.936299932333926,-9.125735007469531,-16.002691996605286,-9.558518002081385,-16.199021025537064,-8.744118032925364,-15.748177624151797,-8.331259048569159,-16.67859777200018,-8.289323718039011,-15.079488447974247,-8.480712534465848,-15.746780429501664,-7.372673656809142,-14.450933851716288,-7.368478389211582,-15.17240391946899,-5.562295515239115,-13.993156710197617
342,-9.651453938060486,-16.283294548856407,-5.764429928698603,-13.390091902424913,-7.059303183952412,-12.913839230329696,-6.281085767755329,-14.616517447359207,-5.987008130364437,-13.493240898251958,-5.84017252258422,-12.661600125970233,-8.690847462027158,-16.014143061947536,-10.242281820844411,-16.791368191260272,-8.552590601958771,-15.209442861057248,-7.324885058647168,-17.656257730737785,-8.688680149096635,-16.796133058561896,-4.964945867330987,-12.587485917328838,-7.4659318769288046,-14.63161566532629,-7.906004598734041,-14.150979630884905,-7.440749014832849,-12.133647952321155,-5.840400205780426,-14.089023227085605
343,-7.967056615961584,-14.374882754251113,-6.103743077970076,-12.550292097614225,-5.47422042837616,-12.19452356369409,-7.753954358334467,-14.256799906690956,-6.058741032277518,-12.938683761150152,-7.446674638698231,-13.708410414114617,-6.091819254022108,-13.319454754980864,-7.905979912247445,-12.995294414498513,-6.701043709752744,-14.765887543756913,-8.340096928725167,-13.799974051002504,-9.212548534124466,-16.537397854277227,-7.195879151325234,-13.415408918865994,-8.0866700436785,-16.5625676692509,-9.312296932740109,-14.916113857173936,-7.473047694496976,-14.490761762870036,-7.1257172742506505,-13.514466831158519
344,-5.304529932577929,-12.54977776486982,-3.1916406081868303,-11.176612020534396,-5.152021853554626,-10.345670728982661,-5.317892167851291,-11.169037140469786,-3.896342069786432,-10.680526100841925,-3.844401681274123,-11.607606621735984,-2.9677460979567574,-11.48466936213959,-3.779876928323231,-11.012625039131404,-5.568076160179778,-10.787339197786263,-2.2351672325128806,-11.499416838600387,-4.940629329210793,-12.34572972330886,-4.250008631791605,-11.705394066316966,-3.3876919421127067,-12.502191787355155,-5.658489117063711,-12.549179227245673,-5.472400884114975,-14.482696415832962,-6.177261732496371,-12.632714479098189
345,-7.156257767399672,-14.754304288128813,-5.730175763393142,-12.572849244561393,-5.706732497605752,-12.414234079781107,-7.161320326791324,-13.407159271322328,-5.036109113926193,-11.860254550465699,-6.167728600661557,-13.73294947324468,-6.692835106916274,-14.127465348151897,-6.432338845605464,-14.440082428267203,-7.238910869144396,-14.022386802549727,-6.383924848788322,-14.948638527739632,-6.716015273469457,-15.146746995473855,-5.728251741683273,-14.017788735670894,-6.561053616348717,-14.170482160617407,-8.220326332476859,-14.671400441051365,-7.6091783825065455,-15.026859124649663,-6.732901462851815,-14.369869328364546
346,-10.055525823202618,-16.806113035930967,-6.517650167941477,-14.519161830108374,-6.6007772628125085,-14.59093074099517,-8.873505049285233,-16.40222889958335,-5.543242229902582,-13.16697498809658,-7.09764108689135,-15.626455895426126,-8.650574961669703,-15.849999932570078,-8.916031572797483,-16.962496293726495,-8.215771161176544,-17.7441000647724,-9.374838520388947,-17.048904311493505,-9.1167799267335,-17.982206461825267,-9.083639984557353,-17.013771544372386,-7.491521477818559,-17.348874456172382,-9.321461282043193,-17.569634357343936,-8.237573098589289,-18.775571827717805,-7.49823416498953,-14.43980318650702
347,-10.013666204202345,-17.37058648693274,-7.57977982917549,-15.90930848159215,-7.577144763221627,-14.341363864303238,-9.648822519674017,-15.846390951185064,-5.028002072736749,-14.208902560808518,-6.5223958010856204,-16.242841790639318,-9.057801119458654,-16.919002435461007,-10.822052789403134,-17.59594227140806,-10.466063835990552,-17.17963367025676,-8.152440760555727,-15.121477935614148,-8.931688087229455,-14.885812501054335,-7.574646397909458,-13.190975512819541,-10.365722502429355,-18.500106442525354,-9.568068959461497,-18.158667753027494,-9.193183736742437,-17.318836022168703,-9.372476979147446,-16.44695276943372
348,-10.498197912944057,-17.68437816225696,-8.659269947662517,-15.033206721436677,-7.442429982598658,-14.616133302511452,-9.746232696818332,-18.857463378644585,-6.856422850559538,-13.086822508565314,-9.202120079975387,-15.625581889855642,-9.573081400783108,-16.487102402269272,-10.1057777466985,-17.86289583491567,-8.952149208723172,-18.38078505564432,-10.218112094333794,-17.499110579208544,-10.639153562623228,-18.38823003494227,-9.197114133769576,-17.517879124587093,-9.234043068886201,-16.990749103602347,-9.060109749184589,-19.1404864779189,-7.326075295671971,-18.289112906657138,-6.246008232316265,-12.884852162884213
349,-9.21459076962247,-17.095707077926146,-9.0054595383485,-15.105722724167814,-8.09521842119793,-15.854839603334884,-9.911218183928952,-16.801708201372833,-6.6780968216439485,-14.625888205966522,-8.457849075183434,-16.403129502269934,-9.720213745333133,-16.323836735597776,-9.939497553440612,-17.73511329237785,-9.02090986611958,-17.545204633062493,-7.791179679268296,-16.187572215557452,-7.920050171718237,-15.26845824788747,-5.003532036099418,-12.167811380821833,-4.898209569583892,-13.487665588612465,-5.716437176120296,-13.476868819949138,-5.454601773067048,-13.000975724794205,-5.69958936299583,-11.665530608904211
350,-9.556077330568824,-16.61039532214175,-7.397743061295276,-14.877084317317713,-7.129869844712592,-14.45704600385759,-8.60871140900016,-14.523559661408429,-6.33764195725984,-12.352009543549158,-6.4632229412078015,-12.297372901938225,-6.04233091293766,-11.376969836093519,-5.867173384218701,-13.670673466490408,-7.554389111777816,-13.42288896341785,-6.461163393906178,-12.547033733590178,-6.753399379591553,-12.70557319485597,-6.924722726344916,-12.056556271482197,-8.114177541468727,-14.034028311380698,-7.523318663398355,-13.882209780947296,-8.572897471646586,-14.07157291902325,-8.267520098454451,-14.98711061186166
351,-9.761755823364922,-16.044655877499142,-6.734435045676609,-13.563642302212664,-7.160203252732361,-13.358466843815947,-6.827200745416892,-12.962936132807858,-4.592688183000334,-13.190884791294682,-4.545509494519763,-14.174480843048913,-6.574683041578707,-13.34686296521686,-8.698005762901078,-14.857724447189455,-8.66628672919015,-16.069857244443412,-7.381556999028618,-14.693335799984887,-7.20115990281692,-14.709316904637015,-5.174949937376149,-12.513446973507829,-5.400747003445688,-13.797815559057263,-6.719390768835407,-12.699045669432326,-5.626715991264754,-13.736480335288398,-6.037009497047711,-13.366589928612257
352,-8.036290057612971,-14.103271842413218,-6.654550038830337,-13.749482094106408,-6.836539840945047,-12.375822649667164,-7.391830489316032,-13.614626392951756,-6.90782701613629,-13.596697147583278,-3.995827304474539,-12.327375495150969,-7.654204331854466,-14.160131820181087,-8.253800864479611,-14.306073390295486,-8.808892075937951,-15.37921764771146,-6.04271756963957,-13.876848191241844,-8.534118223423524,-14.269398267352948,-6.686049852585967,-11.412601536251511,-8.290326552432974,-14.545232895656762,-8.240787820773152,-14.679025207992048,-7.635237898039319,-15.784306876838452,-7.855940709485985,-15.365560512457353
353,-8.682560111930611,-14.486740015663774,-7.731365488249424,-11.509459568353622,-6.8968182520250405,-11.960029069450481,-6.587610957811587,-12.90771991522117,-5.23852021360629,-12.769971980808583,-3.9281531414064936,-13.22679622432695,-6.629257238847337,-14.241338002821252,-8.705457264729738,-15.67928529095779,-9.893181885158,-15.416496220668455,-6.769030808817011,-13.756729945655412,-8.162166838841774,-14.571314771367355,-6.0455854130800315,-12.450164375451081,-6.268514154072122,-13.417798212444811,-6.7858778235564055,-14.685822819261205,-6.068161455615925,-14.146288923569639,-7.344041496679088,-13.274060382176282
354,-8.014060212709659,-15.889932157553607,-8.757502313223101,-16.8809162817844,-10.386300586123893,-15.86303775119028,-9.29830748217568,-15.410035456986693,-5.401688305863425,-14.778894291441754,-7.395824885724929,-14.5955676217887,-11.29175602243356,-16.542682933107134,-9.670857308662148,-18.239291976972396,-12.032419661025324,-16.65729039062522,-8.69881875249073,-15.720782398865534,-9.062046579082612,-14.24310494285361,-7.106953915004319,-13.668042532697653,-9.519434360046862,-18.113431925823594,-10.318165202105856,-16.06156115360579,-8.448504084115037,-17.23331695522151,-10.588043595524017,-18.37463393122145
355,-9.04801239204603,-17.088133218374008,-9.288648525149238,-14.006078797569677,-8.760572646075985,-13.109057862757869,-9.90491662538869,-16.830287262991973,-8.12855042563877,-15.431506164264977,-7.320788053484152,-15.019879710794035,-8.07009167688959,-13.780022677807587,-9.114152085442624,-15.521383048326152,-8.12757985309081,-14.763194850720147,-6.2616392575814315,-13.46695661429958,-6.835316267304568,-12.169823753127098,-6.150081059166438,-11.51071589665937,-6.1946648912884505,-12.020241166553603,-6.994410696316634,-12.266361555649869,-6.232027267791659,-12.452018659570802,-7.195925557582756,-12.702213420440398
356,-10.236740141758014,-15.896150916996941,-7.389902603731356,-12.760864001054022,-7.337569828583783,-12.639488449654984,-8.342698940904853,-13.526104881494218,-7.592611134563056,-13.084509302467433,-7.312224150769712,-12.697241876178051,-7.568500511694671,-12.33308420697713,-9.497980782178024,-14.929009432283934,-9.848534286028592,-14.9358823946339,-8.6590805165368,-14.445739119557896,-10.601480937541027,-15.786193914622679,-8.833691237876737,-14.491710767307486,-9.907883609664927,-15.630313260049265,-10.176880957911669,-16.205702776759644,-10.564343241639785,-16.441104259885805,-10.799756959504737,-17.659349353358163
357,-9.896022312630848,-15.86865098600397,-8.074330748759726,-12.586988234205057,-7.222930735235954,-13.052629318555338,-8.042645453269907,-13.683089749201704,-7.85978280520728,-13.170959812022904,-6.816389472340837,-13.268185608716752,-8.129755507376782,-12.705800090503121,-9.205092720437788,-14.804291736101936,-9.98930209006161,-15.164004469223133,-9.83986748043439,-14.184240662356846,-10.187161552804216,-16.032115884370253,-8.656160665624084,-13.721040828982389,-11.01841042002591,-16.308621886399653,-11.36148065454843,-16.892325431610896,-11.141650441332438,-17.17818076320579,-11.437616435655745,-17.102080814774926
358,-9.86326514357968,-15.733658236733932,-7.574686278453263,-13.038032479789866,-7.296243254689717,-12.943310896830319,-8.621146495506903,-13.723759181683075,-7.874572404118821,-13.673384507825563,-6.993878885993082,-11.965017194477062,-6.621767225779034,-12.682593799126193,-8.021062830726017,-14.469378596576867,-8.621338558715262,-14.74362424618786,-9.15882363572235,-15.173375381070375,-9.068559077101394,-15.414852474848743,-6.8992609737492625,-13.106583282620825,-9.51811452861448,-15.06379471158175,-9.41723455703868,-16.10393919945325,-10.031694457740663,-16.197099319482334,-9.203299219754154,-16.125556334096554
359,-9.676327334873761,-17.76472910459699,-8.067638880524031,-16.530115129158677,-8.983191708671862,-16.146190465983615,-10.62474460576514,-17.859945227559383,-7.63401278674481,-14.45957142302807,-8.779631621617213,-14.99485808715606,-6.662459237819602,-12.258453915212064,-7.201711749246681,-16.056879929168243,-7.494044967246848,-13.981681365681169,-5.117882961482115,-12.550348061627973,-5.537926656223889,-13.87125101620683,-6.0226055477826765,-12.848295342500178,-6.134917295461149,-12.9241339897813,-5.15193178490963,-12.361980342791274,-6.661535650089765,-13.117070843324703,-5.445480479990918,-12.630296374493613
360,-9.241783156815417,-17.152491810360665,-8.075044865704683,-13.065480355569141,-6.966342115953198,-12.371834328720048,-6.928872767868314,-12.5937309693416,-6.325223851751729,-12.463904321319548,-8.170228209515528,-13.675672368437517,-6.600524209809563,-15.355704532051902,-7.193271038578629,-16.02290751048704,-8.770948017049474,-14.691692510416608,-7.055454399423036,-13.92626663989513,-8.21141813625695,-13.512586751554526,-4.378745585755502,-12.49616596789891,-7.524941701433097,-14.187898264327679,-8.134365164420592,-13.195188432514058,-7.041178969089589,-14.02648854130334,-7.6328075919100975,-13.891260066504545
361,-8.721883698793425,-16.602434290292308,-6.962838130287864,-14.61333123676563,-6.870019269034373,-13.528565536846731,-7.949738541447893,-12.754515232345705,-8.979208621137001,-13.269026550313507,-8.032462104768971,-13.87800136215867,-7.489888715126861,-14.665994997465909,-9.435452543136023,-16.1767047028663,-8.51280608317246,-16.603896685948275,-8.03960204366534,-15.551105187464385,-8.528610231463961,-15.686384426766617,-5.305671885181781,-13.170921459360718,-8.284825084234757,-15.311869214395607,-6.919726894063705,-14.724582771133738,-7.299688567384269,-15.435307736780171,-5.400512819835274,-12.84305192880067
362,-8.777904325787127,-15.297586814540743,-6.630514724523808,-11.146006041967917,-5.688479480896865,-12.565300446161274,-7.512297474416586,-13.786968902530589,-7.217640236728462,-13.892067114477168,-4.386668234207201,-14.545058244001945,-7.428427472567436,-13.64550876707513,-7.790669793830061,-14.277075942889496,-7.9339954376812685,-15.38891680246113,-8.2551289065516,-15.237851425751456,-7.640207445213296,-15.411500335425066,-5.985153280557736,-14.063073931626015,-7.470670089387619,-15.867810318327503,-6.165791742449339,-14.826778716993354,-7.394832859395106,-15.164758208252834,-6.816590985230947,-13.901839643236398
363,-9.075050734318195,-14.343307678345457,-7.831671306206913,-12.246673979906895,-6.745024210520352,-12.801586582198434,-7.199744152306215,-13.213616661479445,-8.35587877660702,-12.85235037661793,-7.082753429490553,-12.130669642526053,-5.923535610685859,-13.325605359079383,-9.33832051571114,-15.376144282376247,-10.503193761373936,-16.10544513776128,-9.383343846779987,-15.952444507833327,-10.039896219434128,-15.663071128131536,-7.6771695215558005,-12.880984767890904,-9.5693523987202,-15.765759215501445,-6.481930765461903,-15.05344973612826,-10.590742216743148,-17.677294999596324,-9.851230186875974,-17.1180782737377
364,-7.644152197154308,-14.069323565011963,-5.933332489675052,-11.858491958314175,-5.39453486127698,-10.750365724516431,-7.386938560268238,-13.06003114093051,-6.607734439489149,-12.606052464254393,-6.506701654872881,-13.322716046282002,-8.103141239708986,-13.787994926139099,-8.595357289738514,-14.634625187842916,-9.15784731111257,-15.399236442415145,-7.174759662676858,-14.359248177057838,-7.13288761499876,-14.848532631265684,-8.215687457393898,-15.185795502863094,-9.552569573927725,-13.879931092408677,-9.236027548141577,-14.8236352701021,-7.889552244951443,-16.961801309630562,-9.854499603849261,-16.28853141775635
365,-10.052851684013635,-14.398017126964541,-6.399900049526661,-12.842923440649347,-7.479012213121048,-12.074258368417992,-7.418999906769573,-12.581886361298594,-8.735452384587166,-13.984953604906147,-8.851034593142746,-13.063616324557652,-6.660162195325098,-13.68608039556278,-8.607272241275815,-15.07357146633824,-8.679471366538454,-14.019576697913717,-8.99675245285925,-14.4433339263031,-8.83790824924988,-14.335489291865146,-8.974156546335161,-14.867509610524943,-10.027170054089789,-16.466272185766904,-9.25398325875482,-14.821386011909045,-10.716868536548446,-16.110426984983178,-8.896893376510253,-14.635880342528084
366,-10.547729563831979,-16.60503001132315,-8.19441401642342,-13.712849017540396,-6.765151072310123,-13.020730581067879,-7.115488340460365,-14.047387838783045,-5.5852979333842,-13.902169235733918,-7.5017442112324435,-15.67444246285271,-9.333252221974535,-13.258413925658797,-7.620794332260584,-16.564147633787453,-9.946518840313198,-16.00792933858368,-8.611421531629146,-15.657038774970458,-8.727087053621066,-15.160551029414744,-6.961089292720658,-13.993065494025494,-8.4169625761324,-15.137961371525183,-7.655060690294665,-13.362060004988916,-8.564195333183545,-14.965173800221535,-9.128980864771123,-14.52658723195454
367,-8.64584055811767,-15.050933054901945,-6.054040109287692,-13.34752376768391,-6.01134678718596,-11.232634123584784,-6.847329451390154,-12.56597947871576,-5.203189327030127,-13.273771151129496,-9.6565905913305,-12.912238027814452,-11.069828529015744,-14.351948658734695,-7.817346793980868,-14.057731331894594,-8.83674880192984,-13.34790192653365,-7.559738176063059,-12.389933629744974,-6.581516789765884,-16.485491032382953,-6.921495978040605,-12.74534449379362,-8.986800201429027,-16.116899509501057,-8.721317708110732,-16.674875925816604,-11.428172293658154,-16.49628292172148,-8.314784494612914,-17.630502566862006
368,-8.100478746957329,-13.741666528468052,-6.221662987366391,-12.840430320281158,-5.862423610468684,-11.615930290074745,-6.399059394909572,-11.354739012726077,-7.015865871484604,-13.699829875985909,-6.367285861237503,-13.03862481592497,-7.423507270395256,-12.604960332059898,-8.424837809129146,-14.784689361127601,-8.770599600257844,-14.27716396307279,-7.207995546767405,-13.390911194515343,-8.59715159729632,-14.253138647991168,-7.00801615526485,-12.652307978140794,-7.9684347971851235,-14.377523936868648,-8.247991756719241,-14.070142552147297,-8.279897892690034,-14.762746052672483,-8.158292142053513,-13.518185045051524
369,-9.763603850892181,-13.03524171013815,-6.064708333505723,-14.52113446230591,-6.965203575512762,-13.464942912422213,-7.294459522087118,-12.916418179330885,-4.793764495298578,-13.497474815204484,-8.403086048310492,-12.633789846164225,-8.054908299377379,-13.722428110710482,-9.420399912057748,-15.176624017398808,-8.183273883706898,-13.959399588479775,-7.794609614559835,-14.336514069024094,-6.335716911657809,-16.760445662702583,-6.266671703935626,-12.94472642088345,-7.729321826298339,-13.861946553351254,-9.10676687028879,-15.387136916965966,-8.535600064849664,-15.864161420176998,-8.609179647879463,-14.310558611204687
370,-9.550929853915179,-14.73648604083558,-6.302495389331508,-13.113645812842252,-7.617419503993467,-13.00874104902708,-6.632737558568831,-14.01043770982894,-7.1860994306329555,-14.280745586765915,-7.083352478847652,-13.92545086242331,-7.367142438646176,-14.058258490808214,-9.611310597807703,-13.782837123114863,-6.772551488481423,-15.407824504452936,-7.311540048200614,-12.96863617287393,-7.743208352750357,-14.362225412458509,-7.288945838448024,-12.99381831030804,-8.89051002819224,-12.874072849726515,-6.600903795327971,-14.122690991045664,-7.762416535221207,-14.088144672146512,-8.757300467299363,-13.512508410574656
371,-7.908651468313808,-13.63236156634171,-6.861245344511312,-13.749299943252042,-6.959981011431124,-12.658311198079687,-5.222750385775084,-12.161708830725548,-5.95378289278305,-13.32660724017661,-6.766200634529084,-12.55139085449348,-7.19067884577221,-13.197313687566258,-8.09001517483906,-14.981660166186792,-8.914129947870801,-15.270604189121194,-8.471748801253652,-13.69397728856465,-9.466125215601972,-15.233540258269663,-7.251811127543321,-13.971808997565738,-7.32100116374493,-14.675322292860596,-7.243244202687768,-13.939531155412856,-8.327244968808738,-14.835869621222972,-7.618208011431511,-14.647948553905309
372,-9.366474792325619,-13.990904894250697,-5.233088223257241,-12.786203082400702,-8.808084045740559,-11.332563178351078,-6.9802059058333725,-13.160561221945557,-8.417364065663557,-12.798122700903994,-6.642442094967409,-14.408495446026205,-6.752025557821476,-13.045441974250114,-8.722906418835784,-14.879405150967361,-9.02807338045173,-13.892986312500843,-6.104233298613529,-14.224211310826004,-8.58187613498313,-13.046093998533031,-8.269022853885875,-11.752777131535431,-7.108429297569192,-12.85230214901678,-7.593966824730569,-14.632419838184223,-9.250859008137882,-15.521632890128158,-6.010665683966466,-14.977857576812372
373,-11.031586686596507,-17.514438168141325,-7.583986314978963,-15.803065509305963,-7.80488021874252,-16.353933372840256,-8.460129081862473,-16.75807225332823,-6.355836463158951,-14.36460652824195,-8.292865210839643,-16.08810647549191,-10.028503152731876,-16.710523679504288,-11.663822449778696,-18.001862287361106,-9.30453510209744,-16.541583856373244,-8.243960830033444,-14.670133082076863,-8.345040538455077,-15.818252192601266,-6.673936292201176,-13.843979155990658,-6.992671615395647,-12.706765094503552,-7.111392796515378,-13.965389641987866,-6.9548674707725695,-14.592637012098477,-7.103539596139524,-13.993561732128459
374,-9.449650283456466,-16.653016452300044,-10.013194959139264,-16.056857869337243,-9.242090743463455,-15.611588499496083,-10.665919663333002,-15.561614361517737,-6.874612660167082,-14.92739766031777,-8.618207375111982,-16.6601175826672,-7.9319231991531485,-15.756841732257765,-9.962357436376227,-17.514464135594523,-9.422848787085506,-15.63272571937306,-8.890658829025524,-15.761660424189161,-8.241423960198071,-15.33433204971081,-5.65956199396322,-12.779702998702234,-6.019891270494716,-13.772017679723142,-5.524162185373857,-12.763813690437448,-4.488070396869542,-12.64291476687215,-4.547147640146533,-11.95342581423171
375,-9.44388820312813,-15.642565507507204,-6.064751163041425,-12.14502045584857,-6.000410692140145,-11.278300370133561,-6.290578592497818,-12.591858021787669,-5.949940040684365,-12.333562371152723,-6.545663530103582,-15.844710652906626,-8.928835801902233,-16.236823978120015,-11.79499174861651,-17.20512695547102,-9.728148469801342,-15.69225781397577,-8.997961261719617,-15.945478068532552,-9.006360976072827,-16.751022365616898,-7.295908451843028,-14.511307119072,-8.513399254352084,-17.05110474032186,-9.020948301955404,-16.575308266006907,-7.660962152483276,-16.467165845411323,-7.762199438784444,-16.120800340832517
376,-8.362265849624093,-16.108807837957595,-7.456554988913328,-12.894480236478433,-6.210608189284557,-11.081004582686308,-5.11128807551329,-13.399394917737782,-4.906150362796093,-13.361519498960009,-7.680333325633746,-15.12189626998298,-9.267923657729309,-16.856443240674984,-8.690165956430171,-18.459590039867464,-10.227870308632172,-17.080519290270182,-4.65009361863438,-14.919085844219651,-9.00775495091859,-16.54052237319067,-5.565423776614695,-14.008111258708196,-7.271244660085286,-14.92876116148439,-7.906071996781487,-16.40693443846174,-6.483062008775447,-14.437188888664888,-6.790858919328246,-14.57346921072917
377,-10.032388995459167,-16.513473198639343,-6.470086847114068,-12.79671251202001,-5.726721301191647,-12.706348707965331,-6.60566638500301,-14.344497411997288,-6.435336782251482,-13.211626769532893,-6.884129084867028,-14.5240985735343,-6.843820158191511,-14.724299935738669,-7.911817290488669,-15.163574745608699,-6.924655461885947,-13.901988231608723,-6.007212890406043,-13.491018465455088,-5.989287868125205,-14.206836102411035,-6.192441285904909,-12.210688943104755,-5.864144680986754,-12.481116300714755,-6.120993436680008,-11.53644409582284,-5.829686019764767,-13.194721355105909,-6.7380006898043865,-12.043228201762172
378,-9.890850181475912,-15.66456920178996,-6.668982101726123,-14.164659737192888,-7.958084167628783,-14.222653849314902,-10.022714650718843,-16.39010082772031,-7.75649146734541,-15.610110156449322,-7.285120570467361,-13.803903330029947,-5.979542030453154,-13.374609697683582,-5.700101917058578,-13.578536303541684,-4.8563041923707315,-11.937812076886338,-4.35365511344122,-12.00924404847246,-4.198186726376764,-11.116701645959935,-3.1454696550157113,-10.483189182533085,-3.1754254944981,-9.797334610711308,-3.0895717234846916,-8.787163392897025,-3.5009775017894302,-10.989077504358885,-3.7720319202591353,-9.62962962252992
379,-7.649881858015281,-14.40664941226309,-7.838974011797893,-12.473054510149142,-5.217008474703395,-12.4844752988692,-7.707003676443469,-13.487863950551128,-6.197713071836742,-13.773847434059041,-6.516886541730253,-11.394540889778707,-6.513363535007323,-11.841443558852284,-8.947611636618456,-12.809667200716188,-8.18245196591668,-13.04804919312193,-6.649101890259498,-13.30744831392732,-8.365354064904873,-13.977702876582383,-7.103136069281418,-12.568438129975103,-7.543924296453058,-14.071986554665086,-8.979644416671862,-13.932585418641166,-7.215561261417596,-12.036819656225804,-8.089928026216548,-14.288129201451609
380,-6.9044751128912685,-14.755928225130933,-7.07997445231457,-14.30497739839591,-7.2053866321131785,-12.31583748197207,-8.400967920852796,-14.031773077992806,-7.595389949829463,-13.027796665780176,-4.332146328894949,-11.366843583239532,-6.024766380770541,-12.759528754922405,-7.659012600510117,-14.1127951135844,-9.102201671355672,-16.192560678064297,-8.0851798870837,-15.140445076275782,-7.8909083229290555,-15.039359313253655,-6.3122183839459245,-13.848460279454322,-6.914302670465481,-16.028340630555043,-8.979575637048226,-14.01990391655923,-7.328553631322958,-14.78615904074934,-5.447499692254556,-13.196179156863483
381,-6.487222938421152,-13.199051870138032,-5.567766508828345,-12.354853631051668,-6.0706352858092885,-11.490219860543196,-7.082543987961341,-11.79809717051688,-5.475036011679406,-11.840514282189151,-7.288376474031876,-14.0234846701102,-9.873254150139916,-15.380219799318702,-10.716643179585866,-17.488769829110694,-9.101167469275977,-15.944887365156548,-8.296161199597286,-14.679346468736277,-10.832751726580197,-15.668671560581798,-7.120220966584892,-14.088880448971956,-9.71800781478753,-15.689011764691575,-8.640337147667385,-14.528636971670576,-8.79620877327118,-15.874887724001074,-8.08062488354779,-14.390451143857764
382,-6.763025847602783,-13.61256140777235,-6.1944452888619015,-13.53255919795063,-6.474265709891917,-13.656622228805766,-5.685618556921627,-13.942776927989764,-7.143005035494029,-13.115419211546557,-6.686573909192372,-11.81804315930702,-7.346682937345421,-12.662638636928705,-8.702029572500669,-13.798615614371554,-8.651041805146894,-15.410594792993411,-8.208076431921594,-14.769225877158856,-9.783516092332587,-15.60839179167858,-6.3414724474881545,-12.346943014903307,-8.565537487903104,-14.054994211751076,-6.7160918060805175,-12.6511721194726,-8.824553060180783,-15.765425151686829,-8.208271853769713,-15.119714739300914
383,-9.07301266112394,-12.95214584970201,-8.46223137158557,-11.624382976250104,-8.551798696986454,-12.001883573101932,-9.234686440495492,-11.551570579739947,-6.8811182393256605,-14.351412526722672,-7.7771018182658285,-13.595170347170825,-8.174327702247353,-11.170289675990173,-7.922610745792276,-14.49156411120036,-9.802385879729947,-15.081317116901282,-9.721596499695123,-14.132227243541672,-8.082194919528343,-13.298720165057336,-6.73212936343071,-13.85635214193687,-8.322360046061982,-14.12357149004167,-7.387336005938838,-12.45124517604782,-8.330906174296288,-12.848577187703288,-9.5657909740513,-15.264610153640202
384,-11.943739478634718,-17.826520482596678,-8.167117680172527,-14.26765975751323,-9.874846576844329,-12.990721188072676,-10.025383640973782,-13.97334424443763,-7.556915859478817,-15.08177675261462,-8.060934044270097,-14.564955594064584,-9.069188283732103,-14.597487980407454,-9.296875142671086,-18.05766455192637,-11.723682344323054,-17.780367492736616,-9.278280412568838,-15.774983240050858,-11.54715861541018,-18.264542016673452,-8.085684468571104,-15.197674473361996,-11.893403595046657,-17.725913063388088,-11.186055211750999,-17.312789600208156,-10.208325188555513,-18.670641699089657,-11.871936841671356,-19.33817982238501
385,-7.095282985591515,-17.132988493336182,-5.548182701481047,-12.982848022139109,-6.825693087520204,-12.740850311315343,-7.532525525746857,-14.72109862901981,-8.20023916042261,-13.10956529104124,-6.449868896028478,-16.123918971488024,-4.354014238786592,-14.962556437513738,-6.861320721706914,-13.035778313385789,-6.515858758059629,-17.18926456734699,-7.685964457374778,-11.05094267432927,-9.09069298871495,-16.081516011552186,-4.959447760246518,-12.35840366894813,-9.96862840699541,-12.327453951727044,-9.055319522508102,-18.22231634152467,-7.650429564371044,-18.14142186664742,-6.92881853465712,-13.895176543808923
386,-7.694048935700617,-14.964841876306341,-6.838964028444103,-13.55412828094643,-6.918885752154953,-10.676982146978782,-7.518523105132794,-10.295620060731656,-5.413373441369096,-13.135561385487414,-6.416560166275175,-11.551456632740747,-6.676435726169869,-12.698536184218991,-6.628542861463527,-13.764020592153937,-9.091762069821252,-13.128287965256547,-7.486642053790781,-13.56865074349461,-9.220928882679583,-15.078889799756235,-6.996278662907045,-14.220090674218245,-10.870463582776628,-14.703368577136796,-10.41470263281041,-14.918358333947548,-9.591347856735265,-13.841992177372678,-9.678600668283208,-13.978154490317152
387,-11.310735442337956,-17.91358842853302,-9.082128760377687,-15.750563919954846,-8.676386672709393,-13.844503869067955,-8.737943632295227,-14.173799313516607,-8.110782266795445,-14.132741646127094,-8.152900769010818,-13.343035238954094,-8.514646197358541,-14.148223367075857,-10.48403707326857,-16.449516215937926,-11.146394121697602,-15.966028835584519,-9.6249459619328,-14.929751352104217,-8.47368723340665,-16.444185463335423,-6.68465450560633,-14.061848613459931,-10.07009917847828,-16.8224573115458,-10.12510014313644,-17.060450805398407,-9.537833266885897,-14.55982647815982,-11.831079608126732,-16.43692411738033
388,-12.028301048435244,-16.974464525451676,-10.76804850601318,-14.28614345670335,-6.446524027965635,-12.935829070723575,-7.8970458828192,-16.578664954618677,-8.309533563868932,-13.626208454922612,-6.139048247862649,-15.477659801805066,-8.020398252090601,-11.277656931226653,-9.809888648718106,-16.397530448356534,-10.501043964111467,-15.794918866962691,-8.651846041622129,-13.987910178574776,-10.329814284703616,-14.987112998288367,-7.58164609086432,-14.11067690343849,-8.400118106982795,-15.509141614467586,-8.173919117943358,-14.686544740642136,-10.100511184203441,-15.572686791819832,-8.174262346535949,-16.348244497029793
389,-10.545421436804636,-18.965916903724732,-9.888137866077546,-15.435862538281507,-7.4674755431651345,-15.449688784086671,-8.607925445212555,-16.01698249128024,-8.773346582646319,-15.770712177484453,-6.941065931561888,-12.90979699106233,-9.01243359685662,-13.99781938349989,-10.368912300849573,-14.602504154057083,-12.799410277355552,-17.28804941048474,-9.396653268571653,-14.392473202180664,-10.422111143284628,-16.579738611395246,-8.217223755619216,-14.95360436442172,-8.445552176092244,-18.640236703551682,-11.673735942198284,-16.938188670671316,-10.79533719246381,-17.135982575839613,-10.894269838105952,-15.8313004841783
390,-7.873214193650417,-14.631033023164306,-7.0462658618150895,-12.29819014753102,-7.32778003220489,-11.336237599494744,-8.76614558997884,-15.269598121552274,-7.678760849223542,-12.388979222908322,-6.869597080223966,-13.153411980299474,-7.057786093840966,-12.748583197373337,-8.227879271487678,-14.01018992785781,-9.2637412868839,-13.359195622070946,-7.327501279162734,-14.445391037461654,-9.652716039294846,-15.707133169461427,-6.835585373798453,-14.273760659592698,-7.808362477301847,-14.39824336520783,-7.3754204597170805,-13.517007426222174,-9.537380461279295,-15.291088892189709,-7.478314759936731,-14.691160013154253
391,-9.663002308504536,-18.249128567179884,-10.522831528925673,-15.710665225438161,-8.542431725957623,-16.033718805929187,-9.080911293458783,-14.479776574747119,-6.832313180759183,-13.209285219188398,-10.964216104883178,-16.159771933641338,-9.946911037236534,-16.25727597796214,-9.272401312021076,-17.847668872616747,-9.526338449180775,-18.649658262603623,-9.447799698060543,-15.889484607502563,-10.87849662013906,-16.935993207323573,-7.4331856549491935,-14.222987388690086,-7.939539800169662,-12.199003418785338,-7.282079144002677,-12.93380853588399,-8.915303072415536,-13.8996857065961,-9.231474110832277,-14.269255896366964
392,-8.066952559641932,-15.886652253251318,-7.572430370644189,-12.836967770440422,-5.510567496113787,-13.559401820078696,-10.347899528964838,-14.67761689528803,-6.3459514136410435,-12.266358508833566,-7.020827520757877,-12.31767239373502,-7.626998938882341,-14.367906143808993,-8.08233183657021,-15.616673424668914,-10.080532835678701,-15.068556519156752,-9.256993463832229,-13.881316613015077,-10.146522483659684,-13.317916684238282,-7.782607375833535,-12.026291262937574,-6.511908506908163,-14.39658921764858,-8.755035561568894,-15.126030038902359,-9.016561913777629,-14.610858782782882,-8.833185081507406,-14.098593887687658
393,-9.205508919796072,-16.041805970660544,-7.160112092758909,-12.129348700898422,-5.481816210776756,-12.254656080028475,-8.38173531824574,-15.937871272512707,-4.605906548008946,-11.27802819807832,-8.341685110432985,-13.439038695168573,-9.164704512185658,-14.787123850442981,-10.020373584520266,-14.191089844980826,-10.899277574945913,-15.475941124321604,-7.252483841115865,-13.673668820683194,-7.924633082049237,-13.273402458367947,-6.328875634134863,-13.305619274561366,-8.364816689382033,-14.251521153777567,-8.532025938520599,-14.637634679099392,-8.657933999938694,-15.666558940188228,-9.830881064520376,-14.034933571259216
394,-10.083566593558382,-13.567763958453478,-7.270218099112295,-12.589055947747813,-7.283491506932664,-13.933055136226987,-7.352223954240188,-13.487634857053447,-6.741496724068919,-13.610858714434176,-5.655364794764392,-13.795568985742852,-3.97786989599394,-13.776682813076562,-8.046536697753258,-14.29786962545829,-7.977188048899409,-11.664507927351735,-8.867985622011913,-13.389020926914974,-5.595544629729275,-12.46661652108029,-5.802259013966697,-10.943174729322662,-7.638780996240442,-11.844933385632109,-8.363638865507125,-15.35612107409862,-9.1603255196136,-15.589281153543622,-8.845414490002126,-14.179747324521333
395,-8.427103661418432,-13.578854750600422,-6.324127482790223,-12.356513096905896,-8.762490066529766,-12.243803255029917,-6.705767801626665,-13.303867794730646,-6.620108233074189,-13.58080089391719,-6.389709404504348,-12.611518821668525,-3.342828499203077,-12.598222237947631,-8.116733670356343,-14.037571921149109,-8.398242413785464,-14.170883123803769,-7.388731706626505,-14.437973176855245,-6.915136363896971,-13.84794548785523,-6.935217639384237,-12.902419641213985,-6.8295127025896445,-13.203112006482272,-8.709083544839785,-14.18628839546437,-9.082769401375641,-15.376559723172909,-9.14124625717122,-14.473532919567475
396,-5.895494165961378,-13.395183039863278,-5.040433450754444,-12.010708936937341,-5.908106223588348,-12.666364167433638,-7.666884263285767,-12.002959795925106,-4.670473537493033,-11.42906621139818,-7.422772185670949,-13.195773995491486,-7.3914175905219635,-12.648908263189444,-6.445680201941321,-13.034221324916679,-6.970870558101819,-13.654435985710414,-6.626311115408546,-12.361875399186793,-7.3539154204953405,-13.645015545262995,-5.478587515234718,-11.375024208298727,-6.81683785254842,-15.263466168819162,-8.88672387339114,-14.02498212984218,-8.851061691218957,-13.255067656351656,-7.984719548772318,-15.507629939474537
397,-8.342667116601104,-12.061327405648354,-6.372175031086201,-12.592762453837558,-6.980867187195782,-12.255795743419203,-6.615862963574851,-12.304175419647876,-5.632650238152278,-12.807004702033439,-6.017510236532835,-11.092409610466134,-6.067380231703794,-13.129282867811298,-7.604298944897085,-10.38914187193882,-8.293037424688293,-12.3957606099162,-9.546756536795353,-14.234846693046224,-6.971779622358874,-11.088987672443785,-5.800808982597156,-10.900385876716001,-7.827205132637553,-12.871815917963538,-7.967122577143665,-13.609929023879126,-8.366356664423915,-15.066418135171064,-8.249924649125276,-14.336623796020769
398,-6.789582588802904,-15.927138215258843,-5.052378576036952,-14.066222513078854,-6.118738940562012,-12.111831534608442,-7.409631531123474,-14.553565960777604,-6.4283565363519966,-10.817840920843532,-3.728241570116795,-13.525946757532438,-6.385352458359202,-10.877089375826024,-8.007295998950095,-13.279983081268279,-6.494109496756342,-14.269900975224676,-5.380964325033365,-12.785706791493226,-7.5344321441033095,-12.75557597826188,-6.861512906449175,-13.875551978583916,-6.021597783229921,-14.619277897239918,-8.544359713436563,-11.149557336672736,-8.587780938978092,-12.190175517674614,-5.031683098751118,-14.41582712529246
399,-7.6514150476230025,-15.990838170700597,-6.566974758138793,-14.321458751810301,-7.570943053334994,-12.158708509026695,-7.769704026574718,-14.23489579467758,-5.214356031437863,-13.132847007291382,-5.524641050274383,-13.492709673597199,-6.521359932684311,-11.98075015164181,-8.360664845542814,-13.0923201626221,-8.925718889547976,-12.680654177274755,-7.770914065409519,-13.832206128438099,-7.928497286158751,-14.985594264509318,-6.421021799786331,-13.809994954573472,-6.389000090905173,-16.08340996616255,-9.690304894942525,-14.834866671803404,-8.55036106781404,-14.137648807944352,-6.371458537987785,-17.990284282742405
400,-9.02240520026491,-17.034163178962586,-7.051638028644431,-12.98607980711838,-8.703588729971818,-12.414558017043849,-7.9022179534543655,-14.073009673063254,-4.8405012358608195,-14.534574659339663,-7.416222542774346,-13.829081672583463,-7.513617805173752,-13.186951034551148,-7.311357004994861,-13.732493619220335,-9.367962241149485,-13.234227144139727,-6.723026396961122,-12.706370159935732,-9.287357941824565,-15.464927344923012,-6.338940588711175,-12.671916936932174,-7.273278048096082,-15.628454783732002,-8.101574191558297,-16.872222276765708,-6.989118960516749,-15.77439723828385,-5.795513340584017,-17.1327629917255
401,-8.949397744629419,-16.155672007662645,-4.812588961355529,-11.934954275229806,-7.40762772379623,-11.594256100291613,-8.418695226772485,-14.041531042137713,-6.9208594506939916,-15.782806078906335,-7.208333774904753,-12.197164334382,-8.311084764799203,-13.321856548811269,-6.590308580798736,-13.610733761963477,-10.192607969055025,-14.282785014408026,-5.271917833672507,-13.069423917183565,-9.695074225925653,-14.673786220014488,-6.8416116389831725,-12.35104547899616,-8.103418469511269,-13.331063017529015,-7.121502972708625,-15.110889316671201,-7.165570010402849,-16.244066412438382,-6.699719267082283,-15.54800484205613
402,-9.012643028944945,-15.07818951563105,-9.072530727609777,-12.457072934896294,-8.435192169167564,-14.672802053371667,-8.881578740332241,-16.515155444701467,-8.927748452132034,-15.663722100745145,-6.518946837632776,-14.324552822348156,-8.587898329237477,-13.765147777830407,-10.264088234600726,-16.794061906556983,-10.053255323729637,-16.786985128452308,-10.232539109033944,-17.88131422275364,-10.585308669192665,-15.643466095927911,-10.556936995386359,-14.1753034187367,-9.570358426060801,-15.360327037153496,-10.657095843876952,-14.171450125163732,-9.229104677758327,-15.945783818542763,-8.729444396813449,-14.38660725271501
403,-11.017181934883823,-13.48428714664146,-8.185645979637684,-13.371364444921918,-9.420617369880445,-13.575176313478305,-8.26205586953117,-16.111181127618973,-8.53309826086632,-15.484892600681224,-8.898687934880321,-13.628061469452579,-7.759044199190535,-14.31551448007433,-8.11720188612099,-15.174228849063402,-9.070726964632117,-14.37724155702429,-11.094998820071426,-16.19707494278464,-9.408599515793824,-13.429450187537801,-7.593240941024229,-13.54029354916721,-6.932187724820205,-16.88962797876647,-9.484473884940897,-13.471167526728149,-9.146062021307165,-15.535997051784971,-8.412970196411386,-17.467707498275566
404,-7.399082911476807,-15.327660949969522,-7.712673928039609,-14.955475760673519,-6.613217914270612,-13.219281369834412,-8.169319043127011,-13.397347524765777,-7.6938658282452845,-12.6067131676257,-6.712938865312896,-15.11258304027578,-5.654606848864806,-12.319633553309483,-6.896669425407936,-13.83701456713121,-6.53783801359999,-14.120532799118898,-7.867131553414058,-13.946417317168521,-7.1787296394155184,-12.932106787865722,-5.468604607409868,-14.825561494864157,-7.261352622370895,-16.179327810775945,-8.819428681864892,-14.986289041100704,-7.828703830186875,-14.554003526032693,-9.741171184894313,-17.492535211285468
405,-7.94210474470871,-13.334935693775167,-6.213639449307609,-13.834192802513288,-7.866276300060879,-12.505748737001152,-8.157737435956356,-11.774861556934976,-7.230213541360827,-11.83251007827041,-2.9435696255823123,-12.755509015354733,-4.285953194444244,-10.437370524038048,-7.393852243316009,-14.02899439518572,-5.420240745875125,-13.29372423613931,-7.509203115947054,-14.888072237071416,-9.763274590397385,-14.336102343786987,-8.26295767889402,-16.53865811645823,-7.099176268331554,-15.211838030972817,-10.825967369074963,-13.959237546552902,-8.247773018879114,-15.36554732161979,-11.441449488538098,-15.741461142816451
406,-7.192919436643646,-14.329653844644108,-8.364393473723432,-12.345023213221564,-3.709102749651418,-13.200398281318781,-8.937055047619339,-10.88862964540682,-6.934306930499565,-13.506139839492945,-5.661355387912036,-9.818371285337168,-5.053817809212103,-14.47896340514188,-8.786568154563192,-15.81770286754898,-7.89426859195117,-13.189036829187152,-6.5703620156894535,-15.309141248712297,-9.056848576492802,-13.720814153057233,-7.118550190909199,-13.158582108477425,-9.606613640618278,-16.18748455276194,-8.015828654033644,-13.53508252364935,-8.515791172380005,-14.672794848885513,-8.248597097582063,-16.32678547810832
407,-9.313478078579637,-17.406630419998123,-7.688925068754623,-14.580272792067676,-7.58693880906077,-13.31288665008052,-12.097132510691175,-17.14181964822839,-4.541368514246191,-14.84673494340929,-5.723912016292147,-13.880591370457811,-8.656367819277055,-17.05173378942701,-9.897816489425626,-16.559973084835146,-8.571194205833738,-15.66673969681905,-7.674976466047837,-14.800498005581058,-7.413277758944547,-14.964518247490231,-7.217331387845895,-12.973010946510062,-10.2548639585549,-15.279680790164026,-9.293942388945181,-15.366433674111144,-8.333160777350162,-14.70989005033288,-8.692970211587742,-14.281436124209357
408,-8.511131617563898,-16.080003662570025,-6.338786280523914,-12.583057568901566,-5.203418847847479,-12.430854522062283,-10.116621683342649,-14.980023602249052,-8.309622686968861,-13.200796735630016,-7.078759418305006,-12.104470538734901,-7.371957382764062,-12.89319496931202,-7.888475765969263,-15.264688066141387,-9.308058760152708,-14.321905864631939,-9.180759159381989,-13.092837682038532,-8.198331883520654,-14.344164102926698,-7.602243208016341,-12.687714291993204,-8.654443843823337,-16.237935500846973,-7.372885722409707,-14.03865851553931,-9.977762139370345,-15.129871206227945,-9.828805104849765,-14.448945449207006
409,-7.40895440617785,-13.31786234778389,-5.285685358603013,-10.838912403614325,-5.624138517152737,-11.190093497770107,-7.664412478927478,-14.637520217534242,-2.221119949088244,-12.501711802191778,-6.257446210629476,-11.096337793469857,-9.63263220408529,-13.101638576269599,-8.465213425430498,-14.426891574623578,-8.181218993452816,-12.700559292187599,-5.527657841147301,-13.313599744758246,-9.424577669372237,-14.69057061693628,-9.054364262295723,-12.826121891510077,-10.799658044380056,-14.255351456022257,-6.524658918164641,-14.834191007141783,-10.140807440923506,-13.172100361964423,-7.357106524224677,-16.202050756835973
410,-7.973071867534434,-15.996988576628082,-2.9619248869045904,-14.520144952151897,-7.0634265704149435,-13.931814941418528,-7.4429552093674145,-13.017968728126931,-6.408930122258708,-13.14711322335378,-5.112878970121906,-12.313551597966407,-6.370956396862287,-12.72062024960469,-7.868149538471707,-12.275879422864664,-5.681901144515255,-13.990355213983639,-5.435581029788674,-13.610944942237385,-8.85526037046333,-14.649718946861416,-6.030909995529866,-13.599290786767842,-10.637235525651182,-15.79634561365997,-6.9675801096707035,-13.266880546734841,-9.21307049381253,-12.938791883393467,-7.822545952592658,-12.985031819086956
411,-7.227987192956448,-14.978008196676583,-6.3723063709927485,-12.522847746435176,-6.744266515493051,-14.994004107634174,-8.207447194827166,-15.207443746837683,-5.5083442539611465,-14.045896813044811,-6.948837040563166,-13.602439913629244,-6.140121493727813,-14.03863142927404,-7.939165999217349,-14.447726857219877,-7.6675961370270675,-14.320280892070409,-6.584061182550165,-13.71581050116161,-3.7237203092166777,-13.701673679686046,-6.535649221538391,-11.720584871714346,-7.908532306776523,-12.81059904678078,-6.473584204352306,-10.803579733380422,-8.24529891482997,-15.234581173205878,-7.472880901226334,-13.699051758675786
412,-10.375888548043854,-17.908775186403954,-7.408290132628915,-15.188739166965071,-7.985480417969205,-14.543978986311103,-8.919507767034867,-15.945662435582124,-7.400256897788763,-13.61037031758971,-7.662472019426216,-14.010803213421646,-7.8798369472202605,-14.338743069252027,-10.546803210029838,-16.562998023800194,-9.540613887343065,-16.19054037171632,-8.470480034357529,-15.864701237163068,-7.99445860315581,-14.21904451484175,-9.683872791108039,-12.603731243262192,-8.18164343090849,-16.765237804404347,-8.318320896359797,-13.785433603971043,-7.910113259411929,-15.49338743470981,-9.115373329689383,-12.91157277298285
413,-10.668533045090921,-17.68127079903514,-8.208515681748628,-15.40068267019837,-9.45078225205534,-16.923925300772964,-9.946922224324139,-15.836451374976637,-7.746399317257602,-14.25236614504861,-7.775880181977176,-15.460184044275065,-8.109093099780724,-15.891948810657068,-8.76006817734061,-14.147052369889693,-10.629135573708785,-15.30197445040666,-9.33559377566021,-14.17294135274429,-8.224121097323248,-14.708644557353907,-10.247681066428369,-15.197236793339599,-8.844925634893292,-14.82159564490777,-10.86762390289929,-15.191009065077022,-9.25068995110551,-11.85869559897857,-8.708573790530865,-13.958223722650612
414,-8.790346847006179,-14.620460926886034,-6.420256672113177,-13.216777387087975,-7.309588935069331,-15.083790222098436,-8.930637176763284,-12.730120046871447,-8.064343419747855,-15.521921910095049,-7.869487639331774,-13.781036100424732,-8.387926288429442,-13.631747710850235,-9.446466857763868,-11.591948389276883,-10.920973685685475,-16.025555389112757,-7.2979974087799935,-15.120120652474347,-8.970003964808607,-15.509639749110505,-10.16200399965765,-13.438915488531656,-6.782925313185752,-12.235678086406994,-7.849925344099259,-14.334104021944343,-9.596453172020809,-13.377317274014349,-10.166586253859078,-16.15292168352632
415,-5.895751053402263,-11.182354513731724,-3.0432314194910233,-11.750827100715767,-3.580679120005879,-13.246592821678732,-6.17622498894555,-12.042854281820947,-5.683958405129667,-14.77103510177778,-4.747142717764782,-11.136786950832098,-5.468399807692136,-11.76052474064899,-7.374906567691703,-9.913034406035957,-9.544973941593279,-14.41824274436671,-5.795542444924991,-12.88817063163225,-8.583210549148315,-15.118238596199845,-6.246847015353904,-12.148429522384625,-4.6129279436470725,-10.085962646562422,-5.910726732436613,-12.444547241695956,-7.682637231739359,-11.105054306496264,-8.685003126056538,-14.501932253028876
416,-8.517569544877114,-15.037562984197487,-7.744811988317273,-13.540496138549658,-6.303324053099834,-14.54358150360486,-7.762018362882611,-12.257472426552596,-9.7022387543702,-12.363130667747182,-7.40905099163779,-14.199779343142648,-6.924297174854658,-15.071602838206527,-9.383564790287974,-15.076663323051795,-9.339325611385444,-15.887628515140717,-8.83188906163875,-15.52722523042491,-9.224703706221804,-15.215136917314176,-7.150921652662059,-13.805175939620964,-9.050242343720544,-12.948343914804566,-8.868637723705167,-15.828134551914804,-9.513407886248533,-14.910172061429982,-8.529334715537928,-14.054531694976829
417,-9.249361233206251,-16.633534042827435,-8.674473451273833,-14.51631662684305,-6.424906002256154,-14.512891842112802,-9.629642241017194,-14.070085448912746,-7.192974207182182,-12.567860240762428,-9.049427660612354,-14.83125200714758,-9.70076490313165,-18.02072066967759,-9.426615891222612,-15.98266133066536,-9.060632317800263,-15.776914907768134,-8.149055958137797,-16.479414568187227,-11.017309076209308,-15.736525882675043,-8.053203044538595,-14.523068699790953,-9.853365963984867,-14.553507138779567,-10.52262083962714,-14.702334369203708,-8.275532339613497,-14.197007144418503,-9.144807936032548,-14.7372742245464
418,-10.38933107733995,-15.867910594443428,-8.693470186315453,-14.181134370494002,-9.4652814549729,-12.836409963082517,-11.013409530647243,-16.159853036118594,-7.056338768583253,-14.207130827483379,-7.4699754945192005,-15.091331805069466,-8.737803875724355,-16.05215706198915,-7.462670820789659,-14.46284123980033,-9.58561398632323,-17.392141001124937,-8.216729984572726,-14.934809021683256,-8.49112804463465,-12.980962996631838,-4.430455248701372,-12.990300515279676,-8.167423147399,-16.296983128603355,-11.659777271075155,-15.733063006153065,-11.271146858841202,-17.89826023780757,-10.893948171477138,-18.336229871633307
419,-8.913506814460533,-16.438745716234017,-8.80853498922922,-15.20595042182265,-6.9161679854372595,-16.03499226065075,-11.677734394144599,-16.698473454678037,-8.667269791705406,-14.245134371248936,-9.389837206359612,-15.609567887907176,-8.954097392399108,-14.240224854076427,-11.477831505238631,-15.254440006902804,-9.419383429643867,-18.625373283719203,-9.384916715146975,-16.30447930154528,-8.821093466094617,-13.17827171948175,-5.955993891865844,-14.618848599132326,-9.08325280550604,-15.612050923110921,-9.997196816357821,-14.582505299695105,-10.262413079763997,-16.73481899975586,-10.253053419061793,-17.42272419357309
420,-9.425276772144349,-15.105773472092496,-8.398144951867195,-13.689201895467793,-8.205313432610707,-12.978475018862898,-6.494995879144411,-14.1875802300158,-6.714324957621943,-13.454043981609853,-8.168295796599942,-12.00627234958819,-6.011821912537419,-14.64788469208406,-10.693879753775335,-15.19702096703622,-7.833772778700919,-14.051790484371995,-8.591608303846531,-14.625190130699867,-8.154623782177238,-13.781026861187495,-7.256909672905165,-13.32268986442336,-7.045929847023117,-15.769007234136366,-7.861420931275209,-14.608847599189927,-10.393634575200949,-14.286913082494051,-8.260875390072039,-15.831397849605306
421,-12.017911435785466,-19.86355158348738,-9.149967813768969,-14.523325180868396,-7.469084256615984,-13.540918190731642,-10.187429897256044,-15.025176393428543,-5.617634301599396,-13.021562289162848,-8.086834046258518,-12.781332564822405,-7.231868231494964,-15.05867330972544,-9.715147466097187,-19.508375644265925,-9.966683542563837,-18.60032238010248,-6.3379542080118725,-14.80147395960216,-8.403866436717387,-16.043435353622556,-7.752343586175906,-12.542864025219254,-9.097148818840093,-13.166760913312427,-8.125128989666537,-12.936703783960322,-6.692434098141263,-12.881672740362493,-9.296440599335586,-12.86388373128872
422,-11.344331359860128,-15.41537958821776,-8.730759260520333,-12.730309456419366,-7.6909436053268525,-12.90946243403954,-7.266001686481936,-13.144722735210125,-5.959040439478903,-13.303993521765932,-6.195397929798563,-12.80214411229063,-7.416893645691883,-13.833758254274947,-10.398278736899375,-15.516241464055504,-8.931919337757845,-16.514962281563594,-10.773123821265663,-14.517257572749617,-10.955075963757213,-14.91972779963631,-8.740667563282575,-13.984241153136793,-8.849147700768613,-15.013638183001083,-8.864680505131643,-14.296161117290458,-7.951411286041013,-16.294397792059936,-8.502645141707557,-15.23374078828814
423,-8.225950548792355,-15.676412561434097,-6.861791889951549,-12.52615530756673,-6.753487272712256,-10.905046920693524,-8.07478911267355,-12.370144768587245,-4.313377640640233,-11.730442887891146,-6.36338996135808,-11.500090393500557,-5.282232039630422,-11.65651072261651,-7.808609993774401,-13.707308095574584,-5.681607401280329,-14.449133611888712,-7.373714290385945,-12.246248531472919,-9.817700367802551,-14.66358421808616,-2.79196016781911,-11.406837958096483,-5.862867584671546,-12.85089415709333,-5.431826347878349,-11.073227903014109,-7.440629584495431,-13.265606889128705,-7.761078301771883,-10.994092960292575
424,-8.76647029992333,-16.312366244770896,-7.803624288542226,-13.946443392216013,-7.594332813426231,-12.719193987670206,-10.349733328934864,-14.366132307122745,-4.854182897225447,-12.44356854644037,-7.542440458313841,-13.931718661551532,-6.1736086433536865,-13.077082141081458,-8.817716845838998,-15.839861928268453,-8.913651039015843,-14.522724691415913,-7.36105829200067,-14.327648308086026,-9.761035927307509,-14.917383974867933,-4.512370391638534,-12.373130235928151,-6.78167407322782,-13.654233953928047,-7.088762578468012,-12.349131233153038,-8.223713330693256,-14.739051992859451,-8.83345725136646,-12.644227298445138
425,-6.863398977505551,-14.541125566808672,-6.962290873787548,-13.611046048308996,-4.992301030398914,-11.14106318990899,-8.517203223379948,-13.252977175851747,-4.435618111936206,-12.568248806238422,-5.1036613332204,-13.249666141604976,-7.373727480808983,-13.651444679814006,-9.679238245677219,-14.55016181968205,-9.004968212028299,-14.298999504761113,-6.469371380826297,-14.075401606067388,-7.388623359079377,-13.768764048566807,-4.799177693515791,-9.890617200563003,-5.796932842943836,-13.625780808406214,-7.327243379255952,-11.817595487156636,-8.2560054241096,-14.184500736193542,-9.402040336236471,-15.569115580299206
426,-9.094576357036363,-15.517775196084111,-6.5025925683588035,-11.694443544452323,-5.299500180934618,-12.093714199110064,-7.530901212926308,-14.289629665141298,-5.08229016012292,-11.792647840131249,-5.903852569005315,-12.556193503162836,-7.952024923412528,-13.307869491080877,-6.5861992993225495,-14.35349934458344,-10.385837762895305,-14.413508496563814,-7.640951567405281,-14.191225632537597,-5.635515046762151,-12.550151854487527,-7.5641428837505265,-11.361804105656567,-6.8158973615959875,-13.738785153904482,-5.733497898733772,-12.474368942383387,-7.061286570206969,-16.18931426041132,-8.82326570723689,-13.515540527357748
427,-7.589654752685729,-15.966365503916101,-5.803584058021636,-11.46448338369398,-7.477644309593565,-13.606891380484676,-7.377123281528981,-14.815685945640515,-6.184486104205671,-14.090558092963295,-7.321678876203229,-14.068163650565618,-7.743575767950838,-11.589878859857553,-7.439684438977815,-12.990827242621542,-8.43395228278281,-13.040302711369296,-7.508617402820067,-14.09131264762875,-6.787448547227866,-15.846487321299005,-5.741477647845578,-13.339439182183847,-6.208866811696032,-12.836375032544872,-8.991358552371551,-13.309941875815746,-9.469986975862406,-15.009116035698927,-7.913688713451005,-16.743983925546285
428,-9.741588630563847,-13.347265541996942,-6.901159466439851,-13.635022267953564,-6.756118888642762,-12.444201303349416,-6.771473340899163,-13.293209959250667,-7.703887608815986,-10.562069986938083,-6.999090157855152,-12.305863713802992,-7.553553132860662,-12.553956947214376,-8.81872761152199,-13.384836833954479,-9.634357585910573,-11.980293017008064,-9.103394397163948,-13.117094324712188,-8.233231190891683,-13.422226908343466,-7.4426754831710955,-12.861495136511971,-9.433736406398156,-14.203623739645717,-8.429581879906525,-11.747899271228864,-7.8916901298781,-14.516381310223721,-8.130677990156373,-15.016019379541191
429,-9.942180383315726,-18.62709843579251,-8.767473618514561,-17.05725922917755,-6.856364427713433,-14.780815469635908,-11.157468748249661,-17.31113854182723,-7.447744642034784,-14.015260403408977,-9.766144946614034,-15.262355462935552,-9.80465344520753,-15.934602238732165,-8.03194466320307,-17.41470996484815,-7.600361752313447,-15.746790043330085,-9.758077350111376,-17.80894477961573,-8.346395307111544,-14.376293229441428,-6.453868710878552,-12.864826679127336,-9.113443984314612,-16.30994675658972,-7.792878449704251,-14.232006508069928,-8.508171526087843,-13.871420943693968,-6.149302824074196,-13.74441470116778
430,-10.785932516168728,-17.696712355710368,-8.682925533410973,-14.918474057439031,-7.2048524766531195,-13.486967788755095,-10.898618092053754,-14.256490544884235,-6.691999662026033,-12.770150359675469,-11.479161825208866,-14.054231185230737,-10.592166636102005,-15.652877079119747,-8.355286096270348,-15.188625426093989,-9.941125889330024,-16.662953427276932,-10.647533298492995,-17.657505535170152,-10.473179092461645,-15.188015493469821,-8.4289238165433,-14.830687270945385,-10.83529204519808,-16.799595422028577,-8.926753286745798,-15.561533331126299,-9.070825871317902,-16.439462579495427,-7.818795806398967,-16.723658673641708
431,-7.0138224744236775,-15.675850855136888,-5.534410754175995,-10.480310314806797,-6.727551863229008,-11.208715857785478,-8.161873555493386,-11.603772730346801,-5.562377832256313,-12.44936435057439,-8.666379176672338,-10.806190671904265,-7.153419442047477,-12.580627664983695,-6.666907510415593,-11.44358157732555,-8.606665396509936,-12.313399867560706,-8.694455998003159,-14.409042817172644,-7.625688565458412,-14.194398454636001,-8.138146156131262,-12.172926321095158,-8.037263409410942,-15.142789682668287,-8.285892015014923,-14.94868630929513,-9.296632853250848,-14.9943891471781,-8.128740022651309,-14.529322445975367
432,-10.411416045529233,-17.17097292045422,-6.422057979951586,-12.775490868851909,-7.18515824724474,-13.701287671757548,-10.051790473587932,-14.226147627637737,-8.883376168101195,-13.200006614162485,-7.670264901848061,-13.765766921197507,-8.231624187478817,-13.9690834705572,-8.770010764043702,-13.260585218432723,-12.844054009966968,-15.645970014447915,-9.795504753564808,-13.513470969110564,-9.246574675468734,-18.191466948182416,-9.391892341646614,-14.33158690237698,-12.01888485044828,-18.138754833785843,-8.571644565118492,-17.45656117202918,-11.938707473558896,-17.340622827411618,-10.76102474934772,-17.51058700825723
433,-7.4481322295631,-14.620229977415093,-4.60049508949904,-14.119780182046636,-6.198153837487305,-12.560699226305804,-6.559471547233944,-12.915745496837774,-8.419545356649385,-12.072295692008296,-8.347165433419224,-14.423821779699676,-5.4836178058831795,-13.429925273302866,-8.667513312248898,-12.663721744775957,-8.664941017615831,-12.40958396092076,-8.328202227722063,-10.64642677148235,-7.331057477352375,-14.896779443873921,-8.98394907611578,-10.978307666536795,-7.690729916390142,-17.285615616767792,-8.646177014214597,-13.981392337419846,-8.23006460458689,-15.992514702854363,-8.785020636754572,-15.074037790039341
434,-8.276399301590518,-14.235841849507654,-7.619773717362902,-14.05950964966167,-7.110683203997047,-11.199048841200312,-8.03670346147174,-13.703107628916067,-9.335860205942552,-12.584913282320631,-8.28806985810738,-15.283016510344225,-6.7987486817328024,-14.904555989488589,-9.433471857589154,-15.047558598459743,-8.408314090866915,-14.709832471930433,-9.614018012651405,-14.490148389494205,-7.419711792133627,-16.007412450469893,-8.904905141548063,-14.296768716078923,-8.708836874786963,-16.468167017017787,-9.429852689711298,-15.367653061664761,-9.461353145749783,-16.372603589581235,-9.531547884750802,-14.685097637841181
435,-8.987207271635677,-14.331099245372696,-9.055767774705648,-13.225913190643261,-7.113608392733761,-13.087862402270996,-7.4095185864057616,-14.793935987956466,-8.32625569654882,-11.200692907143129,-7.862060835847617,-12.991021312646398,-7.713017539256769,-13.02183770451958,-9.672363260804776,-14.282117212641197,-7.721030752984854,-14.668922595029667,-8.5324817869344,-13.923946314398744,-8.133159881946634,-16.06188549106005,-7.122633465514426,-15.028544673321932,-8.590258602570458,-16.43246068221192,-7.637339320048396,-14.008511046333197,-9.964814510186653,-16.212493714623523,-9.691555063969638,-14.091887181842576
436,-7.772080963570888,-12.886822667985241,-8.494428947174036,-11.399805383277213,-5.262662961839515,-13.925305791587126,-7.520217959782033,-11.967438119443623,-6.596040428059587,-12.285716367936653,-7.4337467182101555,-13.895405434760448,-5.9680495422206405,-13.275246713481687,-7.222396277398968,-12.762908246896544,-11.343603518732849,-14.134125827143308,-8.078890301456743,-14.73570803976079,-10.243504696067166,-14.014618465856055,-7.371908434290097,-13.542345325909185,-11.79151165526908,-17.45592864090049,-8.206060118212493,-15.23672782625551,-9.588100753465907,-15.754131702905191,-8.822279842536542,-17.428950643942542
437,-9.091167106521965,-15.926817887087823,-8.153721410037859,-13.177061109840192,-8.81618453530903,-13.66415551704318,-9.049828731688441,-15.130104566275214,-9.11551319023982,-13.160036359722017,-6.970198562992751,-14.378501138927785,-8.27430894611946,-15.395408397773732,-9.940185682213773,-15.09489100054534,-10.083755260668525,-15.714611010449799,-9.540989653278814,-14.38231499422047,-10.863991305817027,-14.5475941332629,-8.15352575788585,-14.442182414375473,-11.127112806983144,-18.828249028394502,-11.596584658059756,-15.693311729956196,-10.556211256305977,-17.83548485305207,-11.48448107629449,-18.93317927579172
438,-10.554591451298007,-16.398014065754076,-8.666806661717942,-14.745253982528677,-9.409223264035782,-15.727180033217659,-7.756770734830294,-15.334211873286518,-9.082689066428713,-15.069405564845741,-8.776378235963573,-14.020074199855959,-8.977246731051732,-15.688956069128652,-10.73887110839987,-15.760458059030963,-9.574991231831842,-14.569595360950524,-9.036521603886458,-14.41416447405669,-10.256918724475499,-14.698472198320893,-9.459588816936474,-15.182172713164523,-10.807036644126537,-16.44744316044264,-9.419209850109615,-15.242318247897206,-10.837648713704269,-18.20882524563372,-11.906850953946435,-17.725307837686266
439,-8.842710551972356,-11.65713315237715,-7.000591689599178,-12.25463544619652,-7.589667823678022,-11.177820417710167,-7.044876612649564,-14.52783340099868,-7.377754070856607,-12.55652256677999,-5.562841308171831,-13.982928582854639,-7.548745071342574,-13.542077736241767,-9.079498468343187,-15.216398033256947,-9.989744400777505,-15.171297930066066,-9.38706044544882,-15.930058068615484,-9.037754800544201,-16.444624957855677,-9.088745887462627,-13.360550017016031,-8.933847716686293,-14.778999328809306,-7.506604258572857,-15.86393671816558,-8.261498545762212,-11.957440152042903,-9.886539024847254,-15.794997133987646
440,-5.903269603388859,-12.983097749364758,-6.675981037901085,-12.792579277890086,-5.3500457566795925,-10.648041853894224,-5.576253282316736,-12.373277121514985,-7.360558048597622,-12.262539700754607,-8.607064348975573,-12.256813966663152,-7.975755271557887,-12.1728280843734,-6.86237357351922,-12.67773664247729,-9.488497944559516,-12.37576227974409,-6.227032130041707,-12.013836266320698,-6.835395045638254,-14.730144308960128,-5.852495155886235,-14.17073477141085,-7.734932307813953,-14.679094869889155,-8.829421190690029,-14.782172977224464,-8.652953605756256,-15.025913122379848,-9.388330554231517,-11.629941260572568
441,-7.32192795463183,-13.248675319610992,-7.023749468529217,-11.082507496879241,-6.621091431305519,-12.260197850507947,-7.1577863082095465,-15.41236820621824,-6.67893174904306,-11.421591164943761,-5.545977204057532,-14.034139258759824,-7.982409641218451,-13.504854820424221,-8.470861044777827,-12.978312189842498,-8.627557734584416,-13.787954984243667,-8.217464008667948,-12.244834069737166,-9.196506398782793,-16.534930590295133,-9.247964461457403,-14.423144245703954,-8.413644031550236,-15.816436094959997,-7.066498228554174,-15.381852606726586,-9.369051367153228,-14.566899710682573,-10.522124142319436,-15.681665526958145
442,-9.14017764357127,-19.122167548215376,-9.040675736071005,-16.11285837373796,-8.236031227687624,-13.980755536793854,-9.998570227320691,-15.200341151895845,-6.052100367989086,-14.703088008968656,-6.727649513038955,-16.06661506300217,-7.427368293683597,-17.0864454987319,-9.27632492066832,-17.664636647689434,-7.652733468431188,-17.373634831437094,-7.410504613483734,-17.673463465300422,-6.34384657889214,-16.248895607347084,-8.965549020293004,-16.24360240800341,-4.267910424613542,-14.611096135727522,-6.834825772320371,-16.12681087024008,-7.455228941885771,-14.775786319770132,-3.9938099127765554,-11.054338845367827
443,-6.458627161901747,-14.313617720077215,-7.793922422912635,-12.383621165015931,-4.927006439876525,-11.762947242713487,-6.900242958341511,-10.128004445017037,-4.605843426461329,-12.305880309743975,-7.12568721207134,-13.242951540588773,-7.116798632814536,-11.961336169521156,-9.678840436966121,-12.938623883338664,-7.233617282118418,-13.101314113522015,-7.249829000382645,-15.349408350506389,-7.856270311586449,-13.219764528250339,-5.151467472059271,-10.773140982373024,-8.339474980854908,-15.180964388533841,-6.255238528856777,-14.88299442767607,-8.96111357771573,-15.832556457167978,-6.6065500128866965,-14.716666469147109
444,-8.544519575913602,-14.627231395282426,-8.363207544404066,-12.537072494840032,-6.630723364036663,-10.841188759375711,-7.821259288797537,-12.87006269677401,-4.69459815789444,-12.21807954433929,-5.393523443075884,-12.21746951894728,-5.422914687190694,-12.887256966772485,-5.704572445812276,-12.822656543867721,-7.95765406155513,-12.426044648415518,-6.2561653950368035,-11.345066165817794,-7.250491566191288,-12.823213676532575,-6.414397102900674,-11.683526828440138,-8.547078580525634,-12.525875425344271,-7.069153562964764,-12.993437698513823,-8.200985330512173,-14.117301050384302,-7.476188121418533,-12.810646686647758
445,-7.3134755745168825,-13.908920762882328,-5.82566037308781,-12.507652326883916,-5.881388535738563,-10.71475764172333,-6.957323757138059,-12.171187367086276,-6.274318749051756,-12.637168662592973,-5.238074546801696,-11.538773884954596,-5.922918468744508,-10.529808946112027,-6.351411414597847,-12.408964751164913,-6.702985249161494,-12.781897093860666,-6.609403127531431,-11.515789308125237,-6.402902923742425,-13.0177490418302,-6.079330066908714,-12.682480660478081,-6.3908405377810205,-12.635630629316966,-7.186477410588607,-13.28896739871466,-7.179166887413668,-15.218187486730695,-8.365644079160315,-13.359872096653692
446,-7.6409837142266035,-12.9853205078816,-5.207638228911105,-13.404168616083371,-6.507469976578237,-12.94392255022328,-7.672684360267812,-13.078081783601757,-6.287836362627326,-12.18777357720224,-5.991659492860992,-11.91107260392534,-6.623493250471323,-10.759511482907866,-6.073796145996147,-12.304010402427402,-6.379407432686168,-13.054801862567714,-6.901644525359388,-11.59198680773294,-6.208979312909898,-11.051341962033607,-5.468397622637006,-12.77107622052905,-7.173658314341803,-14.255383241473343,-6.8329197752517645,-12.67667208882306,-8.290133379429417,-14.050884189082375,-7.668672440800898,-13.646277193284991
447,-8.11515554311686,-13.880035637250367,-5.712268398638937,-13.612653685876277,-8.423663279234772,-13.431217843652005,-6.765193904039956,-12.839106740946375,-6.8753753268422635,-11.408973927375003,-7.878697831381745,-12.468166462758534,-4.471652973005106,-12.17983924651438,-6.379379511237606,-11.836955459507434,-8.373464921980426,-14.393078944140502,-8.128781645600704,-12.440276963488797,-6.917202622569711,-13.150057821764092,-4.913173399575397,-10.654516819021605,-6.220879633908401,-12.823699499111497,-7.117533190845595,-11.32002431443616,-8.115340852917148,-12.59451896564462,-9.514800677428731,-11.160087521872333
448,-7.710298128931851,-14.174898202802188,-6.310422484409082,-10.817049175416855,-5.982529190656426,-10.497716430577404,-6.552974647475548,-12.003082265932136,-5.909675988073488,-10.894005178351653,-7.381640852129672,-11.628700991775897,-2.604117641108526,-11.09267317707092,-5.082986496987836,-11.493949455359534,-6.776886847989697,-11.611628625061261,-5.629887339769689,-12.566185179349059,-5.793844188132735,-10.38017798331818,-6.4183559720347265,-9.85020208844976,-6.048349492826295,-12.451415953086634,-6.000084136861724,-11.582503341006646,-5.451515945312156,-11.503419914691385,-7.956326528910801,-12.99058855323132
449,-10.350842604664045,-15.143925179725207,-6.357752740891028,-12.511300154147225,-6.522374599562161,-11.294670857114223,-8.12116725988474,-12.85414058052594,-5.189479356467038,-12.844330298065728,-6.8669654390388954,-10.868662047090218,-7.501704658584536,-11.587124933403466,-6.386760076481424,-12.376615635715247,-4.61703311066924,-12.615123319618892,-6.466909581794797,-13.240744278377948,-7.115243096628773,-10.457344973536525,-6.6186091978131065,-11.272502233601534,-7.207386265373637,-12.663581235133792,-6.902528670357375,-13.747107380048565,-6.913309534043432,-13.200586392873277,-8.26766361895308,-12.174782597646356
450,-8.0174527812531,-14.416653658921438,-5.979399083715622,-10.581559022303985,-6.86679484951188,-11.168783847983086,-8.37655093743201,-11.261169400486846,-5.920773516086696,-11.512007562077748,-6.4522573472408045,-10.919023088972157,-7.755991428859273,-11.458881773533795,-6.175699618923347,-11.981636703813134,-4.827239578582882,-13.139668889827181,-6.78968168729843,-11.535024535811552,-6.881912835586885,-11.937052371108646,-7.5175480856098424,-12.871557850079775,-6.659028510891369,-13.395498575120623,-7.402193165604234,-13.642039369521653,-8.895061964559368,-14.073128892920938,-7.368796945464885,-11.162939922152525
451,-11.014070275614447,-18.506765308080578,-8.833673204043164,-15.955746536461493,-7.838585685024876,-13.441915570703483,-8.97799947251543,-14.221276559050617,-8.291324773034132,-14.54221590855273,-7.606644385482245,-12.286633447411049,-7.881971275077656,-13.021324226278237,-9.01075218269174,-14.038986650156012,-8.063942658783064,-15.579625291933041,-10.393374419959539,-16.091051503324806,-9.16452280933288,-13.999205273954177,-6.630897834287087,-12.115159724718676,-9.982162968293117,-15.105078354532681,-7.789960437063231,-15.09449608168911,-9.809153931506378,-16.107142177513047,-9.443629630205828,-15.93767755812588
452,-8.631406943237689,-15.497859733715929,-7.211915457874035,-13.758868149527865,-5.271179775568395,-11.514389727727451,-7.749291341887668,-13.477253859473926,-6.546761201252281,-13.22340059877356,-6.715644744323736,-12.857621797649244,-7.005488197206194,-12.910237106220517,-8.405344278071098,-14.527094957335136,-8.300439055008292,-14.925595751700175,-9.984507794504992,-13.530666723590308,-8.88929020350838,-15.339773694304412,-7.78278586342685,-14.4640000514098,-11.437123595823834,-15.39627599566794,-8.90710410383668,-15.24017037564283,-10.510690729884683,-15.690475380021219,-11.0297564164616,-16.938008787729235
453,-9.784339711718362,-14.808717133330969,-6.67864180758976,-12.288522157873485,-6.086503779786506,-12.565207518693528,-8.921052589858547,-13.74735798517843,-7.946529203540021,-13.916145522746488,-7.066580164741412,-12.421552699819053,-5.760856432903731,-11.345641434897988,-8.859334194729458,-14.83353725795981,-9.623422740024646,-14.108198438350826,-8.951990560658997,-13.30566239612974,-8.629055243849917,-15.539038623485627,-7.633889879467265,-14.292148713205648,-10.292406904918321,-14.803267181679825,-6.438525190245652,-15.045832362965799,-9.730492094875634,-14.006735725925425,-9.111285089596382,-14.813243518580371
454,-9.458830408355986,-15.708267026406382,-8.94742279262933,-13.661667382493796,-6.331456894085733,-11.329039222471348,-6.016262407810041,-14.019008442947875,-5.786601490527894,-13.236286643923314,-5.622723872973127,-13.418205766078508,-6.154701301050749,-13.91710034937033,-7.714647337689669,-14.365163307930695,-7.961806711200417,-16.233986326435314,-6.3981810667725405,-13.757248228144137,-8.771663610908437,-14.71808112401644,-8.296615277867947,-13.344614268964328,-8.35287130040661,-14.639627664863097,-8.438776202431557,-14.08297873216615,-5.6487366890561,-13.423768461711118,-8.182963359762226,-13.467855404193314
455,-11.603028763631231,-13.847705203250019,-9.980712943705512,-12.950009679451481,-6.227732431923472,-11.785959750344702,-9.104820766534733,-14.155924846232622,-6.681272814141178,-12.483118090781666,-7.264801380147721,-12.038389398354612,-8.174183950804728,-12.83994461264106,-8.002025942874209,-16.1119076332778,-9.468834755198678,-13.024457144694463,-6.201958307213699,-15.439414843097513,-7.949867416825077,-14.828547600341297,-6.548621363043892,-14.349390973130172,-9.121188495112563,-16.347337749323458,-8.615345265436224,-14.354085052055343,-7.504129750621105,-15.071002440796754,-8.023073473040471,-15.227395721259176
456,-10.49230905534976,-15.55923347789035,-8.001648128761815,-12.413431647847146,-6.071414644318621,-13.452034822846045,-8.073488899252832,-11.681285612602327,-3.8005546783127215,-11.91131497503451,-6.946636518795025,-13.734955406302662,-7.451566675640773,-14.5492004052084,-7.284162794556732,-13.905062096583329,-9.083829029614677,-14.805774849367396,-5.360437945283333,-13.315552139793393,-7.257831315827955,-13.185818995476762,-6.206316640933802,-14.148605508492833,-7.1873586225135035,-14.997048658996777,-7.3334922986008975,-12.73824421256837,-8.230772296757463,-14.911598868276727,-10.109231508496634,-12.964686759271068
457,-8.819750291166445,-14.092414616027858,-6.129359399949282,-11.528641321805328,-6.741382229492405,-11.29596061925062,-8.050042772395539,-13.276279031899927,-6.800185842811559,-11.275195321987956,-6.588451954812072,-12.31675612633609,-4.495419988763145,-13.978503699915368,-8.523943187391566,-13.165359109403598,-7.428037424455916,-14.148163411126394,-7.138519931354029,-14.326601971892332,-8.279308573033163,-13.713227492446942,-6.293286256004295,-11.977783874294163,-6.441717948759642,-15.201073782142938,-6.99837634624893,-13.321767248309357,-6.9555917108711816,-14.32053604947463,-8.39136337560384,-14.429056762041855
458,-8.688596895948521,-15.042591902714197,-5.364187406090316,-12.776093479652406,-4.773426960675982,-11.594169173411117,-8.70154714498563,-12.439204669252483,-5.322530030511993,-11.786457640816028,-6.9472546645063815,-11.05248885640043,-6.094962896059033,-15.351075275198884,-7.287415696824003,-15.379887521640649,-6.915789067646273,-15.047083361211675,-7.320756787202861,-12.483080943692924,-7.768917987346029,-13.48983829995872,-5.487261547700322,-9.83387658086367,-6.148382576838957,-13.652386410893376,-6.405784663447635,-12.201079861156646,-8.277458350160225,-15.973999624862307,-6.533636478996327,-14.497535098322329
459,-11.376663857343694,-16.286021234747338,-9.868993832344163,-13.562138166329307,-7.494858551684925,-14.528745141243206,-7.760414057641403,-15.01410693711125,-5.333960157286474,-12.97986668592447,-7.488220751749598,-15.035154970746088,-8.765180543228574,-13.603905448312844,-9.953517818365942,-16.539370171454056,-8.847906477466461,-15.217985628567146,-6.933110496013246,-13.98292689741474,-8.722864117716728,-14.246708247745026,-7.30183747874363,-12.06642837905428,-8.405490927395684,-15.60147453557236,-9.975243543642076,-14.428149091514236,-8.148242941014036,-15.886105545644345,-9.050537717660706,-15.951410895726212
460,-11.486026062302928,-16.839556995457418,-9.363458739534137,-14.75111630265798,-6.361762434350121,-15.102646351373739,-6.724161935478051,-15.320579954189139,-6.671581366664688,-13.495656130387383,-4.978872597093583,-16.091437038354677,-9.51503991483892,-15.753053101793048,-11.032956964380743,-17.146707927757543,-11.22248703755913,-17.764813926640088,-8.96281321293634,-18.564612358142096,-9.519631552880174,-15.382095953273192,-8.314840461883588,-13.429038994439077,-10.088246411321,-18.137781144187024,-12.18655554516046,-16.360095735782878,-9.90913910147264,-17.684214319519995,-11.061011161184739,-17.976995467740718
461,-9.462311516261275,-16.739983508616724,-7.61860980435911,-12.980665838840153,-6.490054291014396,-12.618653012356331,-6.834487591783708,-15.310586632500776,-7.691159546551679,-13.154073454662727,-6.400453164146166,-14.94388469122474,-9.16666799959172,-13.293587664761642,-9.335472591965594,-16.118518805570858,-9.791798618558229,-15.586471035429327,-7.994550726847872,-15.140444755894297,-8.635761933544936,-14.734484874357001,-6.945452878428762,-14.241135693908824,-9.132955139061808,-17.353081587395383,-11.038954053628514,-17.155455524159883,-9.488268194213397,-17.518998950549395,-11.150930038839226,-17.255989819189534
462,-10.031301312187015,-14.984363293018639,-6.225277238710368,-12.87355288751749,-5.488047455311543,-13.060638067597793,-5.620821948211945,-13.385436554984654,-6.5737923107820535,-10.251445397791134,-6.434491663411148,-14.89416753291994,-7.8491244377923035,-12.885810245755815,-7.927182950342281,-13.16545238140402,-8.38975130218485,-13.820090855535645,-8.925902530417941,-11.418517075848701,-7.306917573749493,-14.632473626605071,-8.057678924509204,-11.998494009115298,-9.850562619595804,-13.758162065656066,-9.451129404947697,-13.394352255000863,-9.264968199586388,-15.735701251960592,-8.736556066198109,-15.152035300009032
463,-8.524670635006665,-13.696268283422716,-7.595943909750982,-13.941624208317657,-6.914708304197457,-13.045688332556253,-6.913114518571644,-13.7979521080921,-7.288364568822885,-13.121345725155757,-5.869162470154839,-13.147147115972693,-5.384913515931887,-11.236146804231524,-8.339750888639953,-14.35433053352104,-7.032813779749276,-12.891482908566761,-7.986822429593712,-12.896569668696733,-5.798514740614338,-12.715827024945963,-7.8130999677538,-12.394292866835798,-8.336175447632238,-11.721275894535928,-7.462547171679309,-14.264822823608782,-9.602487134835872,-14.742267193299233,-9.15205754382111,-15.205425818255272
464,-11.02476995028515,-15.561561199793534,-7.52520093785324,-12.51617618309412,-8.147783492494566,-13.01954802858579,-8.213120253920863,-14.300795192455688,-6.561711573188608,-13.793221163954533,-8.173285014421456,-13.19130687698858,-7.751803754937711,-14.4369571043201,-9.021303882182544,-15.576684726374136,-7.093114400269554,-18.674956343679668,-8.406083325254487,-16.525023189248245,-11.045384623504777,-17.464508844178678,-6.994475057462144,-16.667611595169202,-9.221357041898766,-18.057251454225305,-9.401171227365527,-14.794545789193112,-11.101671929194268,-17.807404266724504,-11.600034491833815,-18.519267129224094
465,-6.953007042022023,-14.49062063041252,-5.930397616652694,-10.161832058414815,-6.444132214984386,-13.143724490010904,-7.396827324340798,-12.878039216028823,-5.821638247351769,-12.994743837712333,-4.942449343645911,-11.79260976258085,-5.224042277364647,-9.731895253151938,-8.338872345919407,-13.665484240252075,-6.564031275955822,-13.847516235699855,-6.6743777404133855,-13.917881519170612,-4.869570331789738,-12.206034722871555,-6.883281175752126,-12.143814809473303,-8.361684261224259,-14.468729566440963,-6.179004562277976,-13.691680172964771,-6.8034695989579195,-13.946307900210957,-8.864408502897591,-14.476634097057694
466,-10.115954912825964,-17.289992978203465,-9.168205554305302,-14.758246215787352,-7.116525986167865,-11.774970766465081,-7.557275016203149,-14.448604898874457,-7.2744484574789725,-13.016656937797173,-8.051802423330376,-12.914179744909449,-7.482492650290396,-13.497558007934781,-10.464358311014472,-17.045181737092122,-11.431225970225219,-16.260060482989573,-9.252126627927131,-15.882872711558978,-10.27755055762573,-15.281126158359935,-7.016083278526432,-13.309475658736346,-9.65580748302761,-15.497637719833756,-9.331814207599008,-15.252889200656607,-10.288457112010498,-16.821371254410934,-10.578343390849374,-16.64591863950438
467,-10.18452241938464,-15.036576219034728,-5.865277126605093,-13.365343562323018,-7.2546341761190645,-13.530756495494193,-7.606774048507869,-12.759687574031348,-6.53954575875034,-13.712601854823323,-6.671577012772909,-13.558366036079937,-4.597148833640215,-12.153845123316195,-7.970790415468785,-14.853211291003571,-9.023761806354354,-14.335399655132775,-7.633665333863481,-13.541743633315598,-8.533269851322313,-12.81416043300256,-7.141049005778245,-12.569869513764822,-8.838435935051255,-14.550101984974095,-8.061982598741897,-14.204862142823846,-8.903606623791823,-12.583765223486518,-7.825340959959056,-12.513700476227559
468,-6.167604814360721,-13.870101437128302,-8.129204314453409,-13.061618499252827,-7.360443635398738,-12.627877077422161,-8.744312314256115,-13.233303077510667,-6.97347623901911,-10.36884825387466,-6.102016239983263,-12.276154908442319,-6.052411184823871,-13.289767741770946,-6.67462884734073,-11.319426741389353,-6.341357705168987,-14.730091489041136,-7.262402128109895,-13.365353232280867,-8.022848106543286,-13.260311719522813,-5.05670096940095,-13.86902241289344,-9.635966562052717,-16.29773306785015,-8.451272596351657,-11.162188012146865,-10.474316022589838,-14.355533289912014,-9.764837086786237,-13.965469890191336
469,-10.910692901740827,-16.23554170683288,-7.6845938799426525,-14.278330263479027,-7.117909145838785,-13.72683793507565,-7.351839858570957,-13.936752400008123,-8.162451888303645,-11.983076112280974,-7.062470122843614,-11.154763145847905,-6.787756594879251,-13.426282579993604,-8.1326221695341,-12.314655999777798,-7.94039100283762,-11.977057033578536,-6.8716153997044715,-14.898106256779522,-8.211093768690896,-14.1377262838346,-7.146979486740964,-13.01217023626872,-9.791800474472112,-15.65136704877151,-9.627323384990817,-15.470719752934123,-9.151692619322201,-15.67308315009656,-9.389220588781264,-14.27295133496311
470,-6.855730132137303,-11.553739746998934,-7.4020480130308295,-12.639264163815547,-5.725370894540473,-11.125440174131176,-6.590982504315707,-12.860268165896311,-7.171981180945695,-11.223365478926608,-6.714182648224035,-11.846933907660084,-6.3550751919453665,-12.049040146863913,-7.6789691872592725,-13.780673674357127,-8.218052980687654,-13.33187644505232,-6.755594183922165,-14.63407832129911,-8.911911729825505,-15.05694541041734,-5.218028658211851,-14.152384785687504,-7.169126793069315,-13.475228114191955,-7.815353403469669,-14.517466880129176,-8.664739890788802,-14.593710648703581,-9.45905151807361,-14.910410585534862
471,-9.570926244388838,-13.958923616583423,-6.293780555494428,-13.266312230196633,-7.061601785733581,-12.140637177574817,-7.5311429602336775,-12.89969889025902,-5.721628872087239,-12.781478694832044,-6.052146634626604,-12.629431832589088,-6.617366120091698,-13.10913721947696,-5.73231806894044,-11.888662658769299,-7.3133082649264916,-12.811393871446697,-7.593173024019152,-12.068893320414238,-8.661719017534612,-11.651185030384523,-5.877806309866825,-11.339310450112482,-9.694805064759672,-11.565253280511332,-9.317728735309268,-11.039132934234333,-7.36123343095898,-13.922745231592014,-8.67418292109085,-15.312001734306035
472,-7.483565034167443,-14.780892900335111,-5.588752267663199,-10.316602336321555,-6.317473285550323,-11.765159639153886,-5.609443075955324,-15.477063996046901,-6.2827281771112,-11.20238221161101,-6.537745768492646,-11.307590296664518,-3.945481769649552,-11.734750990170983,-6.105432084668605,-14.252150945513929,-7.225534793300284,-12.631665799113778,-6.033132265004305,-13.839945737954748,-7.240552497324892,-14.373966573565042,-6.434707749326226,-11.903587632940331,-8.460504815572174,-13.028087929757621,-7.458216034084659,-12.78448906237575,-7.658885294406548,-14.409262756763571,-7.971791477648034,-12.426113284039426
473,-10.538892917148324,-14.268498742735789,-7.194515456462472,-12.028518003291918,-6.468505876341454,-10.656183677055424,-8.562444579817162,-13.806925080087131,-7.250259790475795,-12.827532810441744,-6.278370966194226,-12.2515681512423,-7.4317003270456405,-14.087433426736904,-8.248363197529798,-13.129683273937452,-7.877413754576933,-15.106975797687017,-9.07308691340729,-14.824457830949466,-9.552680661488218,-14.950088053772587,-5.9451585828044795,-14.977345042200078,-10.457997129879086,-15.864270222510648,-9.768020481544603,-14.370904350493516,-9.14198128757892,-14.699688815242247,-9.269890978046808,-16.060780772014837
474,-11.017545996500822,-16.664200509088978,-9.291165200399522,-12.723409083758398,-8.787366060352426,-13.376787447703478,-8.881254578020853,-13.705997966555705,-7.152758436814752,-12.66746966602039,-6.519002238104598,-14.512335036306274,-8.603474250452757,-14.526736832965701,-8.583165038211835,-15.318639992261962,-9.893794341158335,-17.50770258988177,-9.328222257015552,-15.220410237814761,-7.681690096636681,-14.555415705672575,-8.46771623693842,-12.96353576989157,-9.18612838508966,-13.702318644819648,-9.483568630161711,-13.673148781216899,-10.662037513642254,-12.97466197694984,-10.187059453149043,-16.263314790630076
475,-9.628164765014851,-15.573477829198989,-9.297069946610906,-14.053932795546682,-7.30654251348173,-13.681155106128703,-11.33147568483145,-14.630824419896356,-5.966949898330168,-14.685495162252145,-8.33568395699184,-13.354560061346683,-7.744977308924401,-15.231252787459692,-7.796887275969091,-16.1737181869475,-9.106343110785101,-16.329134760928536,-8.410338735983142,-14.704775034116896,-9.75454532601382,-14.901395957085441,-7.616908120884917,-13.50005060430723,-9.209706265172922,-14.876796816309065,-11.513164833884652,-15.661036162685832,-11.011125749342977,-16.60763045351296,-12.078313196253355,-17.552580497253857
476,-8.856508396361095,-15.454299806436424,-7.350709045123763,-12.58662158831898,-7.54607252790814,-14.245834624554007,-10.519822900543584,-14.200798327380536,-6.821396820997103,-13.645984814406425,-8.797687699276599,-13.964836232962583,-9.460056933939192,-15.214487330314606,-7.541218739393867,-14.465630289018206,-10.031906170005303,-15.709544388815523,-8.089154225477987,-14.231016153210888,-10.02116013682514,-16.281321655579713,-8.189537843809468,-14.714072339549158,-9.732536800287733,-16.823187543477708,-10.549726615967515,-15.989522793715956,-10.972791654564665,-17.386779192196652,-12.603960215436842,-18.527303029719675
477,-8.193719907207363,-15.685529827275172,-7.912099214642193,-12.942537516044323,-7.047015750012799,-13.956163412710335,-9.394646886155098,-12.996619644399168,-8.845880478198396,-14.916690828358165,-8.90418142111471,-14.206963373863866,-10.128490084006284,-12.414422282291337,-7.82439362658928,-14.376382489505982,-10.464365573121297,-14.930917020787529,-9.29286317694413,-13.84164271416374,-8.945962390749061,-14.801801709416061,-9.67134594336463,-15.48708863688641,-8.230522481212786,-16.839180861039303,-9.676606030211637,-16.308016865812448,-10.03313572564595,-16.020380934542942,-10.086519569925976,-17.979507254687277
478,-6.196095084835475,-14.441007354267173,-5.476158836924057,-10.002949555893533,-4.167564690651236,-11.45228020564463,-7.788254082373095,-11.26395750489493,-7.377938149017482,-14.058560426852289,-6.133114973336305,-12.086157292885613,-6.809188061884456,-11.380071870853861,-6.025913422155606,-14.096544768145725,-8.86959234813457,-15.167528939346886,-7.419066168799184,-14.135756623059844,-6.874161304420481,-13.886741468454654,-6.8388340664759415,-15.074547756527654,-5.848997958916238,-15.100197270141464,-7.513758279275244,-15.77163120069654,-8.351584785102954,-13.126283658216524,-7.777065723170046,-16.59200379474187
479,-11.425272301870235,-16.43935259481786,-8.245428895938051,-13.145296137107696,-8.219042582838213,-13.035870107091437,-10.944214798606302,-13.172442590457527,-9.392300172938636,-12.732595657828691,-6.925856220198671,-14.372642155880008,-8.942040498857605,-13.691890199046302,-10.140349126561548,-15.70070195004285,-9.609949979260241,-14.633444733716308,-8.787153586505307,-14.994932120176657,-10.620282013111797,-16.562623336657104,-9.481144469521094,-13.830993501180535,-10.20057260656845,-14.126215719293146,-10.30813586065588,-15.662514418927431,-11.62727875920148,-14.690220607631323,-8.321999509202564,-17.2647749985804
480,-9.148279118993711,-17.30584950920828,-8.502079043852744,-11.674620783192688,-5.805094643153854,-12.926861484425565,-9.919004885201305,-12.835066804655755,-6.120190246822782,-13.967269755747186,-6.021384327938806,-11.951858388435031,-6.39943166570394,-14.47415037831364,-8.902178817340241,-15.844002643441954,-9.959789280468218,-16.438673384343165,-9.057974955953664,-15.527893447066191,-13.231448430245079,-16.11321982464851,-11.074534263131204,-12.331879429907968,-9.853692406402194,-17.390118018518304,-11.61186036859107,-15.60237188152172,-10.706849799885925,-17.399936283395284,-9.053967047199905,-18.451241220916316
481,-9.52142683641531,-16.156786897279282,-8.25798680336696,-11.49702167430929,-4.597738144886989,-12.92618732058779,-7.734080689589219,-13.731201329135343,-7.712614452823637,-13.271388643451337,-6.6002693677752555,-14.192871400430606,-8.422404801376782,-14.095035918158308,-8.98438755481067,-16.435039448630928,-9.799777924834034,-16.439207239301574,-9.456683477611366,-15.689685469308856,-10.353541188255168,-16.691122209728178,-9.047031088860143,-14.985751964907006,-10.013292792222977,-18.94506813718516,-12.452401497151921,-16.51309081509174,-10.065151816920805,-16.53801118996672,-9.636556422836687,-17.353549249126775
482,-6.967254965443771,-15.108994657870733,-5.5020215615142085,-13.29673257701229,-7.826277563874331,-12.282895250368004,-5.2453153566863495,-13.013153088459502,-4.035291905987066,-12.699462498152487,-8.996571232932371,-10.595616253549219,-7.104200943776178,-11.79691538045722,-6.212068115851014,-14.716025624645743,-7.42227678736893,-9.990744537492493,-6.078711376492142,-9.838504320457853,-3.602818305920825,-14.502831719127913,-9.48071110903634,-11.235781822200243,-9.069358498884553,-14.58860716106354,-8.880132886426487,-12.786988418135728,-8.137911533995197,-14.60507424125536,-10.060071296427536,-14.80940800695673
483,-6.875511228002935,-15.386829715871444,-5.319100800727172,-13.660346548055767,-6.555729139616306,-13.347536646269733,-4.495976861185056,-12.88509394954933,-3.1769948245481694,-9.663601694363072,-8.239437804012539,-11.742890527236515,-5.746002814893876,-10.910721877074721,-6.162913153393824,-15.534208867406615,-7.073964299777698,-8.785776528978849,-5.098300761627406,-12.655372531313375,-3.9107895036612064,-13.001331021059478,-9.159960912495915,-10.450123938160452,-6.263163298557124,-15.112695192607736,-10.937905939234128,-10.457925390230125,-8.981358987235685,-13.544740032030038,-8.24526567625129,-13.25971355635485
484,-9.594508478134841,-16.06927370516669,-8.821544754404929,-11.891899669579225,-5.718516581659372,-11.718660942468448,-7.901955209521826,-12.501325695519235,-8.618598238263028,-13.357212234804424,-6.549589582834594,-13.751980120543287,-8.081436498232316,-12.099867394956021,-8.496508102880178,-15.270142857153967,-8.63762073695385,-14.543426380242483,-9.973761078840312,-15.297153235030521,-10.936761590472297,-15.437051799262402,-8.090716520891064,-14.703626321776714,-8.594285563718774,-18.461384344286238,-9.921010721260103,-16.962890220587685,-11.046919746121095,-16.36906311885376,-10.544558997103994,-16.82316832169179
485,-8.081225569459834,-14.531060135545253,-7.721799604108897,-12.610062731018392,-6.815200602355071,-10.399740514165217,-7.2856064266739775,-12.610285470057681,-8.330330005789511,-12.6281898950176,-6.454924070549311,-12.59020230166286,-6.5773656272598755,-13.010446390885878,-7.055995192583082,-13.287598804631495,-8.893390100907736,-13.849169294745668,-9.488659292433567,-14.37557063011484,-9.546248815843118,-15.075717483607079,-8.765135258693213,-13.542827541866497,-9.153833784141545,-16.879496706293416,-10.53329351678606,-16.571038709426244,-10.956124951666087,-17.087121706578507,-9.478253596540682,-17.72054823506523
486,-8.963517051839482,-16.24761207882419,-8.096178897350605,-13.120805837400402,-9.43197388375968,-11.83473123945356,-8.247597896086456,-12.828172948829588,-6.582338138980815,-12.662072262140713,-6.663140640075462,-13.411602615376568,-5.067926903887322,-12.788488217065762,-7.978216376053927,-14.27076172343569,-9.050260034661447,-13.928837330375426,-8.07856180406272,-11.342962094261997,-8.902899759223251,-15.51179193474725,-8.579923884657955,-13.047918574253934,-8.238252251618528,-12.157114949740112,-8.11603615578592,-13.932411822690604,-8.877823546327845,-13.602195369820604,-8.514719872963049,-14.380626108988327
487,-10.81684708029769,-16.349303971382692,-8.374463333812798,-15.655157591803961,-9.305027158753008,-11.77187976340133,-9.321847232002023,-15.065697067016576,-5.854765971322489,-15.490382916827585,-8.651676008831164,-13.47914341734059,-8.774427839575878,-15.339024333025703,-10.776201154995764,-15.693442010828395,-8.982229159815084,-17.34596287161605,-9.388358406184153,-14.043369373151126,-10.103089777905037,-14.943870137654255,-8.534670830568077,-12.52531544036621,-9.40294415299362,-15.241072272428802,-9.734281782222581,-16.12056118613668,-11.506556218178694,-17.37383143705994,-8.83027875719875,-16.178082387073378
488,-7.086545209672743,-13.474671423372879,-8.113376636813744,-13.426271362864385,-7.488489753436678,-10.527089793318645,-7.190716301426345,-12.678740999607957,-5.820066909419625,-12.647460387011078,-6.141694981431928,-15.180056351603621,-6.33162495447226,-12.188066784462778,-7.539356225200333,-12.500922830555073,-7.291265292027758,-13.490975765609708,-6.0990966681140915,-9.54370267142168,-9.154480009420526,-12.394616890498263,-5.428050558654469,-9.899683607778222,-6.47686939168146,-11.448998079134329,-4.2764454115950326,-13.575590975183136,-7.965415507846727,-12.48847812848088,-7.909346337919234,-14.631816253022183
489,-9.2524875925397,-13.17963582173496,-7.218476189393837,-13.065916479904798,-7.338235032407487,-11.897510581666925,-7.532357964696038,-12.206468772406163,-8.470609707488348,-13.13947999622451,-6.690646238357566,-13.824192515867184,-5.855141667274837,-14.00537519172534,-7.8800952772986275,-15.074902033364236,-10.173075410905973,-16.68068532127474,-7.01323889823625,-12.366116800431595,-8.693756846802524,-12.70272700199185,-6.690110826385406,-11.893471694165523,-9.1635189028725,-14.91570123105953,-10.622576180054786,-12.566705040179544,-9.58111958652711,-14.783306100445955,-10.058848948179673,-13.96859768774259
490,-8.938432505385869,-14.048302683366549,-6.92665284891544,-13.023871329470666,-7.858007712233485,-14.557565450756485,-8.464273010136377,-14.021119119341064,-8.673884984046822,-14.036431515649037,-8.652167900722072,-14.414717224066862,-5.877885317641438,-11.818770996933974,-9.683074371848043,-14.882116286674751,-7.305878237443155,-12.605247854081082,-10.17869807006903,-13.125518600221929,-7.458788220232401,-14.020957217466385,-7.059882715346784,-13.565608387857527,-7.764464963265335,-12.771675596564407,-8.630393363133162,-12.260354509408407,-12.13703718604372,-16.10077387494013,-9.276638155168204,-13.848203125314127
491,-8.682713576343964,-13.521485749793317,-7.155602977629788,-12.105163993686512,-8.011509628015178,-10.878297765762209,-7.704630808880534,-11.238572998242216,-5.620610210347419,-12.574062181882917,-7.449531319767162,-10.126575875584988,-6.8055147828751625,-12.044316678336255,-6.380515845618183,-11.610743598913075,-7.861364858961135,-12.998276325096773,-7.430421064904373,-13.780565289065825,-7.882995345024688,-13.76401442693309,-6.313155387002255,-12.143037957929552,-7.892301031387823,-13.30019967396127,-7.588833119336947,-14.739440308094254,-6.912929876497959,-14.647884910662324,-8.736520568666108,-13.156888531662416
492,-8.497015186951248,-13.30959975326067,-8.146327228163008,-10.2524750717312,-7.739498232500631,-13.75470788862983,-7.978119271474382,-13.285269432491484,-5.761307277050964,-13.432374420162832,-7.600979435993178,-12.302866079436328,-7.696369081244484,-14.828931042633045,-9.097520150577958,-14.475122576734265,-10.22424688246781,-13.418881786153758,-9.661437929927095,-16.517399248090356,-8.259546397698356,-14.874630754657032,-7.613846577973076,-15.091751511189583,-10.960921168445523,-16.045409526133447,-9.743385187663007,-15.679164791769821,-9.884328895798689,-15.31555536940894,-9.67263922676841,-15.687542908524954
493,-6.664082473663986,-12.744626796821043,-6.489634047696208,-13.4214090705538,-6.949214221996886,-12.286929733458303,-7.10645043484893,-11.604007194611079,-6.775840737674891,-10.767251342927135,-6.496963087623081,-10.943187731653325,-6.271841747054623,-14.164105585332985,-7.523597210970049,-12.45098132549205,-8.222935430237206,-13.484058701836691,-7.635566942209795,-12.505648663350462,-9.62794396614073,-14.085845595141812,-7.659015798507865,-13.792923941842774,-9.610862731168677,-13.56213891648503,-8.914171956599825,-13.33729331475589,-9.663334836991226,-15.064997103497756,-6.9380148086610385,-14.566155509580208
494,-5.828967152982301,-13.587853667616985,-6.385824798522707,-11.994955385158741,-8.762098838471113,-13.449594245849958,-9.297867411902441,-13.633561950927717,-8.337226962282816,-12.942945591512327,-6.985471974666806,-11.923035711815164,-6.445054935269463,-11.961280377638754,-8.672041022013394,-14.621974237484931,-9.054241374196794,-13.889942208679146,-7.99995965658465,-13.741120038034875,-10.417687658661654,-13.20203732469643,-8.16719128763484,-12.529765862721645,-8.785250539476575,-14.910095776231415,-10.46444615119199,-14.118242202101003,-9.748226144508878,-15.899384686573466,-9.60118658409373,-13.198802852168306
495,-6.838472212609857,-12.804698725094836,-6.608035260828743,-11.71089105367659,-4.642948921445513,-11.551996365576079,-6.512770098074809,-10.965053290185347,-5.982883653963738,-11.900604500256629,-5.6190370742001585,-11.272773126861589,-7.721029663952942,-11.660234174694953,-5.23934358391413,-12.573871427019617,-5.7602150362922835,-12.948372553703003,-5.770505938573986,-15.807420587922072,-7.781792310370667,-14.558227650207732,-7.740113382370656,-16.1117325037183,-11.286022945356839,-14.351855127695144,-9.500317407568215,-15.712667723447709,-9.403397465004806,-13.732264248709342,-8.679685141839936,-14.82926969191318
496,-9.021233029485273,-15.996311710297741,-8.300232726434697,-13.683882495130906,-7.4216272789098525,-12.36950253682873,-9.50757709816454,-13.192120264430438,-5.954398882625607,-12.997362254412735,-7.594572513362329,-12.477919203498368,-8.983430212928097,-13.2425102950216,-8.93765263497441,-15.842809535521978,-10.33965523935176,-14.58892331719067,-7.070013121458113,-13.375556403479269,-8.500104629700779,-13.580343409535704,-6.132336658967825,-12.040464487984494,-8.905591273394482,-13.378920484981071,-9.23516644997411,-15.171214854162136,-8.97474927268328,-15.283484889244328,-9.038436949280184,-16.396379785670568
497,-9.473166323718292,-14.389329664814603,-7.23004180464295,-11.52207055497248,-6.4973206171000015,-14.41784420852499,-8.178963263064372,-13.58777970585189,-6.208669942039132,-13.438145586877312,-8.22074996968761,-11.968787957884807,-6.47678549580948,-11.716319497987282,-7.249434632989815,-13.667088290789568,-7.296330007774618,-12.514443037708364,-6.779283844257135,-11.399159346388853,-5.466372999122563,-12.376529528936029,-5.68249919999867,-12.497177492178409,-7.676218907860614,-14.1644512747623,-8.804867873219909,-12.708816798548908,-9.433421332640144,-12.77150510547134,-8.972961187338928,-14.134894149760306
498,-9.081117984857679,-15.312529555624835,-6.866174744857394,-13.111244335108852,-7.412896888946681,-13.321421401270008,-7.924412138248368,-13.860973871722644,-6.769556530400976,-14.60375150904104,-6.8771000088468845,-14.705975015599664,-9.724488163754817,-12.724659472065483,-10.04342584822522,-15.547201341157347,-9.256402717283915,-13.888247912858098,-9.987655300425015,-13.963471564728012,-9.281848687700212,-16.18508257208257,-6.919807007702704,-13.493780233918582,-10.145301889688978,-16.545919020864893,-9.77578881344225,-16.196599048497696,-9.667322976843867,-15.285608391084804,-9.368033868905922,-17.22190910807408
499,-8.725582055855863,-15.16937340872132,-7.048728987324652,-14.735989065704231,-4.152288423148788,-13.431774129107641,-7.858331180869941,-12.570732098357277,-6.019796314517246,-11.723014024673603,-6.61236868159286,-12.757588180683692,-7.460256993861001,-13.281544333363565,-7.006767704872756,-12.426338221982473,-8.596546290860992,-12.894533061568147,-9.19315344914099,-13.041827078565698,-9.086944768096515,-12.963303394576615,-8.047922464838608,-11.660505786217616,-9.657002329132498,-15.034489397313653,-9.222583904308504,-15.714860786734462,-10.518869877489474,-14.944640361857838,-11.02054153286241,-19.04761274669469
500,-9.75838361743304,-16.300425333483926,-8.341997746946738,-13.526523197695822,-5.532635810458703,-13.34108832800251,-8.684023578198838,-12.823747134506341,-4.97182916829309,-13.205553214556492,-6.036249214489434,-12.409327929577415,-7.402929569308876,-14.106210783791536,-6.179892092875644,-14.133041526524643,-8.67759892541858,-14.153172922773809,-9.023169893714028,-13.930077485208653,-8.940151340097998,-13.275118084081843,-7.1226184991235195,-12.301621628394763,-9.963692247803596,-13.282826295329471,-11.301692464974858,-12.263371905800284,-9.084594681643292,-13.076299933773052,-10.348886673255613,-14.883986079392571
501,-10.365159887420607,-17.41145507593306,-8.67086980721074,-14.169608391390575,-7.237838455521799,-12.863216544447894,-8.484542283914342,-16.077829330977625,-7.545898293616188,-15.973057494998264,-7.490937090804511,-11.71594673534357,-6.702462369476724,-15.910581276551753,-9.422154712718937,-14.761062839027856,-10.375643564072446,-14.846647591232776,-8.68149641249701,-13.342078818679772,-8.856270356192725,-12.600099445812523,-6.06577289540321,-11.678899974685088,-10.667983172839392,-13.795435814899779,-10.577935069990987,-14.298475303437199,-10.436177318909225,-15.088173568113623,-10.681451440082057,-14.467467122882628
502,-6.624643259457629,-11.227596871718156,-5.235079889469741,-11.556727878880482,-3.8072185714466737,-11.260180340392438,-4.322607795476237,-13.747506492367357,-3.3920232446576932,-12.76478072291834,-6.470379644489657,-12.490623677745575,-4.3197834937853035,-14.758647786084477,-6.036535732572268,-13.589304591305611,-8.282721818636517,-13.572721140149419,-7.040718811682847,-14.547926099964359,-9.461137524903533,-15.615151319238832,-3.588704485641082,-13.026250695589127,-9.342671820340666,-13.998871636358041,-9.466792837112541,-16.477272042052537,-8.557931899306205,-15.044430314437356,-8.793384286617862,-14.362792662626854
503,-8.121479828225768,-15.47604787242616,-9.390586827293495,-11.938281928587667,-6.587837113961051,-13.618401134146483,-8.707884078019143,-11.98161140077385,-6.809108100453135,-14.669255001740492,-7.532071236993332,-15.68252426539804,-10.331068249670283,-17.679467672533217,-11.451197926272538,-17.4609382439395,-11.4512407897329,-17.93268369170031,-10.169865858725089,-16.889363083095756,-8.583873185234307,-16.77140386404283,-9.88265549500362,-15.07574685196678,-10.31893874511507,-17.00832092209331,-11.655513829530687,-16.64697811822476,-9.385497497331615,-15.487889233164738,-10.682175660809701,-16.00871198049305
504,-10.66995554603019,-14.564162283146768,-10.606722770684927,-12.35267840390058,-8.586576685765436,-13.380112836497041,-7.941290517110491,-13.056057118809143,-8.183747114239132,-14.549062660055942,-8.83341748902208,-14.811008549805425,-8.483942070110597,-14.682042884966114,-10.930012621050786,-16.777122060223977,-10.895361489184449,-16.601914118430244,-9.460114539514793,-17.134800510538653,-8.691950020768592,-14.789356116312675,-8.672298292975016,-13.144997389915146,-8.554326225452492,-16.496467101783356,-11.338868104189999,-14.03527302203982,-6.734797691196346,-14.96380946243888,-8.892720842583937,-14.705503654042527
505,-9.509891079643308,-15.800085529242693,-8.133780938185017,-12.719286959926263,-9.171767966844582,-14.695780611206334,-10.9452516664832,-13.214165486942536,-8.187789921421919,-13.582836097783789,-7.758627896776064,-12.45791932975186,-8.219224225207956,-14.852254068681614,-9.288379079855337,-18.50857684364008,-8.162241665738922,-16.571509030658788,-8.50135900769086,-15.954146624225295,-12.327242929097226,-15.362565624024898,-8.304879925395515,-15.884455443213037,-6.84405890585166,-18.37194629709939,-7.7788388572048035,-16.560006554315557,-11.407878905190348,-19.266587690430732,-8.061537151198573,-17.16997246514162
506,-9.019516591880667,-12.57265835108364,-7.122125780656988,-13.292641119108344,-7.118441882179346,-10.158507066846374,-8.607127505886266,-13.956104981270208,-7.096374921324802,-12.400218934904675,-7.143998289346543,-11.455908266418646,-6.874903503174217,-12.088311987582266,-8.936497868291731,-14.565730124424155,-8.124410898500615,-15.29728914279967,-7.852473053407769,-14.505444576382745,-7.4355549433698185,-14.378028763637413,-6.2659224295241795,-13.369248006171572,-4.707552127722297,-15.227838589089588,-6.874971189497692,-13.215023656992404,-8.071155744706056,-17.872577631602642,-10.122558416781349,-15.897369433621991
507,-9.835416975682566,-13.64007467862095,-7.077783764823085,-13.017824724420297,-5.157107760983905,-13.863237225848602,-8.068783479776148,-13.87624002256925,-5.109499771109349,-12.786666480228067,-6.083038804537495,-14.361702667315928,-8.928129506292496,-11.288221979357353,-9.16934896520454,-15.567859934793773,-8.556404410419935,-14.519263192525077,-7.95661205609542,-16.84569157300656,-8.831669463912078,-16.844577974341377,-7.704052871728707,-14.852879505025431,-9.78261593255698,-16.80258820546858,-9.277406415744956,-17.153021673278033,-8.75939841522365,-16.660228290757544,-11.217446937581828,-15.99961077996034
508,-8.403462191127698,-12.372747118267625,-5.502532286752464,-10.948148432514987,-5.3411201898739025,-13.319544800422827,-7.719522459189716,-13.940686895301369,-6.533563396396974,-12.544991360908641,-7.149463133791195,-10.775719116643465,-6.990646404605812,-11.677079469591929,-6.277827767808719,-12.467638623300292,-8.41346044453587,-14.248427182829943,-7.75551486019045,-16.29027335961008,-8.67450728031966,-15.898203325987394,-7.239932958045108,-14.60404388214245,-9.738327116137544,-16.872303560848607,-9.648123255373163,-15.869191610597523,-10.33908663592532,-17.969318918428357,-10.1583784345035,-18.215516507409518
509,-9.533803416394445,-15.2722453873956,-8.518226439117168,-12.860713965911879,-7.2678542330026055,-12.792208099926693,-8.093670649937915,-13.363190764780281,-6.039554382863602,-11.974579353090501,-8.007271492290919,-13.74883239749593,-8.160040306703294,-14.37377172965794,-8.055773014699689,-13.024607989523112,-7.601431996989065,-14.596707424070354,-7.865809034569345,-13.921598401905417,-10.412372173176438,-14.9114455739578,-7.395355087771819,-13.303917956789588,-9.85918121076023,-15.399543486881946,-9.150973971343362,-15.799955516546923,-8.423298637814572,-15.927652091941308,-10.015455243974769,-13.136176057123546
510,-8.752486322440465,-16.83009500429987,-7.159130793473122,-10.79651452543999,-8.106840612181985,-13.073374413597316,-6.733781296020233,-13.105269178868525,-7.132423299736107,-13.16317635857964,-9.423511763433764,-14.326291775092661,-7.674887745729367,-13.42087379202028,-8.979907537283964,-13.050765109733742,-8.893222513567107,-15.809061768134786,-7.690383539141999,-14.784536045284042,-9.778108509421793,-18.775537452903478,-6.483645513921498,-13.560665644701633,-7.852838558020169,-16.11816156708661,-10.497107999074176,-15.070669912392631,-7.916763130944728,-13.75559586758154,-8.003360520518077,-14.436052299751207
511,-8.114652102606856,-15.45571356885609,-7.323573474563176,-13.662475997121678,-6.398294424651052,-13.84511850569008,-7.537863380942787,-14.166647969497543,-6.87683482711808,-13.811083706607432,-6.509942350795938,-13.728293668491974,-6.997974109644981,-14.501831154478905,-9.373484954983354,-15.180707729441599,-9.459812539495111,-14.402703037377782,-7.600672670648285,-14.518615688009149,-7.876942149463798,-13.518544934058907,-6.751853341659095,-12.922547493790383,-9.52584745462574,-17.720774659047635,-8.62486390237045,-16.060131110258244,-8.49063195556406,-13.266476438569228,-9.538559038221742,-14.301872063396175
512,-8.494995994825706,-15.86176109155794,-7.8501397602016185,-13.508954559877619,-8.151648154087118,-11.889490287575759,-6.594025847874083,-14.941704689122833,-6.350949618898213,-11.880617076702906,-6.859023764927085,-13.411031404611705,-9.272973680547155,-14.409980905527943,-9.38717259693653,-13.81228250497955,-9.037061434920405,-14.422146630744667,-7.795687084925066,-12.775070541046631,-10.567064868036839,-15.774992332537357,-6.396820316741314,-14.718253706562564,-7.888131981520602,-15.721589232573391,-8.129581661395646,-16.084702413165186,-9.239664252094267,-15.200694851067828,-9.847288688869313,-15.326861522303503
513,-7.0138000171260595,-12.999982129050734,-6.247167388255363,-12.914182208924988,-6.870736651310411,-11.489702524922528,-6.777795215297653,-12.241410947059341,-6.310851703445055,-11.078340645319926,-3.351715667318361,-14.846858676176101,-7.292086475608787,-11.541402750698078,-6.688182327083298,-11.885334616899488,-7.361484101835172,-13.66554551548666,-8.423634298909615,-13.40146025976849,-7.339085150158715,-14.335585784043447,-7.613820688394766,-11.288972628799828,-7.575936884804606,-13.884255203083047,-8.658582096385501,-14.930385047643146,-7.993992598265095,-13.570599244949705,-5.643160941415285,-14.583865550168898
514,-7.642228650901503,-16.97491784800122,-8.913848611586403,-16.22762526338337,-8.909187606045917,-15.3246656953524,-9.297573544061962,-14.825208372591657,-5.718719814835026,-14.751179095956491,-8.910879449935061,-14.269283225963875,-8.721660977497079,-13.658790487562433,-9.808378652967827,-14.628371884306922,-10.564088081886716,-15.136470938601336,-8.70380812451066,-15.104962255796181,-11.142421277944221,-16.37784905700447,-8.021473281013542,-13.378411161917986,-9.125798725866739,-15.602870715598716,-11.772864025038626,-15.698887165076979,-9.70104032861262,-16.094327046423228,-11.723177520210491,-16.888481169871405
515,-8.725195398148081,-15.925226501774867,-7.629900025815716,-12.819469189561715,-7.418977989376405,-13.045611849816224,-7.780016396687481,-13.51375210522285,-7.242945882032568,-12.789296765357168,-7.538597975028008,-12.789428597225683,-8.389204111236957,-13.682034989636131,-8.021417672274838,-12.542545022170888,-7.775522275413218,-15.243390329434217,-8.24743078155138,-13.044781801667241,-7.929271437969845,-15.147745131445054,-9.754262051886295,-13.604481313239319,-8.878685877759796,-15.153446493458969,-8.489451665378203,-14.288281547588868,-6.676847594390539,-15.713685321111688,-9.61257082973118,-14.576407097180411
516,-8.560561222466035,-15.66066951768694,-6.857295529450753,-11.095830077114567,-6.194773701364673,-12.08288167158944,-6.055467501061134,-12.503255194214411,-5.975591139264463,-13.19703823936575,-8.598750909370619,-15.536769401260395,-9.54024040839559,-14.454201013382574,-9.128556981013036,-17.205311791258417,-10.711491885518054,-16.322186031687338,-10.003879469496624,-16.741203945632094,-11.430073112305216,-16.021406471333343,-7.370688498090837,-13.51282079916526,-10.880107383218554,-16.32512100937644,-10.299556497111407,-15.98096158845005,-8.474707757636818,-16.503936484930286,-10.792818875164539,-18.052990056025802
517,-8.157909988355229,-17.34730175471273,-8.296274014271294,-14.563632926324917,-7.188118511048445,-13.244778268526913,-7.707845603302177,-16.214843570927208,-7.348275313745037,-14.208206806339108,-9.088685564466982,-11.4932053921899,-6.738513913520635,-12.835354855519874,-9.709554621510804,-16.99401118865285,-9.654868940746091,-14.375028681158625,-8.171901177139546,-14.248300729056707,-11.765771259721456,-16.613124819101646,-10.049355199460328,-13.125451839770214,-10.317285474194511,-15.111460402071568,-10.722396092916178,-17.674058947933386,-11.788782828081139,-17.115786813206164,-8.0383988300913,-15.55327373144351
518,-11.069772281776016,-16.70452409938081,-6.957396489065494,-15.333839665550286,-7.663304985945766,-12.981520331369449,-7.699686162398399,-12.988049219962456,-7.369707657997314,-10.526622240814113,-9.335634182615248,-12.067827037788359,-7.672535458719853,-14.067246349148885,-7.933911192582638,-13.424486435583422,-7.193862087094304,-14.11580236461784,-9.049408497373587,-13.409469843622963,-9.779024031209385,-18.78436233414876,-7.711030269053511,-13.874171885907105,-10.998224542882442,-15.148318751911189,-8.778545940471364,-15.352893423691638,-11.61025795335787,-17.275960565062285,-9.896042643284348,-16.057985225837974
519,-7.781227858114129,-14.25882888323857,-5.995260931920293,-11.85262993078881,-6.597615307877352,-12.02280157153983,-7.310607602889835,-13.131973908654855,-5.289627999814982,-13.361431356686895,-5.726480235172797,-12.173080968173021,-7.838068281563678,-13.133690290319057,-7.914792649488826,-14.82895260864262,-8.143342924646069,-14.799807271389474,-7.922005271642264,-15.375455792208367,-9.541253693306524,-15.433315745082446,-8.855187622043776,-15.059897418870696,-8.107621527145671,-16.968667264769095,-9.519459481229838,-16.103369198488608,-9.147450342714468,-16.092587292927774,-8.189806245141089,-14.280362135570531
520,-10.512308101969207,-18.556026977435664,-9.053357034304476,-15.844168992053715,-7.945082996377312,-16.004830405084846,-11.457398969193818,-16.69308511208321,-5.902817387350473,-12.717974642063457,-7.079417785320599,-14.767835224829009,-9.55833766094256,-16.073431689242092,-9.646096726364698,-17.464715859008496,-8.745726917306056,-17.897828549387235,-8.726767862545216,-15.759683689046826,-9.461475737520844,-17.90543591901396,-7.221174677699236,-16.245172748840126,-9.02996986504695,-15.624284991240248,-6.97487922655828,-15.801195569223548,-8.28492319115807,-17.00363192070722,-6.823880351981778,-15.230553199045502
521,-10.338921408903898,-17.64575756539794,-7.57005435184281,-13.369554457732775,-8.748539516829325,-13.434801251428114,-9.985444440819437,-14.421943437723556,-9.214886753138227,-12.14692600890771,-10.250412889811507,-14.337000993983967,-7.934276254378601,-14.222555120159765,-8.552656148543637,-14.939121893092347,-10.362142907705014,-15.506294118429668,-8.77492224921968,-13.672907101232433,-10.09448113009599,-15.997176561867033,-7.49786734081217,-17.09630918493764,-10.705438688881479,-17.060003531614583,-11.079364575510176,-18.047346999129296,-11.927824183202127,-19.362059798266586,-8.366860327206714,-16.21574256246021
522,-8.004544769797475,-16.379097076228298,-8.046759860481542,-14.520207948269482,-6.542271319637302,-12.898806548545423,-7.626957608247153,-13.176236307274738,-6.817752492198524,-12.927741697796968,-7.34901679980224,-14.158812787020786,-7.628162308257558,-11.210718872316342,-7.207498085721495,-14.593344072351035,-8.394568079528467,-12.841677815923562,-7.349383444739904,-13.2826894747342,-7.543235802431617,-12.649492380598657,-7.171440394143111,-14.248362368514327,-7.217154966361816,-14.83709016797333,-9.042050689753392,-14.150086700037024,-10.299849478461793,-14.574227895536193,-8.886558873852849,-13.7785457800656
523,-8.586094652821604,-15.826603535435666,-5.893207768647052,-11.86840988536343,-6.967271926707747,-11.51476269321914,-9.837421975544984,-11.829943858871072,-8.250575266238835,-12.145864458663418,-5.816966849081545,-12.312287291481788,-6.933269713218242,-13.492447075840229,-8.049265103015053,-13.183962745758276,-8.359624579114698,-13.299347168171135,-8.184467026855655,-13.170629445436006,-8.912555409042703,-13.918487595077153,-7.725859696801454,-14.305232405826855,-10.193870356917227,-14.609923778771531,-9.22481881807282,-15.54663075308194,-9.719224770576204,-14.320553979117589,-9.097857673605226,-14.730532183442618
524,-11.047056094225095,-16.183379106801695,-7.268066588317643,-14.049830991962676,-6.010849046592454,-13.138639615655382,-8.71440813563209,-14.838556135397813,-7.102579844988272,-15.197494137767368,-7.3053960557064705,-14.67264078051766,-8.477567158607165,-14.079589827285115,-8.531312354322067,-17.127873121364548,-9.290012241223026,-16.257228999280215,-8.082281279512818,-14.89229023417979,-8.399020195151335,-14.32323960546054,-4.708710318417168,-13.470720850990336,-4.67674901739005,-13.198971118204714,-5.125182982913616,-12.123790930505955,-5.1996392916057985,-13.511970022611786,-4.312501509892417,-12.149351549522954
525,-10.854843796254489,-17.122850561756653,-8.930180797296906,-13.814410886888123,-6.986808656245769,-12.749775103882474,-9.30316080539149,-14.590700276055738,-7.170152217118705,-15.0692054212037,-8.281286890652868,-15.791873134441179,-9.139048160040167,-13.52566244452782,-10.855460979714117,-16.520722714945176,-10.87064665566434,-17.030241668133915,-7.167081577257102,-15.488733745299168,-8.148525821940748,-15.013840858203135,-4.815544622920799,-13.090550378318008,-5.391034314178759,-14.370905275350932,-7.40919632376377,-14.021391294008371,-7.033281302910322,-14.889547633169801,-6.7162113211887275,-12.290003093215137
526,-9.22214890947899,-14.213414134445303,-8.180056307651247,-10.150789562538293,-7.437956765334163,-13.34707930780098,-6.499417578971914,-12.989593614656767,-5.4330327702019225,-13.040431847992393,-5.413296348469251,-12.018885702044228,-6.149527580453713,-11.77851468586791,-7.113357031721819,-16.42155708733492,-7.950828577884011,-13.787562851609144,-6.53301559763743,-13.978972580500058,-7.422194165738958,-13.70458058719424,-5.270355203688151,-13.590354598868252,-7.376232902363231,-12.924456616198523,-7.198592179440652,-14.467611975513162,-8.858910012139464,-16.509281145173972,-7.10961918323604,-13.432029047820574
527,-10.53510704544696,-18.158353665676476,-9.026122015426239,-16.256892142394822,-8.788705543112023,-14.715827535147481,-10.188945598483974,-15.655377639632416,-5.798171211765996,-14.208600273394303,-8.65906948869779,-16.22296382778805,-9.850445868194663,-15.345116886181804,-9.090035885202605,-16.649074394182403,-9.902332538846757,-17.10631818104845,-6.843647497695082,-13.11429206175613,-9.052144449728559,-16.02086817396196,-6.086805921794736,-13.22164042362608,-6.766488272654719,-14.190372847273329,-7.019243380117645,-13.68563408644497,-6.828630930528197,-14.048725922174654,-6.962642651509169,-13.588453935446388
528,-11.048685762063656,-17.981740480345618,-10.0992250575542,-16.664455975979212,-10.301415211118076,-16.740174313417416,-11.422884196540126,-17.096496900038797,-7.058847985831974,-14.269328082848354,-9.738699578993788,-16.75090772899711,-9.903051319404623,-16.999898526282298,-9.929285746523203,-17.32081504006421,-8.447131800275772,-15.401296686179073,-6.186628666860062,-14.281808868698773,-7.538786083361541,-14.831737468569541,-5.711062192865116,-11.503356167323082,-5.896706717266729,-12.36398221218888,-6.797737690174106,-13.121065548661633,-6.411056099321357,-13.002826980595028,-5.588541478405259,-13.111089710989782
529,-9.214875489221008,-14.90971257299087,-7.223943417784869,-13.798608728630906,-7.280902379154174,-13.338008743326082,-8.947586905431649,-12.954407756635378,-6.397332088987945,-12.747882096774601,-8.233817740972327,-12.14301814345138,-5.874443176404287,-12.2338720488947,-7.177489742196976,-12.931846397425739,-7.0767630837519055,-12.081014572309044,-7.127255031426511,-14.434885176905885,-7.509566017177056,-13.782580199990793,-7.255299873654819,-12.963090974943558,-6.745243303601788,-11.920536429639249,-6.187336772214288,-12.500335382221955,-8.865753744513926,-14.090339467779899,-7.14505866274433,-14.272930675377358
530,-7.402562568762435,-13.686220199389679,-6.688374903356523,-12.77346476732907,-6.2536895054546875,-10.972166744150273,-8.559103475902644,-13.694039731209722,-7.521540859688035,-13.94155419795694,-7.505207086621198,-12.58619404966833,-9.968730699329644,-14.856031339200772,-7.772941516430664,-15.435577051375988,-8.479316589262517,-15.78039857441847,-7.3408333687378775,-13.532465675883849,-7.3940319503429865,-14.172344815362912,-4.510733507323131,-12.076150812187798,-7.5678018328128935,-14.726423104605948,-8.349918079859517,-14.932988822463486,-9.266197112434295,-13.766296182211903,-8.273306973415895,-14.110130282682272
531,-7.089480020194903,-11.906455629306018,-5.859534332517347,-11.240773724770403,-4.606151296113137,-12.570579969461615,-7.306795307927247,-12.153212111589227,-6.173004149688094,-10.478736331974932,-6.7247257580211715,-11.04297797524574,-7.4218036707516735,-12.703622032069484,-5.801527898891841,-12.947973555518566,-8.344888132122891,-12.740215806304834,-8.842157811111182,-15.25960373569001,-8.934945622947533,-13.639274014149823,-6.925608452745299,-11.501558376338256,-8.467515219213945,-15.18864946000313,-9.06401025819349,-11.727560201366083,-8.921002910300734,-13.607521441420605,-8.279961215672918,-13.986854657348488
532,-10.567454176860796,-14.185409397784692,-5.726216559657816,-11.148503762756192,-7.335520584420765,-11.382922278696608,-8.505674829728921,-13.045206637656378,-6.054348210216967,-14.039641401019498,-9.076497298810084,-13.158596448058775,-7.909084408175213,-15.760513155569864,-8.23910843010394,-13.890685230398931,-7.341393412700401,-15.670719192021092,-8.156705070234892,-14.49336914865248,-7.513073320710112,-16.23930381524218,-8.020895079490312,-13.476140003657346,-7.98315630930015,-15.450040490532793,-8.850271775924973,-15.655969944390941,-10.135853437949509,-15.84728864187812,-10.002521114096119,-15.334093942672073
533,-10.833358956587364,-16.195964401010027,-7.528456822674708,-13.196420189282955,-7.417573507428394,-13.00249040948269,-9.133267463170787,-15.583440106986684,-5.108970127149343,-13.503320639699492,-6.585672459348066,-10.739743642949497,-7.510880229612882,-13.739954249302178,-8.123716913096194,-12.83613321315027,-7.801460854195049,-14.012818259299104,-7.321715149098857,-13.511438581518686,-8.198178373276761,-12.154637009419567,-7.9344928970812045,-11.136607624275696,-7.5863700590614345,-13.490060161847072,-8.531679213411286,-14.29404655224728,-9.823714210683406,-13.451656570497788,-8.294620881376295,-15.97233390307996
534,-7.750964283501648,-15.822043482759423,-7.121436075582583,-13.551520631981633,-5.7953831971229395,-12.891347665662158,-8.716411785104214,-13.938544228153924,-5.859441911112268,-13.072344603674225,-7.670389083548503,-13.726232987063744,-6.185434787093089,-12.518528476053412,-8.988946531747624,-14.486603628284582,-7.264540920432619,-14.88181032437426,-7.921641538149416,-15.109351941687546,-6.613777272931657,-13.699731028324859,-8.668674788915009,-12.304878774272312,-9.23357272964082,-13.455164958912437,-9.124836885516137,-14.496650145656012,-10.020550315831569,-16.28164637263041,-9.898085435891613,-14.921841246633482
535,-8.603685866580701,-15.134529607543675,-5.904531356783085,-12.113257200778758,-5.306342495972568,-12.222916238583075,-8.329296092288288,-13.319436509543692,-6.958873466715719,-14.043746444406064,-8.188041251771217,-13.147738748482517,-8.653312958734974,-11.741655927017868,-7.212741291489299,-12.616282413717526,-9.338940069447663,-12.351576107628473,-5.69135501903096,-13.967701244346163,-7.5512053843133,-13.573466958543941,-7.440694497288755,-11.52417201949106,-9.361238903075632,-13.683986271857071,-8.242582026356176,-13.101289110265903,-8.411657577397492,-14.109100957710668,-10.752434114548734,-18.355803717260336
536,-7.906140391133764,-13.362257951904137,-3.8840743337493526,-11.734919116420137,-2.808597323741091,-12.98150479966026,-5.170757157754884,-10.741005842229985,-5.100279842189483,-12.24284701632767,-7.724038137751763,-13.404279885729817,-6.974679125007775,-12.46583468379107,-8.44894250650266,-15.37451770246291,-6.163017079794143,-12.080146738287452,-6.408393827894364,-14.154639881354594,-5.92287346357343,-15.249007234926937,-7.212268715217315,-10.41287353647493,-7.427601941803382,-12.097729038024262,-9.299339324193589,-10.087653419877542,-4.237003084813857,-13.042857198705395,-10.529069914119484,-14.381437088287923
537,-7.461925850561788,-14.436105977966566,-4.39597302007974,-13.076936761830066,-5.905204409093159,-13.986945673595146,-7.7563204167371635,-13.057183269279765,-8.163066494525612,-13.594599935542755,-8.289769971176247,-13.41721291481978,-8.396869929892878,-14.564873007339687,-8.904760980549359,-13.584714861111362,-9.238330101977137,-14.534056759611584,-9.282948757768079,-15.326575508773825,-7.448352557707585,-16.10808969282922,-7.751243495992581,-10.488645446668423,-9.859466202118249,-15.33337861233731,-10.655657152949647,-13.746064712378931,-7.868464740346627,-16.010859794331836,-11.812633844812208,-16.83122902033403
538,-7.784571942183522,-15.859970840605088,-6.741250637404377,-14.174514947048431,-8.540637791154705,-13.059964542411608,-8.572174329262603,-14.189590352485695,-7.253339717786465,-13.899283458092995,-6.937961910172035,-13.96511924143984,-9.420126763006277,-15.25209330724331,-8.654144106692563,-13.107680303036078,-7.196832721246959,-15.833643085802152,-8.291141974062231,-12.997441515252696,-7.611741899679063,-14.056572721814788,-7.659547957067283,-10.899958833052795,-8.470284380609076,-16.775020054451357,-9.131770179875978,-13.447729442341963,-8.281051089495596,-16.156864200664707,-10.475138559558443,-16.53741528549962
539,-10.32143933549744,-16.26716701578385,-6.137385105651749,-13.028246698804075,-8.525742978144388,-12.084357720489848,-8.424060829127066,-13.852803994506196,-6.561955775443778,-14.887121056247176,-9.687366570261938,-11.884807229442451,-6.882346362561655,-14.612831363740334,-9.116857915037702,-14.046659680780545,-8.163296448204706,-15.305657475779032,-8.118535359032679,-14.276643283933417,-8.92893140712127,-14.790662204891532,-7.265880198425673,-14.391338807408893,-10.01504820755028,-15.35789038152059,-8.760230405560389,-13.32308010322767,-8.548197246553654,-16.075848984294822,-9.57672227419076,-15.397368498253893
540,-8.422751296202978,-13.905074472526568,-7.603133007927642,-14.714944416254772,-7.1731625621043715,-13.379928318307975,-8.483907383234095,-13.761216741693625,-5.796869542609731,-13.573942669859747,-6.86542977888191,-14.760357868480336,-9.098895704069266,-14.592532600188422,-9.980131472026763,-15.28918842680504,-10.776500583679043,-17.078323178288105,-9.412690905959593,-13.75013856889723,-7.210618780779492,-15.867633637028671,-8.433108782453461,-11.897940836849472,-7.976483098755592,-14.37891804007464,-8.91581411535107,-13.919069133559836,-8.97420053688565,-14.911471849651099,-11.05490535421779,-15.736004230279889
541,-7.0570561617238114,-13.163462957185397,-8.136515467446031,-12.866471342390138,-7.705019151013196,-11.666171785449421,-7.337217238602064,-12.379065259761875,-6.930398624341088,-12.708495843576841,-4.265859961755998,-14.049043683495913,-7.540190895429571,-13.74746247421639,-9.214942898976977,-13.553413170272425,-8.949684601610908,-16.663964421942584,-8.450917934467462,-13.429556672574304,-6.486719341885135,-13.760970028502095,-6.6473663229989635,-13.64186756562484,-8.238649040372326,-14.537251804191676,-6.700688142559418,-14.609709400775223,-6.847161232598371,-13.943985734823247,-8.202640462045562,-13.572365281504638
542,-8.064398979494428,-12.654271768303682,-6.440564480691032,-10.303896295931537,-6.536357409444965,-9.96931676726485,-4.750701639665433,-12.246426979537347,-6.1587239521621475,-12.817536700512939,-3.0787815353880488,-13.50609768662867,-6.426996769191019,-14.596189043208895,-9.546193896667788,-13.057672347597602,-6.458386901964424,-14.703371829000195,-6.431528572868402,-14.685754423888477,-8.389185466122711,-16.479666315415177,-5.738310858510456,-13.352194836357882,-9.236862991399716,-14.0868059067983,-6.318054052304827,-14.35932152234889,-6.18874872102351,-14.91545736354254,-5.560023966074318,-13.974797056363059
543,-9.420270775170241,-14.2702149008617,-6.912673320939756,-11.973617407283566,-5.551067825403607,-15.44759476202658,-7.544194529621217,-15.54985024727216,-9.086483036470659,-12.46608786977509,-7.6131815405430325,-13.459919531310172,-7.190240092597453,-15.01492408926292,-8.199158063867939,-14.086451163397339,-9.65343151906709,-16.225259794805954,-5.5520783424845,-11.45685740908979,-8.636787635382879,-12.425332523536925,-6.388166610810045,-13.387201925923613,-7.372819814805858,-11.443280226755853,-6.5040804097682905,-13.465813581838699,-8.104637858516154,-13.620736832616549,-7.734050622886697,-15.77185504748855
544,-7.041634556750928,-13.319203426176,-6.019235604303775,-11.361501734849003,-6.694724657206694,-12.963331723167395,-7.783724014163712,-13.402965426247382,-5.64001129394629,-12.909995101951273,-7.882082184118953,-16.476526170766725,-7.954731174167199,-15.967215511142909,-8.678012651539834,-15.943596425049694,-9.272562505544045,-15.813312067786335,-7.632058459497959,-13.210302849851265,-8.840355210030783,-16.05255210993525,-5.309625719850067,-13.456848682150158,-8.828163315926668,-17.935297345780214,-8.338711006096693,-16.989503052671115,-6.653675096680858,-14.284268327665666,-5.8955347114510275,-12.893381627739371
545,-7.8248701801275855,-13.812450439438337,-5.8081309584950915,-11.586728428245053,-6.222297797646164,-13.052157776297946,-9.259250477631305,-16.56206121810051,-5.824141299468346,-13.077842682599805,-4.938222306115422,-12.039246733701543,-5.562463460374799,-12.634223909489975,-6.818847067299661,-13.139243352603195,-7.527318904553671,-14.747406883792856,-8.890773236029778,-15.73188038452117,-8.240947945719881,-16.078338674892372,-5.369662811436728,-13.17045608282545,-6.993361384315932,-15.12573012668457,-9.094712393259227,-17.602127828170442,-7.716361598374758,-15.323731856724386,-7.016359571379489,-12.26886011603703
546,-7.52253171402179,-14.89229845586377,-8.100044036392262,-14.259496822581866,-6.553378216905946,-14.099012283011836,-6.050769506345181,-14.430556261637971,-4.229168001696821,-12.609056460786638,-3.332037486832155,-11.665568305762763,-3.859106941982791,-10.728295993506755,-3.8413596840523794,-9.952505967662134,-3.3862882908084417,-10.724860885038902,-2.3536634930184084,-9.225479221685799,-1.8012045538076185,-9.742790737956978,-1.9035263011458217,-9.823354271188139,-1.6969908327841974,-9.102619483080986,-2.2497548077902634,-10.642715132255006,-1.3924864791225435,-9.792021984452765,-1.3502141911219836,-10.38869877616376
547,-10.771620309863945,-18.852201747475373,-12.733046625666633,-18.419037662494397,-10.811612953064584,-17.460647030418308,-10.983786850732733,-17.67190936164435,-5.835962039619478,-15.585714256865693,-7.51880868658472,-17.332870171994784,-5.611065425196932,-16.168100984501507,-8.049132844938343,-15.960564375638652,-9.306501324097058,-17.646349917847242,-8.986614997605958,-17.6929901548792,-7.860002046687153,-16.720408911262496,-6.507984844107821,-14.29493835546955,-6.110993049274068,-14.700190220026471,-6.892517973926211,-15.701561828193519,-5.1082639902599345,-14.496534064462134,-5.833926444932605,-12.76166599474262
548,-11.365689805598526,-16.608646770986766,-9.59639853220112,-16.54244001556059,-9.32431492201226,-15.513177256424733,-9.673143002230217,-15.229895217573118,-5.303775198881825,-13.9008727083387,-7.850960977918868,-15.357041231751836,-5.278285852803907,-15.11018441611717,-8.213326212571742,-14.638277819694586,-9.000638287138186,-15.746952881818405,-7.694227880453327,-14.732020040749365,-7.6723711756952815,-16.757295562816,-7.129522564504276,-14.348773906732166,-5.932515593627961,-13.977638567685078,-6.812614630431718,-14.8342751619776,-6.687211255622984,-13.276763093842888,-5.895713186772173,-13.437662524139288
549,-8.843722474063684,-13.416616357823699,-7.244077783133312,-12.48150365447908,-7.145872700267441,-12.371000355109407,-8.538835929922705,-14.372595602049811,-6.79782045707118,-13.840895161594197,-6.573749937049248,-12.062018122433948,-5.322247866325087,-12.336233727364077,-6.940019139837883,-14.097414176761998,-9.287572278757427,-14.35210972092147,-7.108310420843029,-15.157511369989184,-8.573467391072729,-14.741456655085612,-6.9114432516729485,-12.305412177527966,-8.025755848572722,-13.246718551796068,-7.0967872986159755,-13.478339821083027,-7.898607528289904,-14.598724332559396,-9.563604966119842,-13.647548466791886
550,-10.687407847281975,-16.71510885785263,-7.059716223431371,-13.461816236754595,-7.205325343079936,-13.007883859360716,-8.072971711016304,-12.956677063414839,-6.440305572822611,-13.858599674501352,-8.871047291747518,-15.280883466443154,-8.83724113019676,-16.142037808272395,-9.157815598059567,-15.279520373557514,-9.660626442565873,-17.262331770621472,-9.099197001589546,-15.944837244408742,-8.255210839517707,-16.23549790280449,-8.532323668355277,-15.376451121924994,-10.60249204729014,-17.648699149598677,-10.274420616349326,-16.04955466727584,-7.708721410242353,-15.030907537393984,-6.766503753733907,-15.513391832938213
551,-7.872613722650752,-17.129556924091037,-7.971005059831551,-11.936909684781256,-7.936817407182528,-11.924451522535986,-8.612268920151841,-12.518392558858334,-5.739002074181312,-13.4591459587663,-8.932377341110172,-12.900270872004693,-9.426356215207385,-14.473158461416345,-9.039665063806,-16.08197547297546,-10.878056561552903,-16.182306474665573,-6.8293682467439,-16.33825115998858,-6.659616847442576,-13.987829248314121,-7.0409258092725855,-14.1638265274632,-9.183282344428617,-17.159211242105123,-9.102073509138172,-15.049088316509101,-6.743837599880829,-15.218703364011288,-6.544181090216488,-15.44086334049142
552,-8.725578365058325,-16.186721193980866,-5.479960557325565,-13.798205777290942,-5.872370472301322,-11.998099455383953,-7.958383078465365,-12.958924116576878,-6.852873279941392,-13.665934417655217,-6.44945797833328,-13.286261676515181,-7.355059144208221,-11.576809235469502,-8.890678713250157,-14.400357216412736,-8.189545949770238,-15.276664591634406,-8.121873101536337,-16.27743540817721,-9.06866482900543,-16.241830827171615,-6.665303255425159,-14.473084400734685,-7.587216713246071,-15.08957794863254,-7.3074726381774795,-14.670376465660018,-9.623308780989278,-15.816711463985682,-8.591994572053455,-14.398238780762806
553,-8.913547919313851,-13.809744095697214,-6.172036458119967,-11.57048791306947,-6.686613524522743,-12.156412563138419,-6.337257400445017,-10.41332785430173,-4.396566231998942,-12.449264298344279,-7.383202548257496,-17.87361535471996,-9.251895386721314,-18.0569919184507,-10.749297840574414,-17.690047052858162,-10.080972948797342,-17.487884724007134,-11.72742716632296,-16.039788329740183,-9.886676898755608,-18.67797721749443,-5.661562779726051,-16.469815360474932,-10.869780528147254,-19.777525352524584,-8.58705758326384,-15.681636532002415,-9.533303682552992,-19.423167348025093,-10.771583413669452,-18.862719484744673
554,-9.55143238988398,-16.25847133704537,-7.169628442659062,-13.536865827014077,-8.771463123622095,-13.360124575093732,-7.879960296551633,-13.065796982004084,-5.741865546862321,-13.25097615283987,-8.371138421574638,-16.085750371418236,-9.784224631147962,-17.276938345666643,-13.253714922939038,-18.623532229843057,-11.071994320617229,-17.50906177431322,-9.949851383192422,-15.61869124770543,-9.699163365063118,-17.350213815211543,-8.102550994880882,-14.576863817110151,-10.559831154682088,-17.479987165779043,-10.896606947910563,-17.879366259766805,-6.808952786927418,-15.196503047536837,-8.444727597401686,-15.126794267584406
555,-9.316930591309378,-15.898269792688344,-6.573997543032014,-13.39258117397544,-7.229112794705008,-13.663060747304492,-7.230933604290975,-13.307718429871993,-4.671107951736714,-14.572298053861651,-7.46246062451852,-15.627132183585005,-9.803969835258428,-16.575432619491377,-8.888181726128526,-18.23425905502562,-8.707555131797164,-18.203705871162708,-7.955963874133839,-16.777012967662507,-8.404598412363004,-17.094032274484388,-6.230403849694509,-14.398134120161007,-8.780169276813819,-15.072242940711384,-6.995626751382029,-16.00030332241303,-6.747539819197006,-15.104327268522722,-7.992653497706888,-15.78561451755558
556,-6.08212161764164,-10.663056811430172,-4.33137253669953,-10.967243027707863,-5.21538816544998,-10.212649714232144,-4.850723713547843,-10.552266324104139,-5.057309054635663,-10.989121645169309,-4.978271468393001,-12.061856847828276,-4.440769385138624,-11.348924311927744,-4.87912144690256,-12.820745123553259,-5.195682895645492,-12.990286992515518,-3.969523424891462,-12.18312947926953,-5.340654250805791,-14.133769768440207,-2.109622086515526,-13.121769445171678,-3.437314224166952,-13.11085136789064,-7.159911333350052,-15.263547036569907,-9.22407730512185,-16.14303344273386,-10.51313226222251,-20.105339495874105
557,-6.386849453937405,-11.277662745909417,-4.669428542162884,-11.38471463771199,-5.436100773269241,-10.519818124381398,-4.970029575313536,-12.89485480045852,-4.191642204595766,-9.697897588262839,-6.19969818735909,-12.874985352254015,-4.93612557777814,-11.799664852307393,-4.915347523952638,-12.922306138304931,-4.978593547790835,-14.28476915201446,-4.758207898318203,-13.077597840763495,-7.182895257025167,-13.556081714260124,-2.7914105488393997,-12.737282067885294,-5.892026932548708,-13.21390535731801,-7.280663241002243,-16.596058595872808,-7.638395995902424,-15.139081213194716,-8.67666041903179,-18.44861201759498
558,-6.517443155937097,-12.632661288206442,-6.0741441516296515,-11.114658045053996,-6.429233700845622,-11.145472279586219,-7.361155578667734,-13.45006380334873,-6.92067217461414,-12.884706336555382,-7.716666479134188,-15.096587427764995,-8.921770838790517,-14.063417348501009,-10.49092316730453,-15.381191804115291,-9.259163979591014,-15.969052540466848,-8.808752288693393,-14.39456665632957,-9.248401753868908,-15.69970794789105,-6.583376662132832,-13.741408878022568,-9.423664153909522,-16.86159746805223,-9.3329612836429,-16.419973395687656,-10.61636060651882,-16.191236111856227,-10.00382755727162,-16.978297469235503
559,-4.279770119023672,-11.829917614430883,-4.493493189239465,-10.306388126872355,-3.824432253615802,-11.554117674125091,-3.830876110424588,-10.895192824301335,-2.773336671374235,-11.374265169771341,-5.207772914464265,-10.778880574783251,-4.596997717942398,-11.008449546738515,-8.097851758599022,-15.891364746352675,-7.899464618820926,-15.891578148790868,-7.578776700338786,-17.15819070693731,-7.723186614081554,-15.310267364803614,-5.470347395733528,-14.3637149967951,-9.10812162235971,-16.965807858037206,-6.92536687936231,-14.75553147891214,-9.813483580127563,-15.021041332830855,-8.458448268271823,-16.089283640285416
560,-9.018789822847474,-16.167535498877168,-6.1723874857579055,-12.039573383168955,-6.086210022062452,-10.711922867147665,-6.54689889341612,-11.264816685222668,-6.204182635085116,-13.748189244945248,-7.299947870313158,-12.897934778097657,-8.82174764049234,-14.221637610292486,-10.349886635942385,-15.421037966589848,-10.466209244104556,-15.83405346348938,-9.79584630390272,-14.94159727950641,-10.35783009733102,-15.204209401277687,-6.057317448963593,-13.859589657253913,-9.600908695998932,-16.120067963614964,-9.759273640904215,-17.339351480061516,-10.056017333978946,-17.616260493761292,-11.137963800546533,-17.596444911501187
561,-4.579003099409999,-12.463982668868912,-2.0178040825584556,-10.19074372693492,-3.398815223363101,-11.06760479275402,-3.6432095958686475,-10.67626633249763,-3.9466733602962534,-11.72586105756119,-3.5253334640549117,-11.3643461319072,-3.128386799506406,-10.221249341976531,-6.249917921604013,-16.729438263375858,-8.679306947804054,-16.03396516646593,-8.87025438523391,-17.160807440229725,-5.010846020842141,-16.900347248138537,-6.26037743309303,-17.488619834291114,-7.570153928297313,-16.71993190395176,-7.217550775460797,-15.631505798068916,-5.806032893231032,-14.382965019101528,-5.709458119404487,-16.283110452413972
562,-9.290510123507351,-14.662513806419302,-6.048935469391974,-14.330497019517976,-6.782879073173445,-15.670401291688997,-6.529535777988932,-17.391226241652646,-8.72525428709755,-15.706331805952447,-7.295287945960437,-15.729248606547879,-5.978293716203465,-11.872395775325991,-9.499353679376409,-17.056979218711238,-9.631117308958126,-16.704136595937932,-9.466597643926576,-15.896481625254967,-9.980098764267591,-15.896962520164662,-8.024360245961384,-11.434022176978155,-11.497993640483399,-14.07511553137227,-9.1887245722074,-14.383980059786632,-9.172967471027885,-16.054180448252254,-9.996591665150573,-16.96597986406046
563,-5.0601638034095195,-12.428611040288498,-5.883562581997869,-12.559862487006273,-4.941613112528981,-11.465320912891158,-6.265285120199464,-13.386620283144614,-5.975416673708641,-13.589242373263628,-7.4992266970604335,-9.71722427055711,-3.8973999287638277,-10.380563209448425,-4.022681778208593,-12.96731394688015,-5.333785420040456,-12.154807465857786,-2.8765869337099668,-12.179744055842054,-6.018864911612564,-13.09437420093903,-3.7045091407649067,-10.070642235569217,-5.158508356403101,-13.38625693241049,-7.247666987873199,-13.39920747318059,-8.784767846563277,-14.086462288644082,-8.408861460436297,-17.339735438945368
564,-7.1536951674652824,-12.893898197156828,-6.476934286864893,-12.786531972782821,-6.583374790282531,-13.086743407088104,-6.252705624040214,-13.87364884770632,-6.504882379418762,-10.692660726611384,-6.295215534701732,-12.405978709018829,-5.492727437089762,-12.46977429643569,-8.661835189525329,-13.473000003371387,-8.110157110903963,-13.459655011222718,-6.167282976538761,-12.438426957274853,-7.575292547207858,-11.911368969484606,-6.0753340561326175,-11.329174571081573,-8.818467911635304,-12.899914845421435,-7.312357716028677,-14.943117648556925,-9.546509552603139,-14.841428479519767,-8.772749437465578,-16.463440239494304
565,-10.91710014138189,-16.81556424400058,-8.009485771420552,-13.32921790389401,-6.337027427003593,-11.81802840756326,-7.96444014317812,-15.732617407213723,-7.003552671148551,-13.826004436870607,-7.963915792605919,-16.34466752892272,-8.749827666308867,-15.38921141683291,-11.345014470583003,-17.63673682568744,-10.224366511068263,-16.259485430781666,-7.450900760531526,-17.195159159875576,-8.538426402789462,-15.25660066557332,-7.745270906430114,-13.726811755686532,-8.655869195470347,-14.424489607710957,-7.669507774672396,-15.19464673111897,-9.40775548468134,-16.917956569094915,-7.72294037861633,-14.574662471831651
566,-10.305621253239238,-15.564882999179787,-8.306626605694307,-13.20495438571477,-7.542594718095109,-13.022805659110052,-7.890698373470441,-15.592150982222016,-9.682824021477796,-15.605635156165075,-9.363427348466635,-15.89097466905802,-8.19697353163221,-15.22209471630244,-10.369765760304187,-16.042993781240472,-10.086093273091898,-16.982165602183326,-7.9367277228516,-15.120763102349486,-9.313568774636826,-14.29268066408931,-8.169178101901446,-14.315956140024142,-9.071431538417169,-15.990603815168246,-9.253731313140683,-15.740741186641676,-9.999076844928501,-16.760256227959893,-9.532816380671463,-15.520609944865946
567,-8.985152000590293,-15.256412759562322,-7.643399794789555,-12.252328793245521,-7.641765940486589,-12.596503355205561,-8.573324868085807,-13.171411359332472,-6.772883882141474,-13.027449438385192,-7.987074911644486,-13.709748645388647,-7.448856142214678,-14.215517988951413,-8.920489270909316,-14.51840220115219,-9.704703599619567,-15.723259618858352,-7.102104404378981,-12.812698692301277,-7.845050051925934,-13.566202847097133,-7.514052653542544,-13.47436209595915,-8.207777540214403,-15.69795474131994,-8.755775014265936,-14.295816824248194,-6.683346268795591,-14.051782017357741,-9.030852158495065,-14.206368797523739
568,-8.190310495818714,-14.457510837530393,-8.29331840435657,-12.816604133164232,-6.461136441349831,-11.155206752405082,-6.093398131807888,-13.266801355298643,-7.800074664368491,-13.72791263588756,-6.863209701108667,-11.724960385892022,-5.56172199478837,-11.938336102498079,-6.825582434767112,-14.255185997349503,-7.055956524474398,-11.329635129010763,-6.835488245607795,-12.734492121583536,-6.993189739043489,-11.998920775210653,-6.871947738387228,-13.028375451870208,-7.445945177003503,-13.926494898244615,-7.917250653710014,-14.237895595937506,-7.851257953284797,-13.690453325963073,-7.722415542137493,-14.517849582100247
569,-8.729755015558899,-15.416531968249663,-7.132675920790153,-12.17850708967121,-6.1255198211471376,-12.951859795248593,-6.884860591783326,-12.95005913461532,-7.536181658914996,-12.095119856812367,-6.909622004836191,-14.459491677420694,-8.017725658865428,-14.814200803722006,-9.323434451474196,-14.682921757892458,-8.94255006373133,-15.423929024968444,-7.086084211233327,-14.102210421966975,-9.483289523336925,-14.830769272069036,-7.679117186115873,-14.587942641166148,-8.110277279561327,-15.144004487274783,-7.1620897728229425,-14.23104786200339,-6.874237658943718,-13.103546784048861,-6.673575726768936,-13.437297265878108
570,-4.183293513211217,-11.367468409390796,-3.1551110791497865,-9.825431425041119,-3.0677927915826513,-9.930152763133238,-2.545339596619027,-10.143298471329963,-2.572137515515781,-10.363390129776501,-2.294931289969368,-9.829374976020599,-2.0877826392378034,-10.136716207940397,-2.811522118653266,-9.950520811843278,-2.3954403981712256,-10.318577865846958,-1.2160098474990857,-8.720686950332778,-2.3393604307866203,-10.258669985189798,-1.9227775486032048,-10.45125983013742,-3.061926993309215,-10.553830285648347,-3.1050442759446666,-10.670449231563522,-3.3603311710782053,-11.347179017727179,-3.842366228542298,-10.666659947480444
571,-7.4155101494265825,-13.766713750203944,-5.681808783292347,-12.920418349208425,-5.4687560876257955,-12.779154932400553,-4.92771594884419,-13.24416191208412,-3.727528460877835,-12.16935744317184,-5.819572774746861,-12.569915119537264,-5.5100359758114035,-12.761009924680568,-5.762003966548448,-13.140005673935363,-5.854354820782664,-12.220166774524404,-4.714753764175535,-11.721485872836137,-4.701660215158492,-12.10768845141972,-3.245263994756205,-12.366721473576266,-4.454270525306228,-12.60356545330045,-4.791640716984898,-12.978369503650987,-4.531531643935671,-12.041052716475505,-4.377103956651369,-12.302928461191145
572,-8.014953177545227,-15.508190910063304,-7.0443683923639195,-15.035361248148313,-7.414930216185269,-14.64071304639321,-8.214723621498543,-16.860399917279217,-4.9540491479097115,-14.358857343356522,-8.047191099954944,-14.556049746544893,-7.52136319567957,-14.62206151869933,-7.889458733137124,-14.922602082773844,-8.671879896079522,-16.60590161848058,-7.177137290152945,-16.535757754461905,-6.957888577922243,-15.170555058301684,-3.792878558804434,-13.478386510264922,-4.802515168471791,-13.59694944401179,-7.464169446322901,-14.338485224901731,-6.292440488361414,-14.989236133995698,-4.3394974998648,-13.312720612845073
573,-8.50740709535851,-16.27346196110698,-7.672649112853701,-16.03609012171933,-7.746530704301061,-16.327037669361687,-11.262812590289657,-17.280577664283555,-5.777728461048087,-14.170966107339819,-9.442318107777401,-15.615123434383255,-9.096127227285507,-16.879715885786133,-8.536463897087337,-15.940993772032408,-7.56411069930733,-16.17754163194848,-6.437247488141913,-14.702474017814723,-6.853843257607544,-14.948027639656267,-4.966290613788166,-13.044058005077153,-5.418462392834959,-13.00963811883003,-4.0884873530659895,-12.853576674623943,-4.256929832244628,-13.075329437331703,-3.619570207947209,-10.387249956616873
574,-5.951259463268283,-12.245997239493194,-4.3516990383467915,-12.353053177439781,-4.848234957296232,-11.820125498463355,-6.076158125428468,-12.021402702723593,-4.5505198434151115,-12.328016869407145,-3.974114756651352,-11.103607895164929,-5.380677632160586,-10.353334540503278,-5.079155872124042,-11.471950504323738,-4.748204733762134,-11.321072227275033,-3.8069736893297854,-11.904859756145822,-7.1166371150679435,-12.249619996080384,-3.7937657202599717,-12.735654737194373,-4.275609273701431,-11.767097356886831,-4.765388208155318,-12.282204467683833,-2.660453929891959,-12.42384908998118,-2.608666715882189,-11.618939618620557
575,-8.087367956987032,-14.428934407756959,-7.0568382597943815,-12.828878307648564,-6.430729026169844,-13.383079898807626,-7.444710362589228,-13.3737358875355,-6.36610009782816,-12.599411154216828,-7.132596837568275,-12.784658666842128,-6.65681400903022,-13.15519015170153,-6.815179008324888,-14.338877780915208,-7.046830027200697,-14.003233552419225,-6.096006311842762,-13.809239278506718,-6.9042181263730065,-14.38379212695998,-5.943506259750397,-14.355589380128215,-8.066303408877848,-13.792840382710988,-6.462791657243087,-14.52391424151428,-6.057603730643674,-13.104002164013549,-5.416609345548511,-13.202099977199655
576,-9.641566612487502,-13.206793754842884,-7.700329118732753,-14.249557249999107,-6.4537943877704675,-11.961523270160264,-7.898419598314774,-13.855256171369927,-6.078105438417191,-13.164459974397008,-7.095251230179105,-12.287592513597303,-5.86836065591958,-11.508055396104321,-6.31889206729114,-13.645844255842132,-6.695877935537082,-15.172708681604819,-5.460210997420885,-14.683055494875298,-7.892463133444979,-13.949788996336153,-5.993067328082175,-11.937128465015403,-8.152289404019108,-14.403264921022942,-6.961513056787241,-12.999377760185933,-8.220040930722526,-13.689535868052314,-5.602436199295655,-14.827067678265372
577,-8.559051043417192,-14.906026666072014,-7.334119759673076,-11.240278182376324,-6.808996138046394,-14.03866075729949,-7.296832759057505,-14.03890512901824,-6.686131833483222,-12.571034188767356,-6.469598032304406,-11.279104575064423,-7.345084679894488,-13.640335864007278,-6.465137724485135,-11.610587910113285,-7.3125535031282,-15.134549723438473,-8.218210281347059,-12.596306414234384,-5.087899514731177,-13.218486076063005,-8.984918575387631,-11.692472340892204,-8.839581288655168,-13.943591005342025,-6.47175745980043,-13.95627326910702,-7.340660898504834,-15.138492446408504,-4.494617198833933,-13.722950893446262
578,-6.897766031783813,-11.40004968374229,-3.9551434428246908,-8.973931712865566,-3.8074593514775614,-12.356387898219259,-6.610965321781453,-14.23912164681694,-5.145418286734314,-12.22347702421882,-7.334480642979596,-12.929386125181297,-7.874870798679253,-14.324302061485636,-9.000000772687072,-16.15277537256476,-10.775323301434279,-17.159096598862547,-9.629465770651223,-15.516290884062991,-8.590579211882636,-14.606096704598867,-5.597202198978682,-12.198510163232708,-8.06729659145767,-15.641870972824066,-7.496856558911585,-14.486408476624268,-6.022420972154107,-14.115653127799758,-6.384049419823276,-15.437837670349506
579,-4.284990267876813,-8.689082701438211,-2.203753680392229,-8.26611682428908,-2.548309576886349,-8.986946760763393,-4.208037348103639,-10.125930948844966,-3.7226116531471236,-9.220496168342194,-5.174884104396277,-11.982050846055216,-6.36619882665327,-12.116641345716655,-8.90835106081295,-15.476832874020769,-9.46992383535367,-16.387697976349983,-9.287151385790361,-15.294988375392677,-9.840277668344834,-17.086574403033026,-5.339284588269486,-13.992217254229365,-8.749141601000257,-17.39948076802204,-9.538363915227148,-17.696804991898894,-9.892577017482617,-16.936455923701978,-7.930030127427033,-14.338977917573132
580,-3.632441009252918,-10.587814785173151,-3.436829642474582,-9.52040080645953,-2.9052788545867276,-9.88251379944558,-5.048641189394725,-10.70592922806193,-4.441029618403011,-10.212562239822505,-3.111932629684657,-11.731213535959668,-5.118538612480435,-12.993383956810565,-6.865026899157625,-15.325779290073786,-9.870191364396524,-16.996427026858953,-8.42952895753278,-16.68689131125046,-10.44022707856425,-19.211738600946763,-6.934807968653435,-15.24423618297562,-8.600749895773745,-17.034624907821446,-8.722348451041704,-17.9512463201073,-8.825660099000675,-17.088603470912677,-7.0258786611047706,-15.153313536722735
581,-4.813302459113475,-11.833657437792676,-5.447641510801635,-10.94072508317964,-5.991794872088535,-12.534423930031647,-8.756658782378388,-14.90288359024477,-7.254872271995161,-14.624235949698473,-5.366002334456893,-12.22979927637926,-6.6737627278823375,-12.656363181354225,-8.53261675083872,-14.273726967711887,-9.91873627403907,-17.146022777533943,-9.475855223818542,-15.735990969961783,-10.156515760427858,-15.626447035257723,-7.469879408977209,-13.854072431947975,-8.650087466359683,-17.60828847275088,-9.41882014723555,-16.25451929003244,-7.158465406883443,-16.525326422849194,-5.150126487824353,-15.338847155144448
582,-8.702028043427678,-16.385506102398534,-5.225004490453376,-16.294704818388503,-5.080403934842874,-14.763722449721877,-5.729679097333066,-15.230255012086234,-7.370550855536107,-14.300534837158532,-7.678846176817221,-19.096219892854624,-11.785672366273975,-18.909865361110448,-8.657607119785446,-16.542892615093912,-4.824228022092803,-14.56876272625816,-4.995862202831114,-11.882138192886044,-9.222466113910317,-15.69592143952673,-8.629321728162147,-14.687453824309307,-7.6782271569314355,-18.55215168772094,-7.062998114408256,-19.131522007109403,-6.684471418023352,-19.247403741791413,-6.306278327125046,-15.074342952729525
583,-5.914597950190642,-13.06049788244283,-4.318073358279715,-11.507378098431131,-4.35504569089994,-11.240781652933094,-5.700199516920941,-12.46659581009036,-4.687545497211605,-11.936498439546206,-5.22129314151742,-13.457385373386781,-7.507912617142773,-13.720586016439496,-8.758584226045997,-14.962549810755162,-7.862863036590087,-14.510819414015593,-7.264087021218572,-14.142386716380697,-9.94945337370556,-16.737100540474007,-7.774095878993252,-14.839993216015174,-9.499159413648906,-18.403080981669056,-4.8700876048786075,-16.27863534352455,-5.027232025204987,-16.180502395692827,-6.209496928853854,-13.567721065155098
584,-2.664415200137325,-10.755170961592082,-3.462064629363137,-10.916240949311678,-2.3392194991558153,-11.946376024693656,-4.551404559375146,-10.592753243703655,-3.755469917160516,-10.084737168942532,-3.6447400611236236,-11.155766048869573,-5.288544175273211,-11.468872056729909,-7.6232510521928,-15.126056950814672,-8.457486163529772,-15.089599017482628,-8.869353639340789,-16.486957089672522,-9.222118606367417,-17.028058782806276,-8.170920891138993,-13.907480406125552,-10.720458772005983,-17.376714448533836,-4.645090431993712,-15.7621880958083,-4.715829413890545,-16.000439689163425,-5.150531982671827,-14.575521227961497
585,-4.284571655785148,-10.798800391343708,-3.4583826337007766,-11.466776146525312,-2.939506326328753,-10.715494636270845,-4.801527263068309,-12.653417523478222,-3.581307130174349,-12.704777451057721,-5.731609225216973,-13.217389855707065,-6.024879954421863,-12.559323100154211,-4.989957109474032,-12.226734021487466,-6.972327339509359,-13.664087861026937,-4.504754325076733,-11.628290411325043,-6.698913558917386,-13.386208119549774,-7.135245778955865,-11.344858793990515,-8.016552654743448,-14.167005183444182,-5.773316203670276,-15.07790973294929,-8.406837811522399,-15.866211274539747,-5.804400520558783,-12.71160034291771
586,-3.0336200861355116,-9.416344694820415,-2.6514437490740557,-11.359527722782074,-1.814892654182389,-11.369639602393741,-2.499528201823148,-11.542896320105173,-2.0895664839522805,-10.985899499073053,-3.293268662946502,-13.982868470873605,-4.4348394928255255,-10.981875092133592,-5.758098068547058,-12.940042580475017,-6.899178884058138,-13.830468034535722,-6.554044722970262,-13.304996165563026,-6.913259225863515,-14.338669809833856,-6.313500838304615,-13.308659679825432,-10.399269184685755,-16.86551989967696,-8.10683851237957,-17.66806733402995,-9.308813702961494,-18.318676924785265,-7.012917881955964,-17.83014079977025
587,-7.387895795113293,-11.792309759956254,-7.469533452457605,-12.394565916350224,-4.367549104710359,-11.031940578721784,-7.550584128884078,-12.040026363317292,-7.132923875606288,-13.743338476228617,-6.003506464394642,-14.905211827028094,-8.257691615660196,-12.28866541735435,-7.224967042864626,-14.679734736908376,-9.075151487304074,-14.904016308319799,-7.065025510280062,-13.45113557595571,-8.283599846002044,-13.990369070480277,-4.496311875759299,-12.02029365652274,-10.212869305302121,-14.758339719239878,-7.214542519623004,-10.688390597413406,-8.832206497587581,-16.539785645645242,-6.734579206575281,-12.991073615919769
588,-7.0019212513879,-11.127715098719795,-5.758386402327346,-12.447134929542996,-5.527174046503434,-11.916972374981016,-6.431405543865894,-13.262006828387802,-7.564792624548151,-12.734572653658764,-6.182841485839342,-12.150550783013278,-6.623034762907304,-12.628802493395245,-8.006547175308508,-12.636188484656177,-7.7251056475117945,-12.269547818272814,-4.6389536616898805,-14.254510161222289,-6.533699586373808,-10.950206343221305,-5.5369937771749,-13.279127419110079,-7.211061981588124,-12.433146611251317,-6.277465528135484,-11.526287587954487,-8.19609953754409,-13.626744701420455,-7.270169295874684,-13.682584514838075
589,-7.456124804992482,-12.319469968534605,-8.700735283825724,-13.71343555790501,-5.092848936308089,-14.479011541080267,-4.7414922453714805,-14.525235744636014,-8.5549475968083,-13.991440848228507,-5.731096130249672,-14.298299158124843,-4.5727281490811515,-10.722753812291685,-6.411405516448768,-11.140268940102798,-6.543315974439842,-12.080324768585966,-7.59204379828871,-11.479149802212252,-8.809366122820382,-10.519153497446712,-3.643105114885924,-14.254782594683071,-7.709747693428937,-14.74562348563965,-4.811966389712724,-11.483974554809183,-6.021998978267962,-15.820670499427955,-6.242572977229632,-12.989685915934748
590,-8.111706404949313,-14.49893517811778,-8.22384286771752,-14.808389968740245,-6.477339217336788,-11.265147692334427,-6.616228789597153,-14.611356429982683,-7.1854133590154765,-12.513284705133827,-5.893743432459822,-14.56343507757931,-6.916841769097857,-13.60620755262693,-6.76764533749238,-13.128423235717161,-7.501684658382784,-13.019519987472098,-7.884980080746562,-13.461407018349536,-9.40425872339118,-12.559394829885377,-6.528138341103123,-12.297194460480632,-7.375314374742632,-14.217455041176144,-7.949580390492112,-14.313579076596305,-8.463608058981936,-17.343944416566373,-8.49337138659561,-14.381258368076208
591,-9.035861740326512,-13.59011309883319,-7.660895137358759,-11.262384601734706,-5.199158842697827,-12.761886692095011,-8.463879718596747,-13.79403849897887,-5.304052900408294,-12.908310099206602,-6.84805430975434,-14.874553244869094,-8.432975870574097,-10.949322809301034,-8.087057066399208,-14.44936348903001,-7.229109494832579,-13.74461360704925,-8.220720314296784,-12.001978641130528,-8.523919405346753,-13.619829232496649,-6.977094743514414,-12.249011279192061,-9.013030469305539,-14.057049533517034,-8.928400130251484,-12.896418180491047,-8.36009110415663,-15.372732971811303,-6.776692779217129,-11.278010687020522
592,-9.72137372932752,-16.138979847249626,-8.756287276035591,-15.848743130078415,-8.058279946573796,-13.188557756156074,-8.505679916959009,-13.105546631559136,-6.987816297713656,-14.189227469297991,-7.309284304714439,-12.590427578493399,-6.885691495071732,-12.565950109672228,-8.97673895186735,-14.131891173312123,-9.704421252460442,-15.701735328051766,-8.22523033983056,-14.616681837237566,-9.55889251649663,-16.143832957146074,-7.3656865517949495,-14.682730423299935,-8.16113624334665,-15.38707712664555,-8.82128947705157,-16.438634539982775,-10.473082910520423,-17.044521315109694,-8.222713848934827,-14.490220776291583
593,-7.70848978393155,-15.227753385556483,-9.175128506021164,-15.912412577703716,-7.699478272815411,-14.915368877856451,-8.736093773289038,-14.955018070152232,-4.454992706870308,-12.714090521067495,-8.674964802289704,-16.03412914702766,-4.736843577332552,-12.150109958659211,-7.633059962394167,-14.535560862446168,-6.720406932864051,-15.084722032951062,-6.346215520645028,-14.987620792462614,-5.069175460769864,-13.94427387887869,-4.204227770050867,-12.028648088392861,-2.4738039646106573,-11.729753239219038,-4.720558011998311,-11.335427948661476,-4.045395808271445,-11.14280876743198,-3.287259662701124,-11.493168450184001
594,-3.6839446438689216,-10.936351852616273,-3.3710674221573473,-9.8341126403234,-2.9409361197159027,-9.711645176428826,-2.9340636124350308,-9.97928337572032,-2.678920790143054,-10.21566111009782,-1.7486590669691888,-9.530171657364047,-2.6143202863525654,-9.99941241399545,-2.248248456668462,-10.113918399487067,-2.9033798643298976,-10.170591026948816,-1.2063525642277282,-9.645363000465016,-3.1613710367399883,-11.372613597560562,-2.8093742491013893,-10.577620465409776,-2.7990139839945676,-11.20626060518692,-5.514053243229805,-12.043014294195158,-5.270422916742402,-13.387298409120376,-5.887142981206331,-13.12105276425559
595,-3.2153236193272057,-10.754856254001382,-2.4468901707242736,-8.705331272489715,-2.23235322356454,-9.3850077804672,-2.772786321223999,-9.043659049130767,-2.5434292469487376,-8.614655371861092,-2.205378991268835,-9.868937803102963,-2.256442339966651,-9.225459844449315,-3.246852774207163,-10.332571974071655,-3.471982450902778,-11.080315993153642,-4.254707584781174,-11.15046524751704,-4.9587908595158385,-13.192741710900505,-5.395176466696928,-13.334386614294583,-7.169614499708689,-15.179776071388321,-7.712915968927164,-18.0413558924755,-7.437999886771935,-16.58514696550172,-5.695690493273357,-14.815130132898366
596,-4.57053714884432,-12.688623627914408,-5.889110668759261,-11.059986592759472,-4.287998652461124,-10.155491360026318,-5.8497646959942635,-12.436505462219644,-4.2642455147083975,-11.470435300596023,-4.595528694742868,-11.767232651785292,-6.054031964895024,-11.635561684798981,-5.83011215591479,-13.227828696014894,-6.051131840466395,-12.682813693955243,-5.8817517641527886,-13.232427532501136,-6.261163652583478,-14.247806804574918,-5.323468425207269,-13.577171893722983,-6.710297316163056,-15.336762201070028,-9.813386237052924,-16.293620708205438,-7.055453759406936,-16.054890338402636,-6.029041225446674,-15.38509952910907
597,-7.259643794718526,-15.926313079635403,-5.348042557630181,-13.23361379096233,-5.125365720238322,-13.717771671237756,-4.588940724083455,-11.796912838839493,-5.031479246471421,-13.67171978736362,-4.711629056369607,-11.440028514157811,-5.763196565912794,-11.21310849743682,-7.1585175475493354,-14.202991104215233,-7.530544645677532,-13.868918754312233,-6.84532616270836,-12.496465533041176,-7.113699304909151,-15.31937266686027,-4.422451739737193,-10.965967046562191,-5.2417081388263895,-12.963106876617198,-6.908049622499179,-13.281837557450324,-6.497072034386151,-15.008171441336973,-7.6731352808351785,-13.989071330985695
598,-7.186875231744429,-15.619744329941579,-7.175762217042764,-12.120562174942382,-6.678272722790837,-14.820898763147387,-5.60094559845679,-13.92645014836457,-4.970343807214462,-11.575423317794149,-4.398351765159471,-13.69258086522705,-6.424160715118605,-13.635479437011622,-8.40271222879008,-14.953021307470987,-10.08982007117008,-13.605292543351489,-7.291558788646802,-11.763326799492116,-7.729065745951892,-14.70765832790555,-5.633294060681906,-13.788765022020451,-7.443692194914638,-14.15914712340431,-5.602504392691893,-14.256545099540894,-7.338972901075632,-15.242042468322026,-8.838558242789059,-15.61140415050324
599,-7.271868530434519,-13.542660349540594,-6.056369772973547,-13.221029506401038,-5.9420278533653645,-12.584622181656432,-4.051554386392277,-12.230413607350656,-4.575033436711161,-11.744572011813887,-4.439124060326413,-11.419922680175532,-5.91491916770749,-12.729642618283092,-6.538563365714559,-12.901304564121387,-5.62005262262249,-12.377562459342176,-4.844258224456427,-12.201182166366129,-5.764104575224909,-13.82830644682274,-3.939162598330042,-13.236826950566629,-6.424936334497625,-13.924206530277996,-6.220106006731649,-13.819252059680256,-7.719958287132992,-15.324413913557411,-8.27784090062932,-14.479328657502471
600,-10.374113317465628,-17.005178934557296,-7.545725833836472,-14.674559290266963,-7.972763612512084,-13.607150613580925,-4.948763163247,-14.670778565823785,-5.379332443452275,-13.902697645245052,-6.828688911302541,-15.812051509625022,-7.816453494143884,-14.774740413514243,-10.957660293435447,-16.890355228418493,-9.77758060103163,-14.467146461451959,-7.987102708268958,-13.626726644176117,-10.047680534875667,-13.427323895756336,-7.108782758140377,-14.02332478950295,-9.098801246619386,-15.66264626666648,-9.609771517850875,-15.838117109236707,-8.78149777799736,-14.589613318609373,-10.38305981282361,-17.489825573268252
601,-9.249985556354321,-13.298462580203552,-3.9815358022830094,-11.962218837684908,-6.400968245632848,-12.919076817462416,4.139751815534018,-10.499922767604042,-5.82061808938314,-11.460478947413268,-3.9009241394340393,-12.768250651498835,-4.9866905332232845,-10.74801470760187,-9.104350792093062,-13.473973625940495,-7.719749124141508,-11.468651494675878,-8.016517347823415,-13.712907398813492,-6.7322752156731465,-12.37033759298923,-6.577843190070434,-11.917671124312365,-7.557086792890482,-14.491382059962364,-8.014008598415444,-14.175240808095058,-8.793001442467801,-12.788951502878055,-9.763322393486183,-16.335785111789384
602,-9.2989522692314,-15.88572619300852,-4.0482476527295965,-13.260934221379303,-4.67769920394237,-10.89593315596812,-7.007643340885049,-13.312049572591855,-7.2498986056018015,-13.404839538728906,-4.2870758390172305,-11.044385278739373,-3.684340145425295,-11.822756169531736,-8.37639088001103,-15.124964957091914,-9.407633273363222,-13.432975945844472,-6.772351582347099,-13.062828029889422,-8.126957295181613,-12.413005180740559,-5.350642518263353,-12.22390722131885,-8.959831513360397,-14.546299139457801,-7.528399816823075,-14.29292424405395,-8.127109017985775,-13.902222736033632,-8.114598623179736,-15.315668612765322
603,-6.133310249130649,-13.879807233393677,-3.8460524025745997,-10.835438474098325,-4.270480720590959,-12.953996254519005,3.1182855651237396,-9.718364226918192,-5.3512240571221135,-10.677251767098356,-3.9527274831396224,-12.106028266803769,-4.397160639245039,-9.36391445338208,-6.749380206203489,-12.634901202750719,-5.000804042342533,-11.209684477107933,-6.46809366776842,-12.161082254644766,-4.3186842749666905,-11.019578797872514,-3.8240891797324976,-12.990711212170247,-6.297040097063531,-12.64533134392465,-7.0046400467807075,-12.243888535361053,-7.427811371008424,-13.264367381660145,-7.095316619546655,-13.989133234134442
604,-7.530811177377704,-14.93053285402487,-4.989569626780309,-11.497790069160892,-5.822727839213949,-13.945923354473841,1.696811792323877,-11.60066757412193,-6.17296630377115,-12.705185417975812,-4.503134303959351,-13.119058827307192,-5.015680190206782,-10.295932357065729,-7.102992123187432,-14.002299244132,-6.511731494880292,-12.2811272521784,-7.386774544802941,-12.966731037947348,-6.193185482128874,-12.684807288158439,-4.913892357571362,-12.447862836840116,-7.449371027865137,-14.089032085541715,-8.141527316716001,-13.333259934362756,-7.91841424448236,-13.658430072139566,-7.720770977690759,-13.256685588777854
605,-7.272925395406148,-13.70421527040161,-6.241018042128239,-12.420993019949332,-6.609581060380415,-11.616212357871996,-6.453624752693955,-10.238275635548577,-7.907430290830522,-12.190932253859089,-6.783446359733012,-11.382701111293724,-7.4646168009773515,-12.13071542840002,-7.058756806004056,-14.284677937705757,-7.075980696973648,-12.948857425283272,-7.863534463408854,-11.991146319310088,-8.58127186137907,-14.167346594362138,-5.993484892173501,-11.658483209481128,-7.861640083580491,-13.895248593817836,-9.472267770070324,-13.6089885283425,-8.844827442162423,-14.114465785523947,-9.323663870954608,-14.087118552565077
606,-9.374626770109318,-13.482919663675958,-6.938004615050328,-14.106999722375742,-6.3983593104476775,-13.838944986359223,-6.794673835085744,-13.057488978216096,-6.690255003676464,-12.85072804176676,-8.419297211571172,-13.193934333448336,-8.293034930254604,-14.306791766284398,-9.454701852349864,-13.902549067960114,-9.215469518860463,-13.929722926043553,-8.521280869347864,-14.227189946306599,-9.16491025699066,-15.299240576139976,-8.237542750122422,-14.35141318993097,-11.975346870945536,-17.26045774847634,-12.175156383956939,-17.175839299680618,-10.144627961941124,-17.75197797228018,-10.023502371072674,-17.618068215016795
607,-6.85688603165843,-13.315593025551344,-6.428979538069229,-14.555463679015919,-5.739691547517252,-11.59563012816938,-8.987193804861814,-12.545576776253757,-4.863273218453525,-13.119493220073196,-7.336730046040996,-13.845993407438876,-6.18083439416538,-10.868932714172582,-5.2455447248594576,-14.424382315328073,-7.068631414120789,-14.968658827878238,-7.982720370319999,-13.762171962993229,-8.454318741725784,-11.581268848043338,-7.538767005458956,-14.029789108800195,-10.188243600570999,-14.28406149638908,-10.651549461410365,-14.47137921094412,-8.708145010991833,-16.10534186659931,-9.064132963109483,-15.896583474303615
608,-6.143488472331972,-13.578974350372643,-7.074695273516324,-12.32417623138878,-6.434076806760477,-12.726892008577293,-5.816639337080219,-12.2705075632173,-4.897581563017673,-13.50974379943773,-5.188778460815415,-12.206493917530555,-7.073940649762895,-12.583095595552098,-6.837338234185511,-12.525365696429319,-9.52401623605743,-13.094296158150105,-6.869942275214184,-13.676083289718264,-8.196538288561493,-14.609267588887418,-6.825023964101597,-13.327346229356136,-9.335443210939244,-15.44178342112928,-10.592539835883867,-15.795611342067454,-8.775903835999756,-14.760830609082213,-11.739872790404611,-16.09213740348416
609,-10.751602298379343,-16.59575879809251,-6.5189179044688075,-13.03645010454022,-6.104281244722392,-14.077708527807262,-6.873105481512302,-13.804686477077537,-5.742717134222225,-14.368455792576055,-7.47808685721134,-13.250715316338468,-7.4252037979833645,-13.540137188158495,-8.585454418565892,-15.593242944037044,-9.840376122487724,-13.990497899090048,-7.61631613264428,-12.632438806961762,-11.054237279911296,-15.15038203065065,-7.98060311263506,-10.465874631769749,-10.177313017763312,-15.786001175608517,-9.293553160101911,-15.012865869405655,-10.621171453977059,-16.47600365505219,-10.629129613926406,-16.225487771060315
610,-8.44122867741317,-15.81636805793977,-7.849429083534476,-12.15810649040921,-8.007391776736029,-10.927968295523332,-11.52084838527663,-13.078877887905492,-7.128663903906211,-14.601606713048268,-7.17916849924911,-14.362419010662856,-6.4866129681565,-13.461445302040655,-7.870132740372716,-14.67963470888743,-8.667852287558006,-14.967968936212419,-8.528617325905184,-13.737747082211204,-6.78805647774202,-12.688678670850642,-7.95536163722927,-13.019952221169612,-9.082319824218656,-16.611360074170726,-10.444773715394755,-16.37215913642375,-10.760803826210903,-14.263438367272476,-10.540670244936596,-17.27141993826852
611,-8.02142400599574,-14.481061342927383,-6.428771889013335,-11.718352510451648,-3.1017164300159057,-13.208199909181907,-5.6025067386436795,-11.103508190215175,-3.1402037101882803,-11.667080970422269,-4.736089860851894,-10.404825747137313,-4.837745926143555,-11.016443728464424,-7.8218045406972365,-13.407196708188732,-9.196240061830483,-9.914208492676455,-5.372555017403701,-11.661496714981823,-7.985897860908045,-13.305501133471267,-5.898116736384255,-9.653627292832429,-8.94250172959796,-12.312791006047267,-8.023013135586774,-12.673718493597141,-10.119705997081418,-14.397794455759046,-6.148351447428533,-12.4370183365466
612,-8.78554497958684,-14.310303710099285,-5.820416681672292,-11.17734132496273,-5.203330199481673,-11.093541248709727,-9.252543635727159,-10.647075560759232,-4.779149966415411,-13.516221526679997,-5.440775827014775,-11.757903617246336,-7.638834487687086,-12.504053023144397,-5.400762082583746,-13.856722410884252,-6.735957893581785,-13.677799639583439,-8.538993873495487,-12.812191772788657,-9.26312913838716,-13.232716698107414,-6.876130278624525,-10.47486058634396,-8.625204455184935,-17.155705483326933,-6.86475037407846,-14.896336066015962,-9.566408665752732,-14.933587125827305,-8.30030034461207,-16.515550013056362
613,-8.286514519696016,-14.249820007457101,-6.336913980681408,-11.952658937246923,-5.799927313765317,-11.297719321809085,-5.698152719721391,-11.13319530016972,-5.0471355878295014,-12.223232526942427,-7.328453756602419,-11.650340795977554,-6.938328886340632,-13.937416153028606,-8.92044130957917,-13.017012993666441,-9.28889828091997,-12.819276768818684,-7.902982510366277,-11.784884371244864,-7.797069717795681,-12.648052155573389,-7.577662673044177,-12.0494525149358,-9.969656986990792,-15.633022095149249,-9.12016992605698,-14.264259997499757,-9.952243469908252,-15.088909994279556,-9.9040721102318,-15.613101261976192
614,-7.961826384052254,-15.037254460847393,-6.6432092437526205,-10.968633182064409,-7.51779866708811,-11.390097512263662,-6.467362933073627,-12.226462635567962,-6.501435400859967,-11.3688382030797,-6.19845387099465,-12.866404729282008,-6.720981596701421,-11.043113511238484,-8.740036451092427,-13.664467936643538,-8.492616994147635,-14.197111750897442,-6.807561901290983,-13.300639961388331,-7.7327730931462835,-13.246406976128544,-8.055537254003447,-13.582496166043072,-9.85430494520169,-15.38717676052632,-8.3462210518447,-14.897546105941235,-8.945636699401126,-15.700434517561035,-8.665715743507139,-15.800664271631979
615,-4.285498523327715,-11.537997217602673,-3.837401461136021,-9.872690100729598,-3.7091349344087425,-10.227133781675557,-4.679092567096762,-10.05761195965668,-3.8244984151613295,-10.768266311734575,-3.528066238030763,-8.901822387708807,-2.3759465987143407,-10.78240085739078,-4.181689102399548,-11.754366263704476,-4.232160632099505,-10.611764319012577,-2.8027796160894907,-9.243998587067736,-3.7332501410385355,-12.49245903353517,-4.717926913833269,-10.613046122055113,-4.3011988646636485,-10.379564969211707,-5.214314674391305,-12.199558532315711,-7.1772376052602285,-14.564594069703944,-7.292318768330839,-14.567272067131867
616,-8.257033144272544,-15.253302247303713,-6.670180481420478,-13.193140473364654,-6.212984586434103,-13.604302958178387,-7.255777736248121,-12.414128084714736,-4.977388039507817,-12.773508804017977,-6.454323871282926,-14.13250067324068,-7.7115220670782225,-15.046594723780329,-7.2591246739014625,-14.891743447429901,-7.096471280358677,-15.043699357408988,-6.513553132653097,-14.273287305183347,-7.797807880758166,-14.810758261566779,-5.702547236021825,-13.897403807526509,-6.458934652824481,-15.574710841728507,-7.189343587709275,-14.849210522156218,-6.040406423194201,-13.661019605299472,-6.049068843411391,-14.294336711692994
617,-9.07386195655984,-14.297675081313052,-7.191365924645309,-13.783408005704496,-8.101998458086769,-13.288504354932162,-8.813345881850198,-14.890728158614287,-8.769767387565619,-14.08344930463237,-8.587167987625838,-13.481018511508914,-6.419914069057176,-12.792063756454713,-9.280988078831703,-14.876897025164414,-9.973716142073302,-14.133595578111857,-9.090927744716126,-13.66219660367584,-8.797599698029359,-15.096310028964123,-8.837331962889033,-13.449864099268758,-10.488094347077306,-15.50256054669819,-9.922397103496884,-16.040290271095515,-9.986694095813046,-16.476110102301618,-6.788394071571998,-15.007483724174781
618,-9.556211291975524,-14.19850974842709,-7.9481074570086925,-10.959122355516683,-6.935006971905683,-12.527399407642182,-7.906798276606034,-12.97704169133345,-5.659092283448811,-13.53092833741654,-7.385298615039778,-12.836572682544888,-8.448439901428696,-13.652507454396126,-9.228277085539304,-15.20484705325173,-8.830944756869254,-14.727851422113439,-7.901154210823947,-14.25159999515663,-8.818203123537325,-15.398809326186392,-7.301132406838694,-14.19615745981224,-9.221697799430427,-15.15277569788438,-8.842310855849426,-16.107603734922737,-10.614585158040464,-16.988539007762466,-7.840135425264066,-16.476808567304293
619,-6.1628142778623936,-12.512225783267043,-8.353628440306233,-12.16210433353918,-6.683379950292036,-12.473868249662637,-6.697209563733115,-12.459329650587955,-5.948008431968109,-12.677747363404876,-7.285413828193135,-12.4204893573624,-8.143125392669456,-12.807630683769307,-6.473912552864608,-14.327308671965175,-7.907411866076144,-13.928808781762623,-6.92901256676447,-13.88301239158209,-8.330403210815252,-12.674932051093318,-6.858263518847759,-13.40000088673441,-6.935175490021715,-13.42668416663325,-7.991333223197056,-13.854635639379193,-9.764559285884815,-13.401833093799635,-10.121678898677954,-15.209307513256373
620,-7.726276948861441,-13.508851848940655,-8.964999790940396,-14.025589102109187,-6.75365085061065,-11.724226545134481,-7.180361445657234,-11.84041049534277,-3.8739690426685462,-12.667725510234876,-6.0551952627902,-12.073815456892723,-7.827812057515006,-14.765925908957808,-8.043353194491512,-14.684381003701088,-8.899264654010263,-15.221337197836089,-6.170764744316566,-13.250390133357609,-7.933778581889539,-17.266102055689107,-6.680262561423667,-13.762479933762457,-8.47562733414515,-14.89751600711079,-7.520222736782284,-16.779279780795335,-7.719088061582756,-16.538360536143767,-7.413004012259197,-17.73496950999677
621,-5.344779243711168,-11.439472843678454,-7.441993765345182,-10.138306033630524,-6.849041660409143,-10.428196013687822,-7.284692653433368,-11.961324898647783,-5.9759730935411675,-11.385379235682336,-5.703475689947791,-10.73588004048801,-7.364735632029945,-12.653281953552122,-7.841148617167454,-12.514478567896676,-7.412420184904624,-14.289176020637488,-7.644798955234129,-15.0278350723732,-9.211883161252626,-15.753246006776846,-5.462922311496431,-12.856659188614161,-7.703663568535822,-16.632251250037893,-6.270096354993707,-14.162067587663573,-7.17891715835035,-14.575505411686384,-8.887931245676581,-16.13929498045743
622,-7.306592485581838,-14.564778713701712,-5.468536740929518,-11.765874146862307,-6.755669125007157,-12.527267421110837,-6.571424355615268,-11.775377577265147,-6.964001578026949,-11.686832388543895,-4.8729250679221305,-10.679199754430126,-5.717213338726118,-11.578430743821995,-6.323680859733952,-13.148234938833083,-6.750409013896823,-15.933732196386481,-5.405093646243639,-13.854863255406269,-7.416817629727458,-15.846633184798991,-5.703911124830547,-12.881198124169714,-7.416716292581544,-14.50929733661576,-6.399927203297412,-13.471376390525396,-7.50322601331236,-14.728528552054716,-7.347913424747493,-13.882824632137318
623,-5.7343342719807255,-13.195417708110567,-7.338857727560119,-13.145947366106938,-6.548433734593797,-12.511909779702975,-7.841096677712903,-11.32317536564444,-7.418694414365348,-12.169369518513431,-6.1180766160529645,-13.836644785004303,-5.627895705083848,-13.074615304841332,-5.989916562299269,-12.262175048538142,-10.122605770347338,-13.652982159263248,-7.099132371363588,-14.307447202378473,-8.311563871449296,-14.992872377282536,-7.455710730538167,-13.344115703705054,-9.092206173843888,-14.460184952336368,-7.805780101669388,-14.61679066109009,-8.37568435061922,-15.25808665327277,-10.274247839061207,-16.70727447044321
624,-9.427424618245002,-15.969133328173182,-6.6477026793391865,-13.425774604132002,-5.246715331427344,-11.990827603518966,-6.6482645552041415,-12.932006805535712,-5.605372976500035,-11.99405406852702,-7.160817285227008,-14.19455483932583,-8.273256248234063,-13.863094968850287,-8.388116590676983,-13.713668506884133,-8.830515260312671,-16.020233749750727,-8.91904259138606,-16.5007692860677,-10.283082783033535,-17.36774075202339,-7.297386864175117,-14.946559449844738,-8.148871430745091,-15.84603595567341,-8.739693185712147,-16.413483099378045,-7.46733293880664,-16.193040986161574,-8.000193951762757,-15.695228165235157
625,-3.9216024647161687,-10.341330204606514,-3.806525789994337,-8.93611567969395,-1.2509078123352355,-9.147211986661762,-2.551058906312202,-8.290504992912563,-2.8195024211218005,-7.899699235981404,-1.495949780662455,-7.474668565969812,-1.9728412407522422,-8.457695773357417,-3.8699604185381986,-8.924135846902038,-4.33146419950598,-9.611775836240371,-3.697766825949946,-9.975582519898861,-4.985750881076584,-9.237956434779996,-2.820092985881683,-9.152810933319827,-3.3718019815550226,-11.3059616992937,-5.664629442962676,-9.063870018856111,-4.304745692269417,-10.666008715976105,-3.56148477484476,-11.666224068056085
626,-8.510459004009709,-15.891003932426157,-6.194891038391055,-12.417403951053412,-6.436525581474918,-12.965512227040882,-5.648011164592363,-12.18946559285583,-4.504461829266016,-10.80775603293705,-5.916087000617165,-13.310381031499903,-5.48275927304489,-11.472334959458072,-7.908269092289686,-13.367828922202204,-5.287164066362765,-13.889332560228842,-6.254740293432004,-15.152722400584182,-7.958056335326956,-14.53281283017728,-7.9539703578997925,-14.590571381291785,-6.236424939118576,-13.85967293578119,-7.095237431431708,-15.417315716791284,-6.8392246406643356,-14.990251815986749,-7.485084703402371,-13.315018847395685
627,-10.903259250953186,-16.53162248601456,-8.565387259249878,-15.607638914499306,-8.00336834429827,-14.926913647416647,-9.434259166334613,-14.244428539046401,-6.858167732075979,-13.421508170055333,-7.505652802685124,-13.271400214564583,-6.131003117609252,-14.283052050097051,-9.040699161394588,-15.389980241843924,-8.96960425346815,-14.342772730474287,-8.697778301047707,-14.774308269575291,-9.228799387873496,-15.80323095899608,-7.5993292509953925,-14.522897751375057,-8.212681329594044,-14.751079822883993,-8.335100572690461,-16.770132593159037,-8.997173937960309,-16.324421685332545,-9.827411789646991,-16.0670256352089
628,-11.019765039003484,-16.182865380131894,-6.379414952096956,-13.783484320129007,-7.3139201905449625,-13.425742468955871,-8.468686613303527,-12.269144867541273,-8.516032643044053,-12.48742333101161,-8.20351691922252,-13.306065548613446,-7.08384617580796,-12.980670223826072,-8.495792606581517,-13.580982982743958,-10.041967856181353,-16.32141665210008,-10.195989186127,-15.502053157215435,-10.9354007988655,-17.07458183573181,-9.244457728170005,-14.374119606686138,-9.897628040725088,-16.67650587386053,-9.85766515105406,-14.98569947895975,-5.1310708332881925,-12.30094992850155,-5.931613432552324,-16.14589503310075
629,-10.424795831473563,-16.745695731064878,-7.149353467038887,-13.15650759076785,-7.880666009925347,-14.114424204740871,-5.470733444966909,-12.772386667244525,-4.3728121044815795,-11.343838214857449,-5.546460571209513,-14.912200184861266,-7.053251833035788,-12.7405185850919,-8.323431321952079,-15.958024263035801,-7.899319156411524,-15.198799533071917,-8.526818493373721,-15.925947105523985,-8.645455665195085,-16.94836235798959,-5.9395925897726585,-13.127167733860617,-8.772289542684565,-17.453006004773,-7.935584641056458,-14.794057519330952,-5.7631078442418495,-13.412605871051786,-7.121299291412453,-14.705431048909697
630,-8.962518541344238,-16.03438406363582,-8.051717215906983,-14.697020526431736,-8.016300425884227,-13.915250961352312,-8.612529648707351,-13.585751336068375,-4.6096674810009635,-12.726417075440297,-6.700268837218855,-13.607688149165808,-7.964395466260568,-12.295689325211685,-8.53713682359504,-14.123035406881515,-7.5740234383919525,-13.46052756993219,-8.341933583230816,-14.711890618444645,-9.677723686118235,-15.300107601505704,-6.802093534149235,-13.541918243744922,-10.032420693996988,-16.563405513900587,-9.85462332041209,-16.36481069775741,-9.772641685802,-14.884077120619319,-9.977593030663167,-15.691199108292448
631,-10.527512902905183,-15.801596051972746,-6.744382109196972,-12.940778181388097,-6.471940187750407,-12.642320520308632,-7.855469200012212,-14.037328535939524,-7.423479381050787,-12.546478210061673,-7.274443033743186,-13.884643468085098,-7.526507503312855,-13.695386046479276,-8.289050888142679,-15.66878033439245,-8.079741399619166,-14.612806396718494,-8.54416273113314,-14.514333721430202,-8.174594472559138,-14.605942235199212,-8.000744124430089,-13.097815869085604,-9.201334946067586,-15.441798546160134,-9.092673561064405,-16.0295053459118,-10.046795253054263,-15.651925623221723,-9.315426090942143,-15.417736569396087
632,-8.427820151769419,-14.598446509013655,-5.453447868193974,-11.34596465070028,-7.012814790272377,-13.689696079925701,-7.8886906518927615,-15.671962880015478,-4.550490135666729,-11.970072285683209,-6.481066473004181,-12.284714056242406,-8.57757359900034,-13.823433351283205,-7.905995245392303,-13.908785634185339,-9.068419723837552,-14.799981377070495,-4.216139206675364,-12.621982242502847,-6.521272651753325,-15.978897510779719,-7.541819092553409,-13.915597894468734,-7.598586688483286,-16.617844304799203,-9.331349295590812,-15.039233591200876,-4.334412959212346,-15.845782212262954,-8.521719563315614,-18.249972597988815
633,-8.501155493833311,-16.396489665240615,-10.835145890435822,-15.364171278316745,-7.857797467004514,-14.47655980435931,-7.503746617278166,-14.783117861995855,-4.782946562284416,-13.966977028658365,-8.92432938421326,-15.273318751100165,-9.156402584995321,-15.443862509499287,-9.281820689575436,-16.611406097725325,-8.371440897455066,-15.98213547039653,-9.036753281219067,-16.429212450949944,-8.865922016005314,-15.546985914044157,-8.051984245080389,-15.327030994538083,-10.174160757683534,-18.04655636688967,-8.239255289865106,-15.448445021367473,-9.759559775517825,-16.534563073391592,-9.363546840120751,-15.712705854711242
634,-7.336357311405456,-13.80246232177342,-6.38445343336598,-13.290546928794658,-5.232665225652334,-12.423993478542886,-6.875309276589412,-14.578142535229038,-4.124299402738004,-14.94888566612355,-4.540232790889721,-13.456905880241226,-7.759840466167434,-11.901802305900587,-8.670625291310875,-14.723887528850533,-7.484377893829653,-14.449877104941875,-7.000268485686263,-13.72813507846981,-7.4343180801909705,-16.313839218063954,-6.014395604677196,-11.237962520546823,-8.704204210962112,-15.784259982139748,-8.723051600952271,-14.77225890938773,-7.844233756280302,-16.902098241212645,-7.964563572029931,-14.286020919772614
635,-9.92366916433805,-14.759360617554186,-9.446767961395043,-14.99176651418461,-8.337450776782585,-13.003971593143495,-7.93112868416337,-11.811867474209345,-3.826657407157645,-14.557437389939466,-9.26009017003661,-11.932589288659024,-7.649101938873803,-13.97196498642457,-8.748819876609323,-16.58772158373029,-7.268041700575264,-14.009936717219135,-6.025984626397914,-14.271596055645976,-10.581141102845946,-16.181393779330662,-5.445576092361214,-13.603280497650676,-10.363636238072695,-16.012078647879598,-7.33876180159646,-16.179094280450116,-11.649330331704117,-16.328576050381166,-8.147472283990858,-14.48081929610568
636,-10.959528737856356,-15.536987441539525,-11.42668810494228,-16.107865506638667,-7.915471366408951,-16.23429038588125,-6.640554976502369,-12.029892640542116,-2.5682683823188674,-11.295677413341856,-9.68903943941293,-13.241968754109408,-8.56697557005833,-16.384855911721406,-8.02088444717357,-14.98530290893173,-9.764181368221776,-14.471674771753358,-8.148699208818167,-14.901582880289364,-7.324123885975435,-15.102916842167634,-7.328300386439949,-13.396148241231504,-8.982937328863466,-15.306023172315724,-8.972612432411628,-16.269385424259887,-10.688059423650511,-14.024542588741705,-10.042967258880457,-15.655017352182385
637,-12.276308187210788,-16.37770880818924,-11.869988621130915,-17.941380499240797,-7.629843810131549,-14.72648900454523,-7.205785090502514,-13.702088401707416,-5.217105290877896,-13.05192544429568,-9.529732432153935,-13.507963338306702,-9.310824221974164,-15.504155406421368,-9.007359527042649,-16.486599368213135,-10.643775501011255,-16.00391914229997,-8.534879918013955,-16.178257859516513,-9.342616198355476,-15.56671815655092,-6.964614935421029,-14.684325209669753,-10.54659230739843,-16.466509898674094,-10.526582003855243,-17.818234370830105,-10.060645311798787,-15.704838211408417,-9.108779029068886,-15.844024801984242
638,-10.09627961299783,-13.985056466144165,-8.270408478759897,-13.830011815746762,-7.606563708896246,-12.422598643394103,-8.153898260987377,-13.9565335020241,-8.15320319793587,-13.27141199743459,-8.453023117265277,-11.469617032757656,-6.702868204550984,-14.230024428673962,-10.189531803891601,-16.82688553870857,-10.434040584646649,-16.38832907396585,-7.987730865658396,-16.156364466026083,-11.141357707157201,-17.068167848787574,-7.401485965626463,-15.16584697086497,-9.732670042586491,-15.87799375728002,-10.685714691756914,-17.43313888083461,-8.970089539396891,-16.267890094843565,-11.440784677924984,-16.605321050879816
639,-11.154426744718467,-13.752056374560178,-7.806886188762723,-10.817881443426902,-8.358647036436587,-14.422551100877856,-9.150184653524017,-12.604409906271998,-8.618051064931386,-13.393973779914194,-7.785210645596975,-14.213691605543367,-9.41359612276892,-12.606022383999045,-7.5543659549377935,-14.50631122093329,-8.085773168694622,-14.800590953525797,-8.533666663198222,-13.60567257320424,-10.253126854926613,-14.49240642057206,-6.009486576061411,-10.363028147216342,-8.419717441181522,-15.373888719410825,-9.814001214293647,-15.899603975737406,-8.710217051027442,-13.801245100934496,-10.383665590952212,-14.812888033842613
640,-8.393264295926851,-14.565606535647944,-8.758982509815784,-14.555810856310634,-8.286041611984865,-15.116232659386274,-7.637091519782767,-13.527347757858886,-5.799617645287239,-14.665705258850823,-8.857586262688015,-14.45855111773948,-8.222669350310888,-14.131087884478406,-9.332011845163223,-16.66107443816665,-9.155243010099877,-16.0506140654281,-9.16965030132482,-14.60651110797344,-8.575811924036165,-16.905587702194534,-5.712472779978766,-15.088878858380665,-9.436971484022978,-17.23655115620334,-8.089474447801502,-17.769602016061153,-9.678659020741382,-16.86547636369503,-8.998891136761426,-17.435281731147555
641,-7.989001035831086,-15.419666985450313,-6.223142298023444,-12.375381181455008,-6.573476289115066,-12.827420763443996,-7.670398955936123,-12.058404264145242,-5.7404432990803596,-12.913828462126,-6.349990449395576,-13.832379343254198,-8.879832506221303,-14.222628348716986,-8.735262723104295,-14.87518794845171,-8.944235917398242,-14.805954592185435,-5.932470312248271,-12.482022395515969,-6.965161174577438,-13.103464491154554,-5.293357788400298,-12.052036560549098,-7.498690919906914,-15.2786106532517,-5.497426359693536,-13.085172155668358,-7.8672533199176655,-13.33860116068369,-8.082189386723686,-13.715855087299644
642,-9.081351249424097,-15.519510695546812,-8.155118531796417,-13.71244184668787,-9.380196672665171,-10.91808212747151,-5.209721094689764,-11.846298149298274,-5.7171203865558855,-11.325011504430304,-8.780885976915043,-12.236123765991012,-6.663543596754539,-12.421197746893862,-5.727887061519011,-10.96322912014003,-9.93391728523788,-12.276695544835096,-7.417151897028692,-10.20070082009197,-7.785271095106516,-13.361554956937397,-5.0263919078015515,-10.799444888688974,-7.607583931399429,-14.165351302166593,-10.159577538084672,-11.656382950712047,-8.253944874376858,-15.25292269339742,-8.650850387014007,-16.977524144435748
643,-9.622556306954396,-16.50767954712524,-7.431949489129427,-13.087935155322135,-5.713538545198485,-12.501275918818394,-9.20265129840531,-13.421417354405067,-5.850232633324081,-14.14901785456963,-7.5742598094848965,-14.52560938167335,-8.90113507692622,-14.493700472855055,-8.60101521119673,-15.114902069436342,-7.760273350174238,-15.07714039882278,-0.2852532612586444,-13.233143977998896,-6.175770430584092,-13.259654933773344,-5.83617390304093,-13.416657484451768,-8.018946288357354,-14.897762470290349,-6.514455484319273,-13.501601521575008,-9.934616201888973,-14.096496135889065,-7.409148499116332,-14.206785857446553
644,-5.628414783075947,-15.369219998649122,-5.032715442652843,-12.367565042089463,-6.688667154396332,-12.091382411590335,-7.287750641309473,-13.147286281257447,-3.5964958033830814,-11.980138103589681,-3.8401335683473237,-13.007447193705037,-5.347977384797148,-13.364967072540775,-6.939119279303966,-13.999446839493094,-6.442343857386071,-13.61535929229319,-6.602853444765005,-16.543893537932448,-7.0704844087787055,-15.379784902914517,-7.3032126133703095,-11.889724686528869,-9.027191424514726,-16.190027900607575,-7.94378888744644,-15.687876971642103,-7.6406092393255545,-15.891824178388296,-9.191349989508318,-16.558622555404135
645,-4.591127966243638,-11.101050502178797,-3.549791616020652,-9.186909257717362,-3.5003780408685263,-9.474966047212162,-4.215447769253961,-9.809840080387826,-3.665781294491603,-9.791704409820444,-3.067092370293456,-11.320946221067414,-3.537330613759064,-10.306575386280052,-4.9021438968498705,-11.14892441048233,-3.9908701754076037,-12.131387807865233,-3.994570029419677,-11.176588499034485,-5.381343851193136,-11.759261416991311,-4.270129263265946,-12.508326548979188,-5.16018906165859,-12.895174056229026,-7.926362248704346,-13.50195004724296,-7.742974181373809,-15.270587312492944,-8.728318683791368,-15.118842076748184
646,-7.917654106667712,-13.675253822030548,-9.2416765714841,-14.118236179794268,-6.130320606814727,-12.718997304650806,-7.2183729365063085,-12.429677242130557,-5.146835548676398,-13.517797779207513,-6.6162162265828695,-13.883941573380053,-5.7994689857520685,-13.777715000913215,-7.864989966529516,-13.997671863547081,-7.765076272892971,-16.61942232660198,-8.100378059080956,-13.450054669364617,-6.704955771489196,-12.56240051298217,-6.426278632216189,-11.75180102610592,-9.302900547872273,-16.808009736738452,-8.143752777704021,-15.530965444393935,-8.922929565207532,-15.228009363245771,-8.967179541189878,-15.206106238416965
647,-7.945036997611315,-11.281596399844512,-7.388240697589295,-10.880029871436365,-6.023616238005922,-10.770454688437878,-7.099864751515478,-9.39650227195366,-6.032645601504212,-12.943622452265387,-5.8125734341936965,-11.777041177378054,-6.492040592037787,-13.725319701315419,-8.132902060735091,-14.198796241931511,-9.021792672430479,-15.192428950913534,-9.220460039983706,-14.449984006793082,-7.643856377329092,-11.5392372316457,-4.929999454353053,-12.45747769021169,-8.347678559767193,-14.24953394524801,-8.07506368524756,-14.294399935698113,-8.61525797883337,-14.934024755847584,-8.691650198944199,-14.1091037891489
648,-7.48040904407098,-13.461312183348253,-7.329142088813204,-11.976125738456645,-5.16921650267167,-12.69231046435651,-6.563975954133332,-13.500033617457953,-6.3410685167733485,-11.813333463523307,-7.334691396093314,-12.360618089322326,-6.189058024556005,-11.196162951914427,-8.095448540643183,-14.330765250861376,-6.164759228466652,-14.41139784387472,-6.149099959167863,-12.610529742814068,-7.549693743857531,-13.28571524736299,-6.489843822198483,-11.934109212683047,-9.580468340463428,-13.048396285276558,-6.872624137423595,-12.813149744564981,-7.0299117123534725,-13.389709859537724,-7.921695155115009,-12.52588091383294
649,-6.93796673525136,-12.152114222325723,-6.4503470176902304,-9.762139895815857,-6.142363308922634,-12.036136054757087,-7.931507783987202,-11.493281487196583,-8.560498629755276,-12.346982207307848,-7.019318167691395,-11.459781060654437,-7.707756485287575,-13.343847255023817,-9.030052769510904,-14.92538275184522,-8.058845613444888,-14.164255725100375,-7.233106453591461,-13.712101770656561,-8.147374324345217,-12.82701588181671,-6.645620873666785,-13.341784812836819,-8.391095537886114,-13.707880561269945,-8.60334423868573,-15.907875035774799,-7.758570146341724,-14.763420876024227,-8.631146483177824,-15.209521261871206
650,-10.175865322335532,-15.965320434343813,-6.980449548400682,-13.889236503307709,-8.29922594836111,-14.596946963231618,-8.74196034004342,-14.957609858889816,-6.230183616469929,-14.592368903279919,-9.148518420598128,-14.176942812729443,-9.152096518291874,-14.361263623826106,-8.166618153274177,-13.872623178677319,-9.200357551842371,-15.59509027899906,-9.996236589254679,-14.557495726624552,-7.76435472513373,-17.894388922013828,-7.313352834127921,-15.151954391312604,-11.498934056178713,-15.826698207659383,-10.475992132238538,-13.728350368982623,-10.762228393211405,-16.075162896066825,-9.084377722100733,-16.42944219631553
651,-6.231026870364456,-12.255468573625555,-6.531846950463698,-9.957481462493407,-6.37763421791724,-12.370912621553583,-6.876223626523207,-11.327744567981032,-7.870548959147961,-12.524904686614791,-6.140292421602865,-12.38764692296289,-5.34256671462031,-11.975291305953721,-4.98262827433596,-13.645327620682588,-9.345965537653893,-14.346877453293516,-7.0128017856536085,-12.202556967786862,-5.039479140445625,-14.2525774603003,-6.563087428140564,-12.372103997393651,-8.022839718099721,-13.59582726101843,-6.685228793570866,-11.769466820135762,-7.481861771422652,-12.857054441199043,-6.057776212923477,-12.474424442992202
652,-9.693060377334215,-14.115639594761886,-6.998172876511969,-12.902160134120685,-4.218894309118875,-11.537181720346926,-7.2232761078555585,-12.434501399906143,-6.35251953896105,-14.175649767782204,-6.014019978121356,-14.381333738818647,-5.914751074052523,-12.255862763273374,-9.613108245508972,-13.326313777024604,-8.083238037195269,-16.239625276514197,-8.365958460554333,-12.902311302866616,-7.337241852699522,-12.447106926060869,-9.283642968490614,-15.346291797784414,-8.597172457630883,-15.596905037168645,-9.413718334764221,-14.933788856614926,-9.003038361440128,-14.514872189669592,-8.608161978043725,-15.281903148892804
653,-8.773955862441186,-16.620685056776168,-6.259928002480697,-12.322074625477782,-5.290357754818559,-10.698510412571991,-7.833180378844515,-12.98831902839597,-8.024912915674182,-11.914622910561794,-6.845178994886414,-11.891197005262903,-8.056423539051773,-13.491292901835546,-9.385472100416132,-14.510006142043528,-8.361174892389359,-16.486573050499988,-7.877968001260708,-17.58571181645911,-9.563702990413898,-16.300891346567113,-6.951139904693746,-14.071973894134455,-10.431744324099924,-17.674552373417995,-8.789118460324827,-16.318616747581686,-9.960742445596484,-17.72704648934948,-9.19722283995812,-16.92750750351518
654,-8.598455562656975,-15.585112123188193,-7.771638702464495,-15.29286351883728,-4.52142362979939,-12.142977053744898,-6.447526790394575,-12.482073213815237,-7.37657965239602,-12.303282806707923,-6.5211262375543875,-12.579447358231977,-7.8206484035033235,-14.237705752272877,-10.537430966662129,-14.985101579394922,-8.387695153878148,-13.70819491148367,-8.615225656714143,-15.360469172204056,-7.212285528611792,-16.775742443906083,-7.182313958601403,-15.858653113870904,-8.469901661074907,-16.193438139539776,-9.097470260717737,-16.72156969625283,-8.974499716124297,-15.977677879607064,-8.35811379506127,-15.643520406061038
655,-11.008758381856715,-15.921451401231131,-8.715594967237921,-12.68040642747755,-8.431243698450661,-11.982807648358932,-8.850705601734605,-13.265844079866154,-7.7208154371273805,-12.503045942198728,-7.605334043606751,-14.251164274626117,-6.790451127118635,-13.823804582744874,-10.07151413572795,-15.685211638203997,-9.20480428816282,-17.307768649870795,-9.171203257480542,-17.01945655532587,-8.211701611934489,-15.765993214581107,-7.91357037501095,-13.750352359767142,-9.61198371994981,-17.25042430818886,-8.726312538657385,-15.671488474983828,-8.567046574319585,-16.495723990374735,-7.415715915854571,-14.855536326152057
656,-8.049888595741821,-16.072533484638583,-7.494966823029081,-11.937826739848385,-3.281574250358181,-12.843736157510449,-6.776112973530013,-13.24199552930777,-6.011531011606191,-13.01676889474063,-7.380118002620099,-12.291661200266493,-6.814740522528229,-11.13224224049115,-7.423296846016805,-13.61980325817794,-8.061213830330358,-14.881475753411875,-6.142000324456932,-14.678935473326785,-9.230872024406478,-17.802453161411556,-6.564039805255052,-14.238297810630357,-7.032595451732346,-14.104839502948794,-6.110893501503295,-14.420267022643287,-7.097824760337412,-15.697841667944946,-10.100411759941299,-15.550389133583018
657,-9.28619786173957,-15.757406148464518,-4.663064880970934,-14.485845272840196,-4.615242612149938,-13.099933987229633,-6.983016025730587,-14.365936858516937,-5.559711163019162,-12.838704178554412,-4.088979626264358,-15.063330572747644,-7.147131981350482,-13.952031837380428,-6.9193523848468255,-15.169649676434599,-6.042292789366251,-15.43537735275219,-5.251440483809863,-17.27188516935748,-6.547415929412375,-16.51538116074374,-6.313804023945938,-14.315717818422705,-5.971386545425952,-13.379441150562151,-7.0400503642677394,-13.898956290261026,-6.09713146057109,-14.157301911076248,-7.123516441300483,-15.11878172085149
658,-8.795772650562835,-13.185509239938057,-6.3598366080300615,-10.540580401355106,-6.564848763130753,-10.833365297316098,-7.078848808534214,-12.27082886274161,-5.562097553913663,-13.10965090131061,-6.725516427799794,-14.201860398686314,-6.203507903974867,-12.708847415651727,-6.808732038187253,-15.718492550790476,-9.522316574301948,-14.894584463961904,-7.6845529124029035,-13.587763793788813,-7.23716290716374,-15.623671221050659,-6.759872987357482,-12.517144301640846,-7.119941569600242,-13.209399184234801,-7.1697249443146465,-14.432741299971656,-6.059886108026057,-13.317450215563731,-7.585265289923781,-14.03022012639694
659,-11.184289562657296,-15.802855772015207,-6.031586128870129,-12.757225826592082,-6.627391514143897,-12.935417467188914,-6.25946013582978,-14.055419932018168,-6.801441873718099,-13.162447836202118,-6.425348727227006,-12.782220007256093,-6.927936496452583,-13.153302321223459,-7.987259431442869,-13.748713349098093,-7.490490973697539,-14.389758474706946,-7.960989766282336,-14.899706437587891,-9.609826233499541,-15.230618188824248,-7.2918287982951835,-13.485665606860017,-8.934746884301209,-15.135603731802673,-10.330790690599601,-14.236503422744784,-8.888270702237786,-14.958804409052707,-9.714881783061024,-15.109682014212492
660,-10.792618659964422,-17.19985647442172,-8.663318675345486,-13.805443082110958,-6.960689097916748,-11.457947382222757,-7.538984169811464,-12.389306916395773,-8.411240273331263,-13.77321313888019,-9.662826307541524,-12.810387241842117,-7.643205769275618,-12.099174702876194,-9.212164473794545,-14.701250519902773,-10.916497777612541,-17.114734511519877,-8.420573563601224,-16.08912899712104,-6.886335031053727,-15.788374379313856,-5.58197143352726,-13.255111455743444,-9.838056625499018,-16.779495480215793,-9.409102281921243,-15.52789471921029,-9.289849072525572,-18.47325478192638,-7.636011267957984,-16.86565575570459
661,-4.453126639913499,-12.568442575068037,-3.964724288826214,-10.616097735596142,-5.523533762097246,-10.549109163884863,-4.447131905786647,-11.724303902671293,-4.1589466756993785,-10.903049929627285,-5.925394866613905,-10.323921499606236,-5.764035614563654,-11.058025819230428,-3.3239963699566557,-10.555130081441142,-5.539103241009833,-12.916578995974927,-5.485695543895485,-12.271098065350177,-6.159672412178755,-12.805001196786119,-5.136221806104787,-11.027283773600816,-6.626462081449247,-12.855572864538496,-4.955600553547283,-12.028494612846572,-5.012194862826957,-12.233785951970496,-7.090478736990836,-14.245297110888037
662,-2.6717355850088493,-11.619919030283977,-2.983736372615448,-9.293726780280977,-2.997060729566562,-8.896437902207685,-2.9572683847607424,-10.826977976090216,-2.804069292105273,-10.108062669947586,-3.219316373473654,-10.082237443064193,-4.3675986450784015,-10.931925203291058,-4.177389097029215,-11.201758898706935,-4.7918008666677,-12.081255793237908,-3.250225539788403,-10.6464154743756,-4.151292679319851,-11.134566444431224,-2.9089338159541893,-11.253275639914364,-4.360011809104866,-11.532022531354931,-5.994629961424548,-12.308280499907198,-5.436037737006744,-13.213202926647794,-4.664856870553499,-13.002410331079375
663,-5.49809955819161,-12.981467064627164,-5.139411263341126,-11.561908528905525,-4.7416318164238955,-11.793314941093291,-5.112126541907712,-12.044698335229125,-3.0878557887616767,-11.464483113831019,-4.473261411513036,-10.970533271409364,-5.234631383575068,-11.662993772445759,-6.035742487826955,-11.455611786586427,-4.7653112522221175,-14.266009546956184,-6.662064889821363,-12.297012877812543,-6.933437051991056,-12.928126562089497,-4.612665208743937,-11.558561132678943,-5.976892726410132,-10.791050417420598,-6.433104570857835,-14.383679001024817,-7.25322619628355,-15.325024510413037,-7.167883687317528,-14.286683613147066
664,-9.005021742563155,-15.7026212076153,-8.277245344905461,-13.631461998648986,-6.572509979839137,-14.85660266652834,-8.73592508064036,-14.319844408541618,-6.096391930478612,-13.06936044299774,-7.7049154943017655,-15.534561379017244,-7.463592249732761,-14.967820571102488,-7.796719622769973,-14.200463399128456,-6.900236061677541,-14.359163939490692,-4.52828905980734,-12.95887106325859,-4.708155738627216,-11.971828566981129,-4.2235657997745495,-11.393556676744899,-3.945394730542158,-11.665236474627509,-5.0561451027404045,-10.6404751063548,-3.734846110305519,-11.247002121688395,-4.543803018057311,-10.88195494854546
665,-8.576408623908682,-13.1467009728417,-7.622762337993716,-11.182993981060942,-5.840638004887669,-10.368978512600076,-6.87084529454268,-9.787526918104433,-7.110473513644102,-10.984757457310355,-7.209717827650044,-11.542360966448912,-7.023370690471699,-11.311692522319177,-5.716265190992872,-10.33433279440207,-5.154700105861868,-11.570122210964367,-3.4317564960675155,-10.393946594628682,-2.9745034517094355,-10.942289381134152,-2.7046863271109483,-8.798221847068978,-4.23712007029891,-10.905585412138034,-3.827293200984761,-8.599151534454311,-2.7102290507496147,-9.786240707975589,-3.2096219218945867,-9.013572905165812
666,-2.8289732211384706,-9.511354984474377,-2.884879357967305,-8.194188275078547,-2.4803281646603477,-9.458141697450666,-2.511903508094213,-9.025832926324792,-3.761083477798997,-10.079588948201453,-3.634412454362109,-9.933812697659107,-3.656594968719868,-10.379855013893675,-5.1283483115140545,-11.408068113861331,-4.451408231844904,-11.651543857921542,-5.280815260046109,-12.235826121252792,-8.210033283100028,-15.57745636477803,-8.00198379349882,-14.814098526422352,-10.402695178304338,-17.93039713105483,-10.015854096300396,-17.739378654604714,-8.340557980810253,-17.368788323654694,-7.225294949925994,-15.211973608378385
667,-7.747014991845039,-14.421573735931757,-6.337272612059959,-13.241235440653302,-7.300255942192666,-13.694770636079063,-7.821946933276789,-13.074353903697896,-5.548525897121213,-11.199096335066987,-5.984686549864081,-12.483685505857816,-6.104019707222203,-13.046943604857667,-5.48232493037054,-11.707056035873007,-5.257340119302461,-11.969956148563254,-4.897454492609365,-11.57803895456425,-8.12688643599014,-12.303888723552383,-7.6036107001121875,-11.463473872798817,-6.423766534740199,-12.671457780925902,-6.913355543077813,-11.946524406082267,-5.821270499880832,-12.452740176392114,-6.03796729614761,-15.590940389046505
668,-6.7225837144227105,-14.100263862293188,-9.259869677480626,-11.709278304999483,-7.353154370381977,-14.06970174081152,-6.540355242359761,-10.184231406368529,-5.81897509964902,-11.636443431587416,-6.814860889634417,-12.828999745276732,-6.938340689852928,-11.756837856949705,-7.227390647204738,-12.160778243938491,-7.826728717860744,-12.92499831661141,-5.262201580767465,-15.035024886471515,-6.573702654017754,-11.52493837219029,-7.862471709776491,-11.365300857555884,-6.093813533560831,-12.874526731738253,-6.06145174064295,-10.165652298799904,-7.615920343904662,-13.099518167228368,-6.742739262574741,-13.50536303986802
669,-10.006584408281592,-18.183604342448195,-10.032992149887352,-15.86226477541917,-9.557866932546869,-15.321673891823362,-9.448681955316015,-14.363152632223954,-7.894522285953429,-14.331007823159023,-8.598092459233804,-17.147885479433697,-8.6803202982388,-15.634699692396705,-9.098012831458034,-18.068530524527773,-8.194047398294494,-15.212103153099337,-6.962994473801124,-14.749885404381187,-9.306282922867325,-17.691465054273326,-8.749970485945884,-16.53163142885325,-6.99695869850184,-16.088680146745244,-8.78560750491243,-14.743821140963702,-6.647924527205779,-15.308498844626019,-7.805005718062148,-14.155291396541179
670,-7.344508977798377,-14.643390175349458,-9.063483123296995,-12.522583591333621,-7.355929427100301,-13.243178850552727,-8.268968892784134,-13.688215433901343,-6.511368952317433,-12.699851964914291,-6.102878435431699,-14.180454897774862,-6.8740071421260796,-13.434749203004287,-8.466288272714294,-14.67245542038335,-7.545406732402215,-17.079465061201986,-6.561606603690681,-13.943224703688042,-9.178058688356431,-14.862728516626806,-10.030235009649381,-13.962922506059993,-10.900468511259227,-14.886128802047548,-8.11005377923469,-15.15012675493583,-9.135725777237154,-14.271662389573025,-7.890136759452643,-13.866604400691461
671,-9.67881247435324,-15.31006753423715,-8.652217228480184,-11.954299424666857,-7.551445805442026,-13.680140580980675,-7.52313846966532,-13.313681154617187,-7.068724138388491,-12.630648210074035,-4.715077041572251,-12.578523303357581,-5.220275857605953,-12.977633365798733,-8.900069611353343,-15.471479294483679,-8.683744647885062,-15.965538922128616,-8.053416270324682,-14.470696672163685,-10.051587424212194,-14.49273710582316,-5.491298085920081,-14.195474286034282,-9.878880192749774,-14.641617425705144,-7.937310084465361,-15.64761863838304,-9.802454056999405,-14.164734079090913,-7.463657273724722,-13.587690981477476
672,-11.139547046103964,-16.316636530903274,-9.817373548011076,-12.533916684344746,-6.090243633517339,-12.654636492765201,-6.766093708219413,-15.696428928185977,-7.547902349551267,-13.518309164539984,-6.111309065471692,-16.21601720220093,-10.05072697435371,-15.915549174025356,-9.850971723551657,-16.941001236885743,-10.617537304146172,-15.492436516292683,-8.852460370965558,-16.460647674344493,-6.295656167313146,-15.753312832310586,-8.274309865754265,-13.463925381351636,-8.738734879017422,-12.919989954079043,-10.277038745787483,-15.119810939261995,-7.375822295401991,-12.26957642942718,-7.650609738838399,-12.478710840543112
673,-6.726571905509713,-12.933951666950868,-7.553437601601763,-13.105484257775501,-6.067312149014494,-12.708637690770113,-7.950086371661723,-12.427699981609761,-6.986982100014466,-12.997569652420376,-7.610318965717747,-11.408260500056656,-7.899991265215095,-13.27214453586161,-7.930429811169511,-15.784617302256729,-7.851246328821505,-12.72228980369713,-6.9795328342612075,-12.886260176661876,-7.321563842294644,-14.082824961501888,-6.662453243782933,-14.159149885909253,-6.595684030399561,-13.994941686695682,-6.176170303500354,-14.910935525041221,-8.496183197099736,-13.28891512131232,-7.948129924578168,-14.38495594275709
674,-9.017318800744214,-15.28170854964512,-9.471951916767141,-14.89863895387445,-7.793913910135694,-14.04511480104558,-10.481467648616219,-15.945250561069395,-6.209453079389276,-14.336217476001305,-8.57049455311565,-13.764540441587975,-7.453238801093477,-13.15093109884148,-9.1747730551058,-14.400805452385297,-9.872173444205462,-15.505501946570895,-7.975921801767757,-13.190632778851919,-8.32906537261606,-15.64006053770144,-7.720875133879893,-16.043021052797364,-7.065434281006534,-14.750719474292865,-8.27536328425688,-15.663425973974157,-9.399060264917214,-15.173562772115945,-6.805370545963296,-13.198968067800617
675,-9.10218372533739,-15.023878991126258,-10.78253790205611,-15.692311370120258,-11.315297600903456,-14.897333267450268,-9.511055034896787,-14.944346136853088,-8.837475360388362,-13.756485974119672,-7.88087245045933,-14.876760595379794,-9.37144981516064,-13.706530536343182,-10.77997175755071,-16.76895076028384,-10.899933463108223,-18.091236418248318,-9.752236640564355,-15.35702448780182,-9.334448827955953,-16.79167104516575,-6.544900440233229,-14.443759299883386,-10.461821682317918,-15.050243732465036,-7.606708170383071,-15.985806507664265,-9.616535845864881,-15.065361945962096,-5.708900308497898,-12.958000824161779
676,-11.885800911586426,-15.133135193183831,-9.799575086054315,-14.095569684182506,-10.376257986561747,-14.726671118653591,-9.306087657423998,-14.883179358410208,-7.812698653736509,-14.881589794865471,-6.6292382811399575,-14.25502953212015,-9.416244643640098,-13.010244501956446,-9.28158809148506,-16.264554959278296,-9.562258147197529,-15.037546378035142,-11.520799109879654,-15.483132843717044,-9.470801681821918,-14.370356565744478,-6.2277928250003605,-12.921753023505522,-8.48397112589488,-14.758267181346481,-6.5155671891640825,-14.240612492699146,-9.595632926152543,-15.31279415340552,-9.122162623278754,-14.724869189182217
677,-10.523736077409666,-17.355279790200008,-7.193366668406092,-13.950768980920776,-8.486673887841068,-13.28892610640848,-7.620930293094782,-15.49644948445649,-7.820549066302775,-17.176177922599916,-7.157993963282012,-13.234695088533169,-10.592129785421683,-15.103532139459094,-8.398423747672098,-17.131818238538497,-9.142528254814948,-14.828364327433327,-9.025320237796882,-14.286904471670193,-8.09793749312346,-14.116455592159562,-6.181657259518315,-13.78507606068587,-11.356842631355368,-15.491348740706625,-8.549786498301273,-15.307193591538494,-9.967472590248484,-16.561118015734838,-12.058549785602981,-15.28345011166172
678,-9.316676107151325,-16.880349151227726,-8.62340547645889,-14.751823904672104,-8.613908490268553,-14.112989784304549,-8.468370309345708,-15.030392516607014,-7.487276575978536,-16.170192559315105,-6.778555572551258,-11.480759823347892,-8.067246783353074,-11.200442799238013,-8.82556659331536,-14.962990101111819,-9.589284252098896,-16.45721146429218,-8.21524988758899,-15.163468340968473,-8.754173531423755,-15.997705926876268,-7.445591273041643,-12.993237460673214,-8.263737737686267,-15.93015602819211,-9.223802395033866,-15.777091520264289,-6.502740523154417,-15.67961355479105,-6.307684835225313,-14.485063061899972
679,-10.721532020737655,-14.796293295611406,-8.597899441406597,-10.625887318102853,-6.980431160654598,-12.815988265781764,-8.974864868329917,-13.126847192378952,-8.126577648646578,-14.7655711957539,-5.812880332086751,-11.416139161435193,-7.849883963891902,-13.003215889583966,-6.724920064008307,-15.593516821263243,-6.995520665600604,-11.558479356885034,-8.823991751546712,-12.438478682282648,-8.805464146402441,-14.313334054153666,-7.546728137761446,-10.437035707639533,-8.44940192116405,-14.435722385018856,-6.468064739784534,-15.38993276469595,-8.749267064599223,-15.6822325587936,-9.489019702747287,-16.167714588505916
680,-10.004149415365122,-14.825883469221608,-8.320652038833625,-15.444551776580035,-7.530409475606492,-13.406567485786278,-8.168557364385192,-15.418447987057391,-3.8609929414008204,-12.789036518514559,-6.7823800546628465,-12.660274183342208,-6.2080599745607845,-13.624933121101122,-6.4470796654676565,-13.445283722841738,-8.06269759877586,-15.24765222287379,-9.523575058854972,-13.688586466533096,-9.068134339543697,-15.532852403203902,-7.30296001535605,-12.868231559129637,-9.166606843878482,-14.576803527939205,-8.355764733858253,-13.35537277205874,-8.977280518401562,-16.101063560749843,-9.720101360335686,-14.909717810390132
681,-8.389166502442528,-17.404831400916986,-6.66162474953919,-13.92018587579801,-6.774176547236203,-13.567797813126077,-7.168151921402287,-13.61452294238235,-5.645704559409561,-14.86787812885954,-4.97229581635055,-13.56327386410526,-7.365761458442281,-11.22316609913921,-7.078633185612185,-12.993805338652017,-4.83955222551189,-13.150909677326506,-7.099059623899753,-13.47289546538039,-6.273310833795741,-13.391806297570648,-5.257344555517691,-11.420308067088303,-7.184268454377127,-12.446496770983355,-6.375040797005824,-13.664506085759454,-7.6919915055035295,-13.559845542606507,-8.549813403614023,-15.271343055078663
682,-9.093410448656963,-15.180086159404183,-6.696536081742007,-13.215253923225262,-10.030488893302538,-13.167046878924872,-6.944421364252278,-16.752774312414665,-6.994076619885657,-13.056909934761084,-7.545043556758745,-12.862960586355559,-5.998069087285529,-10.942153691318307,-6.599760625159503,-11.765355519403256,-6.7057653902900825,-12.837582715681261,-6.101874383146074,-13.616684649594637,-5.75527422308048,-11.86009381198214,-6.332884119749821,-12.304527421291567,-8.621167946348505,-14.68280133448506,-8.101538490732306,-13.971358479913158,-8.059951703118234,-15.619259818309688,-8.97534511965996,-15.318123209712816
683,-9.36292731653886,-17.175448137146432,-9.361703559025937,-14.37399640320297,-8.15417274622868,-13.263242407059524,-8.754999339835901,-14.049106060076571,-9.784965269986605,-13.70716209273775,-8.25124822585337,-14.57349749438655,-7.418173605628061,-14.252243494789973,-7.619701288326816,-15.032931501603144,-10.572083136950972,-15.79570479739893,-9.101806873355775,-16.078293523423312,-8.4875974936702,-14.193635942345388,-7.8545154263341,-13.801449571146534,-10.264891137912272,-15.801529697306673,-8.972058905748039,-14.517840883723368,-9.428070230157505,-16.389439901879726,-8.471096965087002,-14.34698507810656
684,-9.965336286564794,-15.584763166195101,-8.647117166221,-13.302539386385439,-5.290295264889878,-13.081521999492677,-9.395767984588515,-13.697737851763181,-8.671008678064199,-12.58009369069962,-6.863059043165257,-12.743662597656831,-8.618233467504574,-15.623014546046841,-9.362931883025231,-16.611101509776717,-10.3257281979972,-16.161141372544087,-7.567240081364805,-15.113019857778978,-6.512417467271946,-15.28189727615196,-6.596542779394184,-13.789759958523259,-7.560571177638806,-14.153705220297246,-9.882676014076337,-16.035911726314495,-9.498875975447815,-14.619495855924837,-8.237398533213277,-14.54670366571873
685,-8.197511695570752,-14.586772130389843,-7.967394533177917,-12.348066219409093,-6.36916875870205,-12.57428155626892,-8.468237066582438,-14.318929715530533,-6.741728139260676,-12.266199456212064,-7.009525171399425,-13.241885622114538,-7.1847043454258905,-14.318885046721153,-7.499404706325155,-15.4994095304232,-8.478542073840083,-15.58882792927055,-6.46109751774269,-13.699458421541898,-6.53084554398076,-14.300275050282087,-5.892845523614048,-13.48674343359381,-9.531194699984738,-15.34658491355736,-8.132478417568485,-14.618440385814937,-8.933873913092327,-15.68465617432372,-7.781299169625369,-13.041681129520523
686,-9.066115244196368,-14.973158294328739,-6.20276712896222,-11.767423005046187,-6.2774203658305625,-11.362324205054957,-9.860323730878179,-13.18727032058899,-7.169890237925091,-13.014651893384636,-7.2017782967122965,-13.384452608677295,-7.582217657496278,-13.37549806719441,-10.57386882513014,-15.548169353233515,-7.486690842279204,-15.23724993200778,-6.945339208398494,-14.148925620651166,-9.047335389823068,-15.042836032898778,-6.553602942968598,-12.98744842539179,-7.358926340014498,-12.601410598738996,-8.05376912344846,-14.699930769044924,-7.072240975164671,-12.576309094242383,-6.1588565598195535,-13.523050277888691
687,-10.778174372382214,-15.165515581110743,-6.4531623812099586,-11.980750692963486,-7.186937987680702,-12.31997880890563,-9.554316451666923,-13.530035721666414,-7.689463620810722,-12.68032793292699,-5.005170031629569,-15.239654070320361,-8.091490046104886,-15.689156893384038,-9.490385489618854,-17.86770415656678,-8.739021323488561,-16.37332000134172,-6.671361878994952,-15.410412952380383,-9.093408918305352,-17.099689392361416,-4.813752937093897,-14.757080877228963,-7.570282247520246,-15.424480499717,-4.434227076786138,-14.203549136576237,-7.944840039609754,-15.648116339778106,-8.179486785284913,-14.647441185335428
688,-11.44708655728052,-19.312712568677654,-8.307463522366731,-16.872845336174606,-8.7274762168633,-15.354517735351592,-10.001491527225914,-14.877880635886598,-8.066369332069598,-13.221827017891625,-7.61658438855961,-16.911057345595705,-5.769916013419476,-14.349224411959455,-10.188930751938743,-18.048573320931492,-10.222417644580196,-17.22622214596583,-7.88028424330554,-14.787337575871573,-6.992541852451451,-16.63588186687037,-7.312674384448833,-13.79923955316253,-6.716957889813134,-15.908859558838467,-6.54230217812351,-14.089005869843355,-5.45041483097278,-14.018170366710855,-4.600363744093883,-12.225242084752972
689,-10.438508668769265,-15.494257156401803,-7.14955213430936,-13.888677094994703,-7.4809792061963805,-12.70935324831434,-7.831019822610916,-15.208722585335723,-7.092904515022629,-14.180560014194,-6.392712139554975,-14.186437219767496,-6.544606878384736,-13.23566036745747,-9.061656656312602,-15.708088189320083,-9.086386463794991,-14.027644807410686,-7.1462185118643635,-14.225734492731753,-6.23199370616876,-15.022806311899586,-4.683497719883178,-12.703228581320174,-5.890947789526485,-14.281698475309916,-6.39479654279675,-12.562271110825371,-6.675409633093282,-14.09375005231049,-6.373722365237966,-13.058334534465502
690,-10.231306722747732,-17.824589974796904,-9.02937138505301,-14.297424586527299,-8.114877130128656,-14.087917302088258,-8.449517586042447,-13.50380040908158,-8.085391312222228,-14.050332807391438,-7.375012798841438,-15.64376932206375,-8.206806685281048,-16.70904396897794,-8.624766370567597,-16.7841081284274,-10.315887070439949,-17.682491820973098,-7.461478734598971,-15.326778344559598,-7.859504199045774,-14.58511904660062,-5.710050558498612,-12.177254908988537,-6.384556602916617,-14.613439136111134,-5.05483517133991,-13.734834710249675,-6.208946526028628,-12.88473514465868,-5.0530421018684795,-12.773906649568836
691,-10.253645682180109,-19.085674069535415,-10.013155069915602,-16.723222857697444,-8.272782782592667,-15.116436552120598,-8.363538819944292,-13.172614655338446,-5.426352443254249,-14.249691594467782,-9.999916304436313,-18.59164249571339,-10.552929810608811,-18.155749088625992,-10.614558549546569,-18.44360720957106,-10.747472644073861,-18.70535406235865,-8.72580156145101,-17.48786955348081,-9.280672189875057,-15.917076136717679,-7.6943611116806405,-16.446570234603435,-9.458951021666799,-17.102852172753835,-8.952281634569427,-17.726123422865697,-7.947789579836516,-17.247367012699822,-8.345231631672918,-15.74176619661922
692,-8.951168655781302,-16.49317828339653,-8.741168243563003,-13.36546365707326,-8.053713796561023,-12.813551024226573,-6.881317516012405,-15.330700890588616,-7.44042778149166,-14.495924181649443,-8.06852749267086,-16.58703706428,-8.506047086401006,-16.44295237356306,-10.668610671817662,-15.980149293899725,-9.327185339820183,-16.313876155260548,-7.791059669999875,-14.494598286287651,-7.751210326369175,-15.273501796068702,-7.0579388225072215,-14.591310981239074,-10.847995646354319,-16.634227288324247,-11.084234460922433,-15.236268442183103,-8.190199524759455,-15.708805567287172,-8.013033720950366,-15.611568959543717
693,-10.215990492757832,-16.413679130679814,-8.717909764442403,-13.916652243592306,-7.987890844833273,-13.56917407173949,-8.192247127426791,-14.338212879197078,-10.10840390289667,-12.568302884105268,-7.71240200710611,-14.468223213573237,-8.800421114187468,-15.673429086795945,-9.315321926500959,-16.057004735642572,-8.759386444623775,-14.8863648917469,-8.612855087480881,-16.4296996669921,-11.420860940136894,-15.939649881424259,-8.207503793866653,-15.59695462854478,-9.46133814887095,-15.989418654620467,-7.521591609875564,-14.515709843027238,-9.496389454725662,-15.906196791219198,-9.28469813065031,-14.793634919380494
694,-2.5352209961785164,-10.328566859645171,-2.4638380709227734,-9.778999289920584,-2.1015707203771177,-8.89495065446056,-2.8335290919312435,-10.019389948059992,-2.28019938428645,-10.24536991018374,-2.8185086596535545,-10.239537980941595,-3.890096821683471,-10.17531504872923,-3.067964376040981,-10.970682433305116,-3.8221452921658554,-10.687818555976703,-3.101497210965865,-10.589018275220102,-4.2606892383292125,-12.101633423548169,-4.4153479401177895,-11.296491860106485,-4.80885421671548,-12.954671008741617,-8.888909973485404,-15.043642087176046,-9.154789254926737,-17.378958566862153,-10.149150089662795,-17.798004628383445
695,-9.54822555630689,-14.011057281922607,-7.359026359591717,-14.344686479228981,-7.401930443220693,-13.137966661671545,-6.66745103374104,-14.689784541125452,-7.518987500596042,-13.668595347503556,-6.561408352329487,-14.388080599554812,-7.170493794388181,-11.519496742720097,-7.055085808666588,-13.066741500052498,-6.900695232989208,-15.752489369146721,-6.244959768220686,-13.149723520504716,-6.942095699386023,-13.86964139082368,-5.914319913690646,-13.188743071268874,-6.657323058308208,-13.149099741125154,-7.366462843912089,-13.083132627612212,-7.951566358586173,-12.186937952182802,-6.561860557736409,-12.279514781423034
696,-8.837569540790737,-13.692624848716019,-7.617317936303029,-13.076898698077855,-7.8647380593202865,-12.637076182157339,-8.760106921145725,-12.527845466627827,-7.073553496484076,-14.183436710125639,-6.3067647735982835,-13.97175659560025,-6.506977166414373,-12.581014219542965,-6.184602386958369,-14.134243278854594,-7.2360482096934025,-13.940427668244066,-5.320962813797912,-12.442734500954026,-6.618611908486698,-13.783280732925366,-7.719571140794475,-12.275023461864764,-6.992844675269861,-13.162293209736955,-7.838894221252691,-12.369113522292315,-6.462745075710882,-11.563198302560252,-7.717292671561325,-13.206391999221005
697,-7.919437874987607,-15.498339920620952,-5.593101341099414,-11.664014612189122,-6.261663152183576,-12.39113441464557,-7.778477656852697,-11.487632802224129,-6.173525876340538,-12.728346774264281,-5.9577913875739,-10.191388279013612,-7.347723669426278,-12.534135649012171,-8.102681855186235,-13.182597760045038,-7.8500470516475005,-13.144638590767642,-4.496196706175705,-14.526439818202636,-7.268980453413,-13.88407036105788,-7.65162152612521,-11.604321760361863,-7.714223909029086,-13.562925400166767,-8.40618525125288,-14.784030198769475,-6.1759768692031844,-13.377889216275594,-8.983045508060805,-14.944190185834255
698,-8.233090974228164,-13.59477560541347,-8.058316622492363,-13.754672141385957,-7.6779500807039085,-13.975269821430324,-8.099015397300768,-11.969378801780001,-7.362787743217265,-13.423555917572187,-7.231631422460428,-15.426865409904579,-8.39192788014366,-12.487788000747223,-9.7363737157657,-14.63729342814487,-9.220521475205802,-15.767863437962673,-7.909008208013454,-14.922554189353935,-8.293748595907742,-15.624490965504592,-7.645576503517221,-15.35806812891651,-8.05190730503531,-14.156714097168681,-8.838935737568633,-14.491733130027466,-9.008556164937344,-15.035821631226538,-9.067779340617205,-13.914066310890234
699,-9.394377876216847,-16.831656844288602,-9.420752036206428,-14.795989652305678,-8.467929491359222,-13.863591029213953,-8.071443848291805,-13.32834329832659,-7.4848416722795985,-14.45398222528852,-7.214362270926836,-14.724113434860818,-8.749533181233943,-14.855965749662445,-7.145800932499361,-16.076301980554046,-8.291493370331507,-16.20292472070421,-9.599076348750744,-16.53710758948,-7.321111074446281,-14.175977156193172,-5.128561833459453,-13.201966402328775,-5.855822481783973,-13.25926035233081,-7.155080121370149,-14.699120271539162,-9.229025304357442,-15.781265323878728,-8.820854981005594,-16.887668040065055
700,-9.33853430037373,-18.85212317307205,-8.271401023116981,-14.118592746384742,-8.03590002465375,-13.97081637908676,-8.594980508258528,-14.53577174335785,-7.310421771011516,-11.886518856894659,-7.391040937658349,-14.870777214139165,-8.511797255448945,-14.817434922594234,-8.446314602033416,-13.462957406825824,-10.588033583977506,-14.214785052865121,-8.756897937348429,-15.777652728332159,-8.289081280020833,-13.82559066313748,-5.298489788376292,-14.346549687151862,-6.379798239210425,-14.703617889112625,-6.666552788812673,-13.981007681618305,-8.348949988156779,-13.695249425412172,-9.815031962634045,-13.97487009420643
701,-8.125230955785687,-17.819900452300477,-7.317727326973795,-13.924190026651754,-6.513591050595292,-14.065209964531324,-8.173477696715345,-12.407420389644502,-6.711880380730211,-11.899557926826658,-5.543395234240726,-13.018462794169201,-6.466161661450698,-12.549364129541523,-6.036578038981842,-12.756602329007485,-8.367846260487372,-15.150970375921169,-7.980698733181949,-12.632699279336077,-7.958445820888612,-12.479848657519332,-4.547371927272198,-12.45425876886399,-6.241572398028205,-11.592620726729814,-8.906646189472633,-12.287412366757737,-8.980519120428237,-12.865584175549854,-10.030851638171086,-13.076154483649553
702,-10.723061806878185,-16.906751624175907,-7.823220445731359,-13.748019012398023,-5.39158503562326,-11.819510194862357,-8.00792982083581,-14.292165021793924,-6.5354478444534845,-12.866788815948398,-5.527998540716908,-13.624553716785746,-7.269522013695356,-13.240047150847033,-8.243206134375832,-15.025123837311982,-9.364450476291164,-14.710717109162673,-8.172403488040015,-13.725436516876803,-7.473881251179129,-13.323158095084919,-7.173608723229128,-12.60854597900845,-6.730986254226618,-13.623826485642425,-6.893346516434287,-13.816055414027373,-7.228788568636296,-13.263826823985346,-7.5279294668614805,-13.008535028171632
703,-9.606364578137379,-14.930494757158533,-6.838166681421204,-14.788566467837258,-5.990792428897869,-13.647189038248488,-7.761983433575513,-14.231322096644652,-4.960481544255765,-12.667558180163383,-5.953508882205748,-15.24526228947944,-7.05125593778813,-13.941998222129,-8.938862754958341,-13.826247459676171,-8.181618709070182,-15.813425788110491,-7.685221071876986,-14.662085971066483,-8.390328258209173,-13.681442993120251,-6.487334043343922,-11.54926817849062,-6.339614632309807,-12.748655967046163,-6.636920551616582,-13.435920177822343,-9.078229354247346,-13.833320622760539,-6.042139416536853,-14.18736885434596
704,-9.24603260944994,-16.345711333480235,-8.010619326354012,-15.036320390457984,-7.882076504169262,-14.14442994861227,-8.70484596065417,-14.595522041536878,-5.4432591097103735,-13.02528806419488,-6.8387159830488455,-14.108333907647562,-8.027335537481182,-15.187546149638214,-8.847117361596188,-15.595500318103914,-8.675452662834479,-14.798292356831853,-6.830635971524835,-15.061957894711316,-7.7407436107982255,-15.442520722099097,-6.435197540503563,-12.966722451807902,-8.212985423755708,-15.003489926980375,-7.633345278720002,-14.262720372998581,-8.321194630522022,-15.396724762758394,-7.724252960540858,-15.761464592240495
705,-5.878787293206198,-11.871290507466266,-4.9550930422130355,-10.366821234522465,-5.638158913100276,-11.371621417584683,-6.094749884184036,-11.005785585869026,-3.241496098071384,-10.184283740229226,-4.397897990856015,-10.984630860965874,-4.4626074960295,-12.441066629456275,-5.919443046704989,-12.369331019801159,-6.1315695011336055,-12.207753591876982,-5.431497693021989,-12.130560659789374,-6.164706026601784,-12.903906354535275,-6.927425800702975,-10.961165123180201,-5.125853807726478,-12.573182715609901,-6.834756439996971,-15.118611225859011,-8.830619215202288,-14.46458788732343,-9.746827472473102,-14.952575989323677
706,-6.442899586607089,-14.266525217456005,-3.97346913560888,-12.288344891809874,-4.731093517668645,-12.676217494681076,-5.458674562002922,-13.74860968401613,-5.4245397283806485,-12.681160544662538,-4.769991178643677,-12.663687859349231,-6.174582501565307,-12.347742415093897,-8.81055396933332,-14.762577428840011,-6.587148890022866,-13.138977665250716,-6.116719490722922,-14.274790006439659,-8.544409174463908,-15.10109561579178,-5.310845188133126,-11.646140124824491,-6.543606214439027,-15.552169951508272,-10.752984012936848,-15.683617220331614,-9.779589396915979,-15.642549060819507,-9.347133631558263,-17.051618914160244
707,-10.915437794740585,-18.541518394954977,-10.477840023223807,-17.267267696735445,-8.143143326260391,-15.385458758457002,-8.253001227104372,-14.277187678547703,-6.4902760518959255,-13.150361382896904,-7.161811334454598,-14.410801360355372,-8.194928069238207,-14.640944944624133,-10.767988594396146,-16.105300709834655,-8.623021730383556,-15.08726766266957,-8.963286281108733,-12.802462796269394,-10.007288124539468,-14.141380845938162,-7.118801280530443,-13.23893654594404,-8.913799522671882,-14.354855906583994,-8.992780820653369,-14.380095383268966,-9.585136598139407,-15.838307723386738,-9.457253676380098,-15.450876764532984
708,-8.622544161459784,-16.01702848177266,-6.562855225683987,-14.508841527514875,-7.90417654912055,-15.895754930053272,-10.584637362829596,-16.273255386729147,-5.363320449214337,-14.222945628623167,-9.321749048510373,-16.644449122941964,-9.310808202817306,-16.07187781738388,-9.59697833242403,-17.389090527347076,-8.999857912967302,-16.445714198955564,-7.6472528610291866,-15.266107220701901,-6.993842620228924,-15.805908434177931,-5.686936938845913,-13.46595640268788,-5.096413294056607,-13.756862640266746,-5.512044190406581,-13.145872368557201,-5.3628561322866215,-13.161718070544513,-3.2180667813729587,-12.664144377426434
709,-10.721868907491103,-16.02373875716278,-7.895802002061977,-12.516521994563812,-7.52866689144112,-13.214901489983104,-8.511884514935465,-13.38323991245263,-5.06707110032255,-13.157075819028845,-8.599403612819001,-16.34327747867687,-10.395049430537442,-16.555254574229576,-9.256569949784124,-16.777383870681934,-9.617420653369186,-18.332194239099454,-9.190375265554465,-17.147220226732568,-10.221885851634354,-17.180788483171206,-6.4920277887995095,-13.491201182889856,-8.576037413903217,-13.782545055531422,-6.951903699694403,-12.834177273748818,-7.268022153203021,-14.201635315413819,-5.691571962729243,-13.741471298083665
710,-2.744927959081533,-12.736706458829241,-1.522738719822998,-9.14552737005481,-3.4497944572792365,-10.269107795614705,-2.41273603257328,-10.991609949640235,-2.767438235525979,-10.982530530941004,-4.347260816632944,-11.261975628480766,-3.4116643400056756,-10.243946282741836,-5.815840939947719,-12.700916489923774,-6.244873117671372,-13.89539037924203,-9.135400451404061,-15.74325637194808,-9.452305509768324,-17.36052994301594,-7.613883312867734,-14.487791943000056,-5.4594015687406685,-15.897118102005548,-10.040301746666106,-16.507223055678857,-9.997222010591724,-16.078465189055468,-7.755400777988552,-16.078972626281384
711,-8.068337001691873,-12.695449987852179,-6.284742862690958,-10.814214740885454,-6.779792078487859,-12.668335743175401,-9.473121994556777,-13.40661484144372,-4.0120813893417635,-11.378511750102373,-7.534735798208947,-10.81684022901953,-6.682789128577964,-13.345047074311777,-7.7297190587284685,-13.95748511431095,-7.527497486745101,-13.117410830039283,-6.717815206447016,-12.745633691018789,-8.448621857401333,-12.39656548234703,-4.980460140978245,-11.231440743310042,-5.821160660325981,-11.329155209934845,-5.573383227085814,-11.36095436019266,-6.24652165057444,-12.032206327603248,-5.764794935914384,-12.475255478921724
712,-10.196772245350251,-20.22301813357833,-6.521980053651757,-17.207172671680727,-5.907532635181959,-15.548147985922473,-9.48517510937931,-18.08678067352946,-5.229985235731027,-14.791116164307066,-8.873714958884314,-15.065146196352142,-5.2345439788695245,-12.31039864534072,-9.268890768078386,-15.399823162001937,-7.65391966997729,-16.024695906832925,-8.957647846023445,-15.893702210353132,-9.384776608986435,-16.41079548066591,-4.915826338836379,-13.770469370249895,-6.293625420415857,-15.748423258847147,-5.154934950092521,-12.667980970691616,-5.87192083046244,-13.44453770087279,-4.168091475629822,-11.980163672038264
713,-9.76975615516915,-15.642167196428964,-5.8484165802587595,-12.992401899537684,-5.468647183208195,-12.414434282923757,-7.220740902543144,-15.022419167046412,-4.575540828322419,-15.097849326838535,-8.168009720042317,-11.514665554043649,-5.016788622889672,-12.008210107245558,-8.560448937803116,-13.07428288033498,-5.155293846373274,-13.860783415964663,-8.728179843452457,-12.425492264544623,-8.353952391165144,-13.60430496421059,-5.488216982063601,-10.183583432676329,-5.573863200557022,-16.724657892350805,-8.06301837336649,-15.548640971527586,-7.729178616879022,-15.627448367007704,-7.306955876714195,-13.612629964309367
714,-9.139505486159749,-16.923601663401257,-7.049749826270264,-14.004426111516992,-7.651508719590967,-12.340734547184972,-8.404698114025646,-14.015220064244842,-6.757258288157518,-15.99187637109344,-8.229551096419517,-13.280136715639696,-8.48178573361994,-12.353063224852999,-8.511514378224796,-14.919893488887555,-5.777130804764161,-13.273748175884489,-7.487381866106456,-12.602275984390198,-8.296257143423002,-13.47446256722991,-8.640102818142303,-11.524483403535813,-6.9180585566223085,-12.076264918046213,-7.885827537927527,-15.155536261042673,-7.999784095881557,-14.543707746772938,-6.481332833351229,-12.424074575929271
715,-9.103352950752694,-13.47774012395459,-7.239207080126626,-12.512428364853596,-8.229668518476995,-11.588483826174016,-6.099979909461525,-10.944848637804627,-4.959850728755945,-14.143541950331036,-7.931052883372517,-12.001246726582766,-6.496218038376983,-11.048959012578534,-7.168611678777944,-13.341790438705907,-8.439317396459284,-13.156614496587327,-7.217912906452966,-12.389619133280656,-6.481378059888331,-12.645962734530478,-6.761153310942092,-10.884360259269958,-8.60730282037993,-12.713320941796706,-6.230447833696294,-13.453154503922462,-7.733624596409823,-14.589723413051486,-6.213644248043693,-12.589887132725515
716,-9.95737767841833,-14.545928581849699,-7.091395762765474,-12.459642372135038,-8.138621984133579,-13.532995195510683,-7.5738047673292055,-13.275899919239212,-6.827334205600904,-14.429468925388441,-6.985245667022006,-12.347550859691339,-6.920175312171182,-13.21954651713517,-9.089854324348934,-14.089979306736826,-6.815896298260624,-12.452560156441674,-8.346937663696876,-15.035874592681163,-6.597721094182339,-15.117644796619441,-9.492838556627648,-12.592072866037839,-8.846124624129438,-15.01992741172579,-8.870954843732253,-12.29494047253054,-9.595480563895745,-13.998475802577875,-5.809625804664725,-13.521511392620626
717,-8.939083758834967,-15.354042938890526,-8.32181463036591,-15.813922485693341,-7.36355867207264,-15.248630556706855,-9.324170780853446,-15.602978994197066,-5.187536896994614,-13.89294044147048,-8.887618899415335,-14.026626933517347,-7.534493526514481,-13.524035181520135,-7.826542458884019,-15.343239874562624,-7.896587971782511,-16.945914083699982,-7.058769628760527,-13.870053954883641,-6.678786976834818,-14.5003721855391,-4.790496266765746,-12.651332857694193,-5.416689832386716,-13.768017343797641,-4.808485151725643,-12.61272939340917,-4.793941857211254,-12.180421608595429,-4.4667562777618155,-12.051312804745336
718,-9.153650181397456,-15.027026146598201,-7.564844103401135,-12.199449683102692,-7.545031156547523,-12.560511256561217,-7.080616790769614,-13.18401652717506,-5.628618802640435,-12.572359132257647,-7.861357369229401,-12.358113828549165,-7.8955012853142525,-11.261128412278012,-8.18140837098423,-12.464626038511792,-6.833989114574411,-12.663445484506502,-8.72852989149306,-13.236097897288131,-7.55449774805092,-13.096439881826969,-6.722771197146234,-12.23983236434303,-9.304317280675711,-13.529414181058657,-7.21599116744175,-12.782152255108697,-7.945401552690364,-14.531788419837268,-7.811121193580267,-14.67107023563175
719,-0.8929833299497086,-10.061545223486842,-1.8904953591364988,-8.844739246610139,-1.9580285455883861,-9.294333306668124,-3.111825362260098,-10.08062759670149,-1.5099337583382064,-9.430613197337289,-4.289790641520073,-10.507886760521906,-3.8372876823104667,-11.879854548785463,-5.099368411433746,-12.526625230668841,-5.673269501618111,-13.958643825126867,-8.172447700032725,-16.124347009525756,-8.84360719746888,-17.7412241432217,-5.87406242445166,-12.778337815739263,-9.506816837398237,-18.593645838852296,-7.757964054752312,-17.338756965887633,-4.878103966180173,-14.476205468753509,-4.653731909108151,-13.357362663810799
720,-2.0413057596130493,-10.903269511425009,-2.7165010339320212,-9.14919423922171,-3.109681673922007,-10.537766183190376,-3.2008138136355946,-9.583268526994544,-2.195960244689935,-10.10926015553656,-2.782791139494692,-10.429809424595462,-4.593294436464641,-11.523565493921692,-4.893572354390629,-11.883323468923649,-6.052744253912391,-11.411008029233166,-6.288940432045484,-13.74000051805983,-8.97711160281223,-17.877284703137242,-5.747330116503151,-13.763371207092352,-9.446449853796214,-18.745762405499242,-8.159465344274366,-19.749810179244633,-5.194711275470892,-17.428973591082546,-6.474005397202053,-13.27882572580019
721,-2.2006771979574924,-10.486002226786265,-2.920088662381197,-8.718412707790637,-2.335589617191806,-10.44628609009763,-2.6733233010011928,-9.362499616502939,-2.127880232887018,-10.336886098836235,-3.8137799581184133,-10.609439160165426,-4.805387415079297,-11.781925509093865,-5.214880664872358,-12.562696517600928,-6.270252411051233,-12.615625143292988,-7.182712756487745,-14.865424752537788,-9.404939337781329,-19.02966466681653,-5.606164763779521,-14.112924889867138,-9.854575475987712,-19.33489058338903,-6.700916748572848,-19.90293843957055,-4.949337239578241,-16.950386626311165,-5.512173478636251,-13.215157490580971
722,-2.090480417257143,-9.386776988394402,-2.761935555666308,-8.494217651088233,-2.2387955321931132,-9.668109315133279,-2.8799058546095804,-9.311165072940499,-2.4819971849378857,-9.998851961222362,-2.4443959207501798,-9.217002341544925,-3.327790601389612,-9.389685485139381,-3.5821057821376963,-10.768122922093884,-4.773655047446518,-10.552791855510947,-4.984921303886351,-12.698312913711359,-8.47249616756554,-16.912518926892286,-5.167519125544084,-14.287519448638948,-8.496851521312486,-17.605679099601378,-8.654969326112035,-18.76284773692681,-6.275007191286556,-17.53042923357415,-6.0219417827442605,-13.701934996828966
723,-1.8955099169565839,-9.772372778634267,-2.262104939477971,-9.322700380530183,-3.0602765215271677,-8.795708017135421,-2.5054505313156072,-10.393328367393428,-2.261435319432887,-9.99869192394732,-3.3830350048952225,-10.462083916092402,-3.4147395834369694,-10.572989301399234,-3.958089467502812,-11.619439128951123,-7.180396880483678,-13.952560237205683,-5.748750763899645,-14.412261337491476,-9.080006806348933,-17.57122199693982,-6.169663772764484,-13.80919342729046,-8.000561571011385,-17.277906148233143,-7.223918101903653,-18.69380217563165,-5.67366309012905,-16.90481765074156,-5.20363564445976,-13.649854567985837
724,-2.0200221942548806,-9.898172586071304,-2.4121381451950645,-9.698743784922982,-3.0235841981979386,-9.504472407781709,-3.101887183911751,-10.338449237955256,-3.321234033168308,-10.98869351241416,-4.2205942604465,-13.003240710400183,-4.718334060166919,-12.693736609154268,-7.9313051601038085,-16.101062870611834,-8.520541006802551,-17.29520974895343,-8.06045309685263,-15.765596399797367,-10.825904542937261,-16.635760129901897,-6.633844238270397,-14.485995392146409,-8.579580569543156,-18.66670019086165,-8.755471283819327,-17.791101875528707,-5.6261732478642,-16.1292499867841,-4.374410268967944,-12.858022903858792
725,-9.24253496290502,-16.646829433229527,-7.935888801653837,-14.285333330588905,-8.32454116390162,-15.02297491057938,-10.268081264852917,-15.91899246579719,-5.9464660999622225,-13.38075586560064,-9.219615778642618,-15.284134904674303,-8.718319326073134,-15.21777862500571,-6.539822924479171,-14.637489769301805,-9.658387436320337,-16.26333152218802,-6.839749623426183,-14.125169082067533,-6.016844206721751,-13.847016649520938,-3.8252844432464683,-11.423123854027793,-3.312562565104254,-12.090288691813333,-3.569644674293661,-12.252957734035341,-2.97467190934789,-10.65660228490184,-3.04528570701666,-11.425864888676355
726,-6.6565103745517105,-14.168430791068518,-6.300495009529491,-12.162327407931826,-6.030742625036566,-13.905530303827383,-8.370756730458774,-12.630155083547201,-4.995058787625398,-14.683030662184642,-6.5060379651588995,-11.426118907659541,-7.713718044219343,-13.510861611098306,-7.975103627253493,-14.299131190387834,-9.657910358549493,-15.608469938097976,-8.743357825809124,-14.799715016851067,-7.489789960106737,-13.958697277224108,-6.1870161702247595,-12.369953381167313,-8.310070713646809,-13.832870274026474,-6.904864162453946,-14.877713934167382,-6.728662255396875,-13.189550610706306,-6.730846119000589,-13.16554013454774
727,-9.095806259631502,-18.1938134543895,-8.464292871893473,-17.827108801357372,-8.917966677493947,-17.655059204877166,-11.79639473756209,-19.31080430197077,-5.111831207419025,-14.202297240072305,-8.39779284434631,-18.06838007240438,-8.310037079553739,-15.65891190103117,-7.382627482420759,-15.188402072671739,-6.063588867603494,-13.232244071475028,-4.105345140285443,-11.291435985029661,-3.7813511505230557,-10.92477014781193,-2.6462747728850506,-10.12884229274479,-2.1394795937730695,-10.386506681384446,-2.248460078384485,-10.455852964638186,-2.5995244754858526,-10.853321641755043,-1.5504323414707137,-8.834895491423174
728,-11.889722794102875,-18.627840921010137,-9.606318398963548,-16.704333172532188,-8.954297469126708,-17.222737164230484,-7.9676259951112725,-13.925876886511759,-4.759610096452549,-13.873287160632097,-7.95090508369774,-16.34550908152288,-8.966663949825094,-13.809040722434043,-8.937706644039844,-15.025105848446014,-10.89432738594491,-18.821917043831025,-9.009782765260429,-14.144911057562632,-9.96789458921577,-17.248841339523437,-6.124149236579703,-13.85503248073636,-10.512295935018587,-17.055904777138817,-10.066778211163177,-17.764584960211884,-7.379503481966849,-14.83986745779106,-6.688050609564832,-12.5102588639983
729,-5.0338981460388545,-11.588587957875724,-4.973916788500187,-11.490998118514986,-4.109961551890792,-11.415583223231693,-5.1500140137377715,-11.500568172574768,-4.292946919281137,-11.132587214584555,-4.759316580291006,-12.140100301946086,-6.637626339868197,-13.456033583664324,-7.445959791767269,-14.46598295895516,-8.733396318788083,-16.346267849906997,-6.899940565914138,-14.168252684865582,-7.998638187019328,-16.19038510525957,-5.275829107316179,-13.39494007340251,-8.381882459206354,-16.347087182627725,-9.084038872899598,-14.823599784865273,-7.715901239953986,-14.01521362766264,-5.495643130354706,-13.086428924503883
730,-3.032920922757043,-9.362884247029932,-3.1210431202959614,-9.997409112920664,-2.375045856777829,-9.9279795190087,-3.4935645273071936,-10.544925040643946,-3.4068495557742007,-10.053788269423906,-3.5054215305334684,-10.001102500043944,-4.91413048510082,-11.791542744311547,-6.690099028988657,-13.653781630655937,-7.74963273494071,-15.577761686231245,-8.521924504485835,-16.318211562061038,-9.493916375144984,-16.77543302748619,-6.050309079280611,-14.147679485378358,-10.558415953720262,-17.895927506655973,-10.518042844330843,-16.65713629161103,-8.280729499811109,-15.427295797263831,-7.263738300152083,-12.959902648424166
731,-8.165110499258667,-15.01187010360799,-6.953868301084029,-12.637800003452123,-6.5511399936371015,-11.415449636099787,-6.5707497907062615,-13.100977493421572,-6.274091477969903,-11.929576151580637,-7.065462472492467,-11.809688219861956,-6.421209353668653,-10.491714585389033,-8.644704257095594,-13.370685661472638,-6.730827831412159,-14.176577924530644,-6.345207468480149,-12.7426386339166,-8.131619488478796,-13.909096086887256,-6.817427910311001,-12.500309447380447,-8.336725762440784,-14.751957892536538,-9.524217086514824,-13.597636984757568,-7.73113157823423,-13.413882940547916,-9.705856313142812,-14.525003657846332
732,-5.96209216815391,-13.785331876120143,-5.830264318547483,-12.348296333647383,-3.464115844752605,-12.529512364960356,-4.131658116982301,-12.816793017002732,-3.010590903420951,-12.844021740258377,-4.164057132742567,-12.917111398135328,-5.076182490474512,-9.983812172213968,-3.738794754186663,-13.604581232329192,-4.028741914739585,-12.61381063736534,-5.118544808391933,-13.235738546029825,-4.718612122064272,-13.103471242581232,-4.061488370154685,-12.077834147407792,-4.899728306302725,-14.054486222504854,-5.139424200146373,-13.048211821234199,-4.502724463940945,-13.373959752822632,-6.959510354977713,-13.5785980186218
733,-2.119059428405051,-9.579283891747028,-1.5453333013999644,-8.679450358767468,-2.106926606332447,-9.414228402744289,-2.850593185998051,-9.69842190624907,-3.327134841015601,-10.187257735709432,-3.3574624625605316,-10.995547168824,-4.3158904187614,-11.40016910274831,-5.3960159161805485,-13.233364936676868,-7.340716880727185,-13.945560570018422,-7.809516294282432,-15.573075299807241,-9.099630205601962,-16.557073722894362,-5.783889737722823,-13.512334907829587,-9.2713955981369,-16.796263057916256,-10.134089485165712,-16.80341630229139,-9.233967646480085,-16.086695897232246,-7.778804206745612,-14.26622384672479
734,-8.420084337148214,-17.40015233216106,-8.173704658696566,-12.650378087962668,-7.506352899565611,-12.668411510359983,-7.69347535139321,-14.892122988509177,-5.310521543101735,-13.26556841779325,-9.21985995258585,-13.454666133981931,-8.885273463104683,-14.172578823735318,-10.936963969111755,-16.69065626367257,-12.52342722471315,-19.311321637315757,-9.155954484679526,-17.820581157465863,-11.234882198188556,-15.720183321772286,-6.613428265160279,-14.170711423466491,-9.199143889347033,-16.495043032667247,-11.883484100901132,-16.849921533113054,-8.100962697352674,-15.789876464629875,-10.066638627690743,-15.977109203633969
735,-9.673084660670948,-14.875155885826475,-7.5765765994814895,-13.384226359626455,-7.607271926133588,-11.73737361160828,-6.623335902539753,-14.450766029453403,-6.275422487811914,-15.25334183277935,-8.413101905559333,-16.25536135625119,-9.020851806628391,-15.733023971245046,-11.014668278365612,-17.788911120964904,-11.846790867412977,-17.37900323981602,-7.207395708697218,-16.31646384637532,-10.362259523336174,-17.846812751904253,-6.617741183825448,-15.662623687949836,-8.856647739840685,-16.01308382822346,-7.302408550136413,-14.161672780260485,-8.456900181731541,-15.009648324227081,-8.731352317838292,-14.363308666913856
736,-7.4648733596981645,-15.017371671299038,-8.060139679262148,-13.302695850899973,-6.331752427024505,-12.379981241481566,-8.369421506473213,-13.901583698060714,-5.731041078237608,-13.160583070006389,-8.244468255541564,-13.6588842480905,-4.798881567086834,-12.260459329532276,-8.712076987677213,-14.179690037109943,-9.88785823944536,-16.929858105591705,-8.022926625419197,-15.895291740830118,-7.331082751838084,-15.740629595698774,-7.235716045404557,-12.462072897720473,-6.745147934974941,-17.915164040027317,-9.866967779113011,-17.273311657879955,-9.954486981990906,-14.217461484030895,-8.036812691967727,-15.655939849506717
737,-7.226748565943591,-13.80287613886254,-7.559869684521985,-12.557166559613504,-7.558572597480371,-12.834352606651514,-6.8897663264710935,-12.863695667971145,-6.598450435552495,-14.621637706936358,-8.197780303618563,-14.687146704167347,-5.274487037910721,-13.4869116655297,-8.026696680338796,-15.685570766168404,-5.574798330561352,-15.218067382830487,-8.914321353957694,-14.623450700322461,-8.117781749116972,-15.161156115272796,-7.618741471303667,-11.500524220172384,-8.47557299143573,-15.597803279671016,-9.210028536225082,-14.009925082005354,-8.458199146239123,-15.90221005828797,-7.38340782173461,-13.277789099755829
738,-9.095391494101042,-15.27242714465091,-8.660993018860228,-11.93809075734065,-7.505442786707146,-14.099195445774335,-7.474275266647876,-13.194138637438153,-9.148819340015761,-13.966895882304954,-7.211045335427598,-14.597040912333593,-6.914020624062368,-14.52542471751961,-8.006620795583432,-14.373585622899745,-8.997001923674777,-14.141302275123426,-6.572324528708034,-12.61015995947433,-8.999636396793294,-13.325197363783163,-6.772079902776406,-12.916486571342285,-7.665854208392348,-13.556269694131004,-8.943247419548005,-12.786451361074203,-8.670991871658423,-14.520831514110421,-8.548054988821868,-14.570760291723126
739,-10.284224091476705,-17.96284497715944,-9.373675493034689,-16.457724430238187,-9.082180879449915,-14.977275744924796,-8.468318008574311,-13.587962176282888,-6.769592226340482,-13.974678474103953,-7.945697200902567,-15.678349013625814,-7.904774613855102,-15.94025364319852,-8.388600087973394,-17.1477429675711,-9.438189856205929,-15.89081230971499,-8.066357435529529,-15.316032520397389,-7.49987303438476,-16.06357141085794,-5.594626527219773,-12.990089077929605,-6.7515721711255665,-15.271149663529645,-5.553874199563516,-12.97065262535753,-5.8256706790908295,-12.608026460733107,-5.418417403699745,-12.99815063196673
740,-7.515913080545902,-15.091167287707226,-7.464994730876537,-14.159644659104222,-6.542687720318105,-14.566701298452614,-5.390591748045578,-12.679766930071771,-5.924405858083718,-13.893437767072257,-5.385935637145856,-14.136222425196204,-7.58311141900656,-12.745086386624296,-7.019984979992493,-12.845028655735096,-7.679977747728777,-12.548508241467452,-7.4995225589565315,-11.809912129955599,-6.744115639705206,-13.61519707442433,-6.013403740572977,-12.377137873409259,-7.25580999955967,-13.1801404430015,-8.34220809887411,-12.004179962660263,-7.6730955627722,-12.723598541099893,-7.082366794606417,-14.320248365843442
741,-8.241996903989286,-15.2642601766258,-7.597861708122274,-12.899180896337537,-5.792684958215101,-11.429601342737158,-8.327042225321492,-12.488469315201392,-5.952200899888797,-11.189188335716171,-6.440259510763491,-14.333244332890434,-8.000095351076702,-11.971313146905798,-8.97031354036937,-13.344856283395929,-8.146699001899425,-13.663870589694758,-7.375600256853168,-12.433080377919715,-7.990246784141352,-12.529529161282687,-6.646952671485761,-12.409037371893305,-8.838538993001368,-14.15035497154517,-8.709430381071073,-14.48685483375887,-9.835540363442725,-14.495166488657274,-10.045309946059774,-16.97208091543959
742,-10.270166043845109,-17.084395995644478,-8.675593463025962,-15.409782538651303,-8.301728243245572,-14.712584427913061,-8.062823112597554,-14.850206390277641,-5.397461817032804,-12.97291417497328,-6.266556727989441,-14.093620745011883,-8.375273208329748,-13.775189102705482,-8.481975394584552,-17.38980194252319,-9.90673493026773,-16.097806612236628,-7.64884946336688,-14.753764795846664,-7.669875431367384,-13.979383237897608,-5.638260141167899,-11.148219655788976,-6.818633679778272,-13.835540212992289,-5.241417450816648,-13.424622827879354,-6.091309545994338,-12.656512790773176,-5.147214785159061,-13.81194135676324
743,-7.706876614136845,-14.520638907402653,-7.421780692400112,-13.02950946749235,-6.80255832045312,-9.89644440938907,-7.147520940628793,-10.73904973715562,-6.614735744271791,-10.981298359991623,-6.613300340481202,-13.391651098522923,-8.40062559867351,-12.65045258837022,-8.232744498953776,-14.332043199481754,-9.846790489889006,-16.079739857476888,-8.587345250624308,-17.053428589293254,-7.6557698588110075,-14.125776945682007,-7.6486474201219785,-14.856425671546331,-10.804113857832043,-16.12178221427931,-7.633659330758597,-17.189717684367775,-9.409465715412873,-15.642179808443695,-6.787146054342486,-14.35710578777542
744,-6.127032599257531,-12.479629631894081,-7.857681172476752,-11.997853279404813,-6.382445926792876,-11.441695104992736,-8.107897173585494,-12.641263490579686,-7.5797086266913265,-11.917265080805672,-8.006897310236425,-15.833544675770117,-9.395634193174715,-15.322236499590218,-10.82146835493556,-15.864406390407847,-10.381033283567483,-17.782246082439986,-9.291389823513075,-17.560254975639456,-8.069941501929453,-17.081285338138716,-6.82446675973379,-13.013465773650651,-8.74497146453836,-16.336823542036765,-8.32472663811044,-15.751002712383412,-8.593355574789765,-15.97789082489542,-7.390643561606872,-14.534596206557884
745,-10.201252655862536,-15.492014374664777,-6.800573469340439,-13.448459791573468,-8.310656036813885,-12.587982015002044,-8.517024833257166,-14.048564728586667,-7.036499057659428,-11.916007889042216,-8.612160330252397,-11.806164033710203,-8.467891448150306,-12.253239819299255,-8.15958974902051,-13.98410813115812,-9.48550601888008,-14.659594711064795,-8.361343299371741,-14.253397208129924,-9.443384271148975,-15.388758143170058,-8.401552158368,-13.820235504264804,-10.196239407265477,-17.12589796841385,-9.16356372973257,-15.936165640203557,-11.155683032350696,-17.56182559667884,-8.848960687707567,-16.654315840234506
746,-6.04286959508482,-16.506703363358476,-9.455967078120493,-14.422153019209485,-9.606604031126128,-13.904428988444199,-8.919116759086707,-15.617227881998627,-7.283417886803437,-13.63647030723935,-5.8523024920166735,-15.001317096284605,-7.994638048829161,-14.451730529913124,-8.467555989718162,-15.739859225283393,-10.665440991156103,-16.9326928626324,-9.456376903417562,-17.0658161851441,-7.4479573030649995,-15.484450147223274,-6.150801073154064,-13.449670666779674,-8.747041660819686,-15.381223290891832,-8.727015545297949,-16.31264199881031,-8.712300760237175,-16.25169197022704,-9.994131098798704,-16.622451435770426
747,-7.87164631128173,-16.952567626239517,-4.890848072609037,-11.020982542834094,-6.043114987852749,-12.69978382079026,-8.185278480937622,-13.306869407382116,-5.309359310858975,-13.529951037292783,-7.266665906292888,-13.177976741926475,-9.283672297906309,-13.553873306311623,-8.57092107661603,-14.267221358022745,-9.314697349700806,-14.736452704427784,-7.894643726608098,-17.000416985582124,-8.42155280441589,-15.354930935373927,-7.738840210464984,-12.122260105469156,-9.719973002873704,-17.562829376715527,-9.562952534798594,-17.20574413140531,-10.052410564450696,-16.60948167224204,-8.60319882585213,-15.021625428593271
748,-8.416444098014942,-14.911214212412103,-6.849956577060548,-11.791840316748976,-6.3659374003329,-12.57960369851515,-7.085972854534935,-13.334462463097172,-5.794586393092798,-13.481009172612362,-8.108450985738662,-12.93236077113181,-5.21401125674188,-13.702847631261683,-7.660929778644341,-14.280873508977074,-6.300329126021018,-13.572370716853877,-7.2945437741106876,-13.396739631723866,-6.8662618659348675,-13.483420157012826,-7.197639219753958,-11.831744069949021,-6.449169557420933,-12.759397158946655,-6.992523722402716,-12.22983301979122,-7.172622874962746,-12.809080118845866,-8.294655771586253,-14.766883765470723
749,-9.300542982081533,-12.751549577390149,-7.569479793871638,-12.411898798214336,-7.0453972264225975,-14.383863291470147,-8.956539735212697,-11.743327798045405,-6.294597083462403,-13.058142628861356,-7.016216844920288,-12.039882977015377,-6.43965232315558,-12.143308631961741,-10.373317902354575,-17.077419314130985,-8.861587112758126,-15.134649786165253,-8.047037880937495,-15.573563197929747,-8.923005869589943,-15.708902878604201,-7.571438450605983,-14.337617020053816,-9.568861776505225,-13.836684171387958,-10.031321687569381,-14.825809869944443,-10.850768074729892,-16.271784660607846,-10.214931948064747,-15.281472079950422
750,-7.8302900512332965,-13.846522401331782,-6.298999357750661,-11.790582131790526,-6.815871027428964,-12.420290276597656,-7.233500646152157,-12.465143857109409,-5.385023707016577,-12.495505668082615,-6.502690969631884,-13.625406797067534,-5.555299070891931,-11.346387486113038,-7.857838268150847,-14.335674298820438,-6.386031359073608,-14.088057870710632,-8.117519010773922,-14.613380011588767,-7.879492035402212,-13.432312605020574,-7.009982555585477,-11.70322127373603,-8.75564463982848,-13.618392733988948,-7.37167490010743,-14.20243183355514,-9.302301108582311,-15.874399099415362,-8.542023647328255,-14.65298555839354
751,-9.051654999143093,-13.909220643104327,-5.616972688840908,-12.32355965033297,-5.106761507576449,-12.350194792401918,-6.404767015699368,-11.844857244219472,-6.956740374232783,-11.722956203538264,-6.763620029889808,-10.302013312261906,-6.744361271635283,-10.554634483033322,-8.130810778503399,-12.542504016711703,-8.785426800094164,-13.703437384000809,-6.902427188835494,-14.087524588832856,-8.365018196313736,-13.531500856066483,-7.34450383310167,-12.25041655978744,-7.798250609705014,-15.86350696816398,-7.3584638548010854,-14.39251070905817,-9.742061271811034,-14.414063814694947,-8.787772100677813,-16.171487757395802
752,-7.042261419009731,-12.723904533637793,-5.101013742518309,-11.304500114800264,-6.176600440246669,-14.097944541397261,-6.972293024598862,-10.857882444148533,-7.053433545878727,-11.283568946860287,-5.508680273436907,-10.354272374510089,-6.546719573242892,-10.527946203292904,-7.987969622760133,-11.06512533536618,-7.4058886181150285,-11.96930749936117,-6.720912011643726,-10.988519387068628,-6.214508076320414,-10.53478316958931,-6.693334598155581,-11.643130075434291,-8.239460143679812,-14.272454275973645,-5.917705112666864,-10.845813916731505,-7.014332688271875,-13.285484576413335,-7.8334656644707445,-12.420587282376776
753,-6.428523575542774,-12.901376291278684,-7.471464315094801,-11.463126791771629,-5.250518403062441,-13.166252966171816,-6.433589075671049,-13.82820964750308,-4.910920780306183,-12.790768548470208,-6.124727807064831,-12.1070876843906,-6.196009688731786,-10.510833578148393,-6.8443657972520375,-11.58272848885658,-7.297407818443331,-12.767550894603843,-7.317457803579521,-12.920789346556038,-9.006812422914692,-11.796691135482762,-7.518050340621412,-11.711598097313605,-7.325198981484386,-13.189758731979087,-5.599380512945865,-12.594632617473604,-8.74777875003483,-13.147123706309534,-8.746122730888858,-12.833758046396607
754,-7.813027910338658,-13.72234052766581,-6.735661027668645,-11.55112165091226,-6.604785081405832,-13.323604466165747,-8.21749434211093,-14.174624491575559,-5.9625171223995626,-12.953298719692306,-6.147642387430102,-11.850372493678009,-6.988454409193015,-12.781505182243247,-8.974836760395151,-14.88930876078106,-8.98199967529569,-14.96885347167341,-7.121467536725684,-15.017293453392327,-8.80433526620392,-14.57681914599651,-7.890004578816273,-12.626738881073702,-7.443934954049215,-14.750043129826684,-6.905881887357314,-14.846629002420446,-9.66658029577151,-16.39228096334862,-6.570356002003655,-16.11104765971712
755,-4.357164594842004,-12.15326533984831,-3.288097202700983,-10.245442500732038,-3.472812802001709,-10.325568758297639,-3.120767948136387,-10.805063720764089,-3.329016430736745,-11.146995042075279,-4.594334182766266,-10.441736900660816,-6.667800264697922,-11.499930557172199,-3.637608885182708,-11.087825803236534,-2.231371039097367,-12.645971351654364,-3.6674816990237065,-11.938890163956657,-6.850051365238425,-11.779121058652613,-7.9573279138528195,-12.983518102569406,-6.624076648549879,-14.263632416901002,-6.008373587380747,-16.224502332773046,-8.378821871602092,-19.1983209050626,-11.045690325007389,-17.149143621908593
756,-7.814495672061223,-13.197409672471833,-7.530048817271235,-11.923648395538663,-6.818258416436626,-11.629676196118012,-7.825054275044002,-13.107876086619392,-4.496117797308741,-12.905857348452736,-7.224050979693251,-12.997282239423962,-5.590857557118819,-12.841688022860666,-8.446651298166794,-14.859495928970045,-8.71232161241069,-13.936048822372413,-7.755694780604125,-12.600953243811139,-9.233202551220735,-13.560251540795267,-8.133815822095269,-14.842141790086185,-9.599524081567235,-16.3145431543439,-3.794811600347308,-16.18611300103947,-8.548876752985956,-15.938139907453879,-9.210640764092828,-15.710311775208032
757,-8.766707584647648,-15.64645709666275,-9.250721486006112,-13.267975518456163,-6.190729517020614,-14.985197443747445,-9.499679841319544,-14.701095052086801,-5.913609789393556,-11.867356907930198,-4.807604102480141,-13.907140106170887,-5.2188314301004555,-14.72631910627406,-7.9771943718473235,-15.04004637444221,-8.571772418702116,-12.214807865098065,-7.3084919581861545,-12.249598953770741,-5.904744011154952,-12.683996182058761,-5.763796048311329,-12.626886295509719,-7.141925961589689,-13.147014868849816,-8.648049829909228,-16.927383854691914,-8.481289249596038,-18.74821810187406,-8.722423242160222,-16.583624644274444
758,-8.70220445448765,-13.374748346420668,-7.094551927177788,-11.60067288521163,-6.020378365950419,-12.628852756952591,-6.5437109600100385,-12.804527785967847,-7.623355394300775,-12.712962513009849,-4.891698831929794,-12.892525589549502,-7.109782644445621,-12.542861540263708,-6.072727146253527,-11.885238543451077,-9.027255057613505,-14.754809723467062,-7.743017798334266,-12.407127443983692,-7.822272767744592,-14.198915375938794,-7.754862438166931,-12.830409918582726,-7.093566789415369,-14.516042400245617,-7.8436985661242185,-14.96885106841699,-8.059591585095037,-14.062527171464431,-9.152743995467624,-17.493824319704416
759,-8.218933464035478,-12.70287438552721,-6.306933270900586,-11.388629062815834,-5.678342003642439,-12.384592282106908,-7.462863628817286,-12.17612969078683,-4.103615959093002,-11.633957485570942,-5.478453242073462,-13.159270915300807,-7.293210771965308,-11.827004300828003,-8.82185697109704,-13.298005013102184,-7.050296763839753,-12.151399738694277,-7.25050117922537,-14.160588391048721,-8.306439375921144,-14.274279014730578,-6.738363001406309,-12.748048544185588,-7.342560127272212,-12.974257664064739,-7.349687664879227,-14.029806211946585,-8.514825719729574,-14.514671108784793,-9.594616097822039,-15.046431769845798
760,-7.445390007048727,-13.160561430342161,-6.960491512316985,-12.780428029684426,-9.534875665890578,-11.48852993261575,-8.585728559918964,-14.02022664303849,-7.285455810527695,-14.487363782483243,-8.361426283220636,-15.474786752909583,-6.1855843428166075,-12.44993939166662,-7.51953822032858,-14.013390930528178,-9.739135473823984,-13.99812369246318,-7.381345834996934,-13.01376263269878,-8.020663840033212,-16.08901003358246,-7.41169197039285,-12.900829259321789,-9.395842398120669,-13.762310416887793,-10.080628759514267,-16.199331535396297,-8.24821321858836,-13.9818317225905,-9.112569133160584,-16.93142402336036
761,-6.640576836889414,-14.222866139274831,-6.839731261797777,-13.13582028721903,-7.064370899045106,-11.806490424659808,-6.525429695482314,-14.35005832677855,-6.2338491893179935,-13.77959162170907,-7.570946344128144,-15.675466557742748,-6.564006946350349,-13.02686298626795,-8.915426758308717,-15.676204779222422,-10.178364295927164,-15.618419287179382,-7.670468065292115,-13.228669824348474,-8.944614491253759,-13.571514921624793,-8.521454220473306,-14.213834390046456,-9.604098423667478,-13.714195200524987,-8.676880616936417,-14.449090978815116,-9.568011989781048,-15.954777457573876,-8.508838356354547,-14.91642749900249
762,-9.15040442747857,-16.649939349026948,-5.924633075591746,-12.937387204239963,-7.091783982232362,-11.13025705272374,-8.505825336608861,-12.982993185949693,-3.9611139561641266,-11.845451853709847,-8.343691959701026,-15.737666514346277,-9.170635747845102,-16.47952259526511,-9.39128618123926,-14.802838041054107,-8.605783291008303,-14.886902200149116,-8.675660683847818,-14.143228453739985,-8.414530957745862,-13.029325176869603,-7.000724979074841,-13.088081371321644,-8.568743110861035,-15.338254720899698,-7.821973415777484,-15.493143378263108,-9.322013753247216,-15.473526347979586,-8.550861819242666,-14.7857294995786
763,-9.649896134024162,-14.699223915842225,-5.329321519947116,-14.145375975244976,-6.150601131305321,-12.44990207693301,-7.66229710566816,-13.976986021665926,-7.370529938019224,-13.119699833994364,-5.994166590120152,-12.608480622910124,-6.951835095654559,-13.234022358199537,-8.035389907729828,-14.776142002302354,-8.538874116434384,-13.698046572535256,-6.07659795107009,-13.237578331645086,-6.9184703841261195,-12.834177985055808,-7.247868841065646,-12.04820309764574,-8.792231605789596,-13.460516420725401,-8.837367213681771,-15.272492660823392,-8.678653536490257,-14.666832697675552,-7.684766679750085,-13.917082001925367
764,-8.675565745439025,-14.964533375344867,-5.6611145545802275,-13.808519798226875,-5.977911959062933,-11.628635290537275,-7.748516133265557,-12.130254968896537,-5.475302197858393,-12.94216069759067,-7.854464938313701,-14.335010125510586,-8.197608841272935,-11.840296860523274,-8.917020210991435,-15.312351483735526,-7.791944373052989,-13.782072791076756,-7.762534053306073,-14.142415872884808,-7.583929492069643,-14.096654131982952,-5.966073867649114,-13.427936409055626,-8.590231402329065,-14.483336347475447,-11.200458364216413,-14.899554428264668,-9.678152083171906,-16.437308747709917,-9.913925561894576,-17.097424779645078
765,-8.415196048423104,-15.052305635405359,-6.979351452149119,-14.022105940895857,-6.226306480395833,-14.12159539604114,-8.635858661008804,-12.058255670051238,-5.7981551527288815,-12.79875419940405,-7.688463088480546,-10.35924816505742,-6.712845848867888,-11.046872593518133,-8.847524777516988,-14.04185351622796,-10.319739882660404,-14.208781278617376,-7.104494220458044,-15.433537797108823,-8.874534726151337,-14.214696522719256,-6.044553533553022,-13.003866406369575,-8.556648908604252,-16.071905142352573,-9.701013013862617,-15.577830864265927,-8.960700499191079,-16.05538276176023,-8.863973733546528,-17.49676462231203
766,-8.709758564403696,-15.142958409844034,-6.605238430120165,-11.726634654127505,-7.655417009326198,-12.57011449926946,-7.605690711253742,-13.254150008400158,-5.475732447293929,-12.123691627248611,-5.526115267625562,-11.54164906090042,-6.893102844588509,-11.778226864918244,-8.559837065308615,-13.289896212677032,-11.844178954438146,-14.653280160758706,-7.575561017192024,-13.740596535993149,-8.743155017416361,-12.842236988008393,-6.1079717057594705,-12.190011743911725,-8.761460458782485,-16.53931084600252,-9.756797812642716,-15.483251361534444,-9.69676576583518,-14.364101801492664,-10.053512876756855,-16.83084883405523
767,-11.8817913049061,-15.737247943306683,-8.659719786235833,-13.38457654854658,-8.034135920822097,-14.377635938707282,-9.191905313536441,-12.98594888335243,-6.897782903372226,-15.028323300176167,-5.418913391863739,-13.290614192996873,-7.481721580911751,-13.4454236007948,-10.245117104524176,-16.464486517704753,-12.430872483419858,-15.488382370312618,-8.470776413199939,-15.216716192156055,-9.680192224359308,-15.650819286171636,-7.878016793795714,-13.216312579618155,-10.281577047918326,-17.080630059936013,-10.073464172082288,-16.885563042998992,-11.387163567669148,-15.66283636595766,-13.945099039349817,-17.23676902638361
768,-7.098318052892933,-15.727355793931707,-4.412016959199275,-11.491726510090018,-7.584969423534435,-11.88529068163622,-7.3635927469113085,-11.907111673693958,-5.96018040464336,-13.052043912838545,-6.189746486056952,-12.349124931564377,-6.199735527375925,-12.900967622910791,-5.930606730923829,-14.37957716946028,-7.828844830636704,-12.16515686708471,-8.285033011960298,-13.12711096779388,-8.238555427007375,-14.511280391021266,-6.941069236112419,-13.968686626340894,-7.717492741332851,-14.561071312953167,-7.460773630277223,-16.074831819068663,-9.613544271133776,-17.592502431053553,-10.938878744914655,-16.924058812295655
769,-9.669125835051238,-14.286988503557147,-6.104054652453696,-12.18033155861386,-7.911196522134064,-13.79676786748741,-6.152396726031688,-11.749331906737968,-7.425500009700691,-13.86208963379939,-6.6096910510297455,-12.54976946311874,-6.751805573180776,-12.659650525953417,-9.391255927751352,-14.978232886461457,-9.223906377331296,-15.531859381719313,-8.018825164463449,-14.901170753163191,-6.535105114704111,-15.024575571155342,-6.251301921697021,-11.498221406132485,-7.01416178054851,-13.742645214585192,-8.22498925710891,-12.112595142735735,-9.06280358206198,-13.866831666762883,-7.90058773619934,-14.268899254618237
770,-8.90185817425727,-14.217693908066302,-6.577326802077646,-12.975003760126478,-7.109015702339967,-10.810389473805058,-8.858798196896023,-12.422384505067113,-6.572301226792376,-11.977588596021127,-6.693379229574083,-12.040213322204421,-7.245971743228426,-8.881122825275206,-8.492114025809531,-11.702513110672053,-9.466644030283266,-13.554868360556863,-9.6197493813121,-14.022185999247984,-9.19849426946361,-13.86781438969232,-7.895484686226153,-13.196794622076878,-10.121228708242388,-16.421072269819064,-10.717872024462192,-15.94332982989461,-8.851809443402662,-18.24100300707818,-12.28686024034669,-17.65000062230285
771,-6.6298349646556325,-13.175604947873644,-5.1311022177878405,-12.255765174960212,-5.924176342390009,-10.942154518134174,-7.057374514184925,-12.750546606500976,-8.671796656102075,-12.562238121678744,-5.320385973142009,-13.497906762561001,-4.99398956211501,-12.307919510224421,-6.942964412971037,-12.317708461743829,-6.871763236445504,-14.779225703025944,-8.207697691211479,-11.73091808504391,-7.899127391078262,-13.850244695230824,-4.818907419287054,-14.079815648653273,-11.23161323735992,-14.861648495912743,-9.098518352964291,-15.2171405153128,-8.761212927596034,-17.829938273810214,-9.71134301831752,-14.20379033239594
772,-7.9628258872410544,-15.588963098063445,-7.3829803528690015,-14.441438955950186,-6.667325490846389,-13.479249401633789,-6.913622939010806,-12.972589674025595,-4.049032960523743,-12.580420665231397,-6.549179489058046,-15.432316149144754,-7.00400621932414,-12.625702196799708,-7.476799649744233,-13.333431048468004,-8.358965015381257,-16.240272889483258,-8.121699847200945,-13.233894335739931,-7.9040059118910655,-15.039387283874499,-4.934520994703174,-15.056770592859678,-10.650672657929473,-13.38343242152262,-8.333998661846788,-18.1036708999623,-8.923673112561618,-16.886897520364762,-8.968248602315938,-14.828838790289208
773,-9.642231957262423,-12.822184530875978,-7.987390290940445,-12.438322260269214,-7.226538057635002,-13.369708848537448,-6.060461184010409,-11.223487375411514,-3.238248213855099,-12.498414580537,-6.218054846306266,-13.934094347620459,-7.699540374447222,-10.723884392883242,-6.864834015587425,-14.634255960719118,-9.216253254028647,-14.596331484090241,-8.608373897313083,-13.43789343846144,-8.168322156538586,-17.31071299116891,-7.067822334006159,-14.935454954304374,-8.099912204221454,-14.757443169627578,-9.328060475257079,-16.849824856383947,-7.472745268125365,-13.780469588587131,-9.40676295333392,-15.562599460516696
774,-9.256111390414674,-13.303267806257647,-5.865821626853299,-11.499206993327196,-4.660734400129095,-12.456604454808552,-6.45899440339586,-12.717892315202652,-8.289601813493663,-13.920786222099624,-6.743537663367918,-14.528548472449437,-6.73320121721757,-13.472923212646402,-9.14833739359956,-11.873896046741628,-8.278481128317676,-12.470735826129749,-6.972642354007493,-13.540773679758356,-7.531151521612305,-15.124372700678776,-9.2159498930339,-11.376663788457703,-9.512204532581185,-16.198543200306343,-9.24623913002619,-14.664574518230761,-9.661634757468503,-13.963933865407993,-8.886701521749897,-13.400175181864515
775,-11.243594489163385,-16.057277371170088,-8.22747373314249,-14.24268244786931,-8.339001805279743,-11.452390226992865,-9.562358488076267,-14.805871162852506,-6.314875355313965,-17.535325313329256,-8.82021667105175,-15.349715797894097,-10.252709129811704,-12.965067469735294,-8.165480139385245,-14.976215432685622,-9.796146834651674,-12.962643774808985,-8.620944934545157,-12.725038563930934,-7.139491991089779,-15.244103606910354,-7.580150441556476,-11.501433362630525,-8.613520726924337,-14.710575262865413,-7.971565585961221,-15.323744000712816,-10.041416046816225,-17.462387532831876,-10.690806801524374,-15.62256478773088
776,-6.48276499558329,-12.980368220566607,-6.047898724447336,-13.02647743735239,-5.713395209761184,-12.96525839771821,-7.44417497138768,-12.294891763283701,-6.321589966926883,-13.164628693374006,-5.743046070798654,-12.442745024300159,-6.6469261967574695,-13.252066581040117,-8.239202796511506,-13.306215034972615,-8.270730827176456,-15.073883926702207,-4.771066319194647,-14.345537140595273,-6.754944522234733,-15.072435947350503,-5.442449825057707,-12.10375751535156,-8.191538441280656,-12.85810523080894,-7.747066227619791,-14.684897046415749,-8.461630395379581,-16.324186596861733,-10.121768814591404,-15.05387667550865
777,-10.226631003416525,-16.454537353999253,-6.958000065307111,-14.545271229043689,-6.352217614092176,-11.996555013722375,-6.13615568127242,-14.033148176830315,-4.313911293961982,-14.2320649943209,-6.9346665971525345,-16.7150648090537,-7.607763145743524,-15.051180140511335,-9.653657202029496,-15.929322429542054,-8.811061362685228,-14.66790850771925,-8.892008187062874,-14.580753201499782,-7.947233176149606,-15.54158610025297,-5.696099827690464,-14.685285751585296,-10.821895254862818,-16.759406741986243,-6.471831222771325,-16.21475343717602,-8.251211607854378,-17.25967021495062,-9.07153856740798,-15.353915638678927
778,-7.067457199601209,-13.203939057717346,-6.983346651547263,-11.092873093646368,-5.918510814282022,-12.057428168382277,-7.888432532225103,-12.40777349281742,-6.479208223719937,-12.20167143425856,-3.6853305337821247,-14.417348989032508,-5.194456356567794,-15.034947469817965,-8.116057853381216,-17.20602640650981,-7.57669412849058,-15.888671939225496,-7.155008905003962,-15.002697724451036,-7.62137322033783,-14.040990188914089,-4.330211292246266,-12.970438967457081,-7.543107981202988,-14.555975080730363,-7.739194630224473,-13.516903997898183,-8.41656533576037,-14.20506603775374,-9.73538419007619,-15.990083404711486
779,-9.689471736201163,-15.743885647534706,-7.191478066153051,-13.258332397818297,-6.031901265921716,-12.651808763805402,-6.560803737556804,-14.25761832596077,-7.34925457568102,-14.167917552383265,-5.243301570043174,-14.46923124930441,-5.797911223385733,-13.961575669983421,-10.113607162388769,-16.063408563075974,-9.073489407950122,-15.096986082425286,-7.2641021550120755,-15.528997393352116,-6.4966589976095825,-17.75916386846346,-6.01299610551062,-14.297411332313652,-9.770797531965194,-16.35278683717604,-8.71801245795009,-15.168763078459502,-11.055342458812522,-15.6990907198741,-9.583931906983537,-15.402343549957111
780,-7.953164785227649,-14.181496703335954,-5.094687759561164,-13.857607376209906,-5.133891504696222,-13.778265441642146,-6.841426154547388,-15.387915896635732,-4.283042491468716,-12.53726871798813,-6.70310573431801,-14.004162143263994,-6.9772241260099435,-14.407500580678656,-7.753620739660282,-15.043720413523447,-8.059607854369572,-15.77720211970891,-5.719681203161632,-14.216183537184534,-9.114298097978477,-15.25897899135611,-6.181236373126194,-14.888799097042433,-8.219700459381729,-13.167636562422198,-7.5304873004877155,-13.534566136502626,-6.242297556687202,-14.532624980596083,-5.2346105628536606,-12.456715096275898
781,-8.589780728205639,-15.097217529475,-6.624472666317988,-13.398404345557042,-6.4624594510730144,-15.22194328800827,-8.51471243126385,-14.048913451507914,-6.182684154708255,-14.326677349051007,-5.5717592857411855,-14.064713622647853,-8.04088214224581,-12.70823431187752,-9.278304816546113,-13.45674872813113,-8.641044329383837,-15.744676996674894,-5.262107626478909,-14.444798281104825,-5.9976560223052395,-15.980353062925687,-7.310406856977858,-15.786481075852015,-8.748409015808715,-15.721693107867203,-5.553271030378735,-15.899546970254246,-8.014922383736995,-16.08734071916858,-6.856577085139195,-12.827608952881295
782,-7.930222492963642,-13.101345848266686,-6.8171840799631305,-12.448650570104613,-6.0537728443397265,-11.989000526273706,-7.991031482831551,-13.893467617300285,-4.564921984372839,-13.06977490745371,-6.372773583954167,-12.20499349330132,-5.4592954698463725,-11.763585792747191,-6.86389770346604,-14.590870189616453,-7.010446172564349,-14.909176265116606,-7.752090828573972,-13.101320429061738,-8.278893052728801,-13.043534361800868,-6.13976828828596,-12.171082154524274,-9.58005145031223,-14.714453432854839,-7.774636105526408,-14.279889794912986,-8.155127290736434,-16.29730440865659,-9.174362973979687,-15.030976781603014
783,-9.469371659507571,-13.708286113333257,-6.696669223421637,-13.605567735303858,-6.842084402246984,-11.384563495861615,-8.954605340842527,-14.271810741908748,-5.810894672521293,-11.147607011921126,-7.038993379518024,-12.62454891745589,-7.7519305218332315,-13.25557821193531,-6.996131991031696,-13.770169054056872,-8.678828402932744,-12.463383612616335,-7.05328017115211,-13.06440812448284,-8.153285590720818,-13.873739969421454,-7.6701155604691,-12.91213964236141,-8.440987722609082,-13.965364035689273,-8.371394837303447,-12.614112852199998,-8.180892707375683,-13.733283199838331,-7.631515056834233,-13.485619065284586
784,-9.537972351173456,-14.731879602579532,-6.69106906073882,-12.234551807142186,-7.515390407691483,-12.809439588596568,-9.754127603950861,-15.287400618814669,-5.641039374832611,-12.895883051386662,-8.251213180023495,-12.857001805829992,-8.538785959525942,-15.22395786976459,-8.407168809664956,-16.67318237736764,-10.263805330720421,-16.408262956458977,-9.090827261506725,-15.93371527799166,-9.022728341320407,-16.86733137034507,-7.9740927011544205,-15.957344175832278,-10.049735634694168,-15.495009823695582,-8.92696950422501,-15.283230286028939,-7.9625453093053515,-14.519655392993007,-8.248099027177739,-14.082186856676033
785,-11.23395048677783,-18.329969780360628,-8.409323975730828,-13.09446330620739,-7.012813075222654,-13.34369238312831,-9.432636120434081,-14.611129352542697,-7.792883994394573,-13.176429835865108,-8.896734571584453,-15.230979591010158,-9.328099416203868,-14.650985444499529,-11.147415915126025,-17.34984965025646,-10.794702311072662,-16.753821756341154,-10.078180424131391,-16.95050061816755,-9.669904716143115,-17.788603849945556,-9.41675248080456,-14.566535634207497,-9.668484732436049,-16.738160923156656,-8.086449219914076,-15.510936356162578,-9.041306446802993,-16.68188475362553,-8.626882788646789,-14.631913618471117
786,-9.499944096596955,-15.230135108054355,-7.944468452069131,-12.580526256740661,-6.85002830867822,-12.105243986137095,-9.894859457869556,-16.834569362434376,-6.976694748498012,-14.669139076317352,-7.393982138507207,-15.212118947474139,-5.999077623636891,-14.87420405192709,-9.779273610800974,-17.608981090053696,-9.194590074505411,-15.38293629179335,-7.525900459155875,-14.075467048560949,-9.15334697897715,-15.20504567305018,-8.079709484154009,-12.470976442071898,-8.799158321570093,-13.042724469723588,-9.209435324676246,-14.929600781877397,-9.442409460283761,-14.467483253279577,-8.83280713144803,-14.420138807354355
787,-9.103604976878518,-14.921743538381985,-7.204643226895842,-14.946051837021532,-7.6549364432276175,-13.827655751085858,-7.918009958122254,-13.37566417712572,-7.5487121050126325,-14.040989353282733,-7.090230830242685,-14.487923690016885,-8.322468498935313,-15.719414412318816,-8.356298515616317,-15.89178316798259,-7.550072088542459,-14.371640886129736,-7.2536015654255435,-14.848407230173937,-8.664464274802837,-15.652953894970945,-6.730942203992618,-12.665535081552534,-8.9697331594453,-16.4936268655099,-8.965628442319169,-16.45472676983887,-9.957965501051115,-16.29446974759764,-9.662670015850964,-15.001034414692604
788,-7.947406198124,-16.799806183338774,-5.453980537595601,-12.391645280257215,-7.831778126727561,-11.945952065706466,-4.8804403641538485,-14.2084043681588,-7.2979823650959075,-13.312818540149308,-4.639158123766614,-11.75886497381473,-7.007927759525772,-14.068361042115056,-7.361840253411673,-12.344777293905867,-6.206625768371826,-14.814241500183014,-6.3177754745136525,-13.6550434102653,-6.752189065930654,-11.269791315827351,-6.050484761252836,-11.831940121546191,-10.399946129422021,-13.215919678849188,-8.392587069710851,-16.327731254926746,-8.606063068647549,-15.348368905550897,-9.415852319490973,-15.843248155057115
789,-10.892384992002327,-14.500930887336436,-8.101008493252305,-12.72501079939654,-5.777994975181419,-12.554662250376419,-7.890234945748715,-12.26701343934227,-7.206453196771703,-15.35821460969738,-6.046765003255098,-14.496326096722363,-8.406938255387157,-12.403931279722272,-7.750582765910244,-13.699781264991051,-9.738191612963107,-14.890777231217777,-8.796361168785653,-14.955598487257113,-11.322953858306768,-13.33737928648392,-8.871038657628358,-14.216686574908506,-11.831405745595456,-15.986150973744683,-10.604256690742769,-14.755199339415139,-11.176065826975083,-18.008668396852197,-11.51099833259321,-16.190955107358395
790,-8.639161616478443,-16.498519406220943,-6.021591241450375,-12.617321600247465,-4.225340662317016,-12.837256772405489,-6.078414807544839,-10.929442391344162,-6.296240855524507,-12.59143986079529,-4.016356616834269,-13.554349742816536,-7.072050836374611,-12.066377501444826,-8.545444252305005,-13.636808542239425,-9.59365142493924,-15.575523194012215,-7.92630197427123,-15.889918741117594,-8.26612734769527,-14.302068605485044,-7.848656724116956,-13.746413444202654,-8.070538595998462,-16.884102825328654,-5.286548341998364,-15.373903662265338,-6.885886141540371,-12.165529064168954,-5.739043141367216,-12.6097656417853
791,-7.724629849850135,-11.194426537266045,-7.282293100675947,-11.546321920434002,-6.854059590675842,-12.617868456777197,-8.225972483197369,-10.312417885718133,-6.416332981586103,-13.527301607286251,-5.145231709844661,-11.931220042871136,-6.57238834262172,-12.078705055298876,-7.757416877208434,-13.49883822177938,-5.542649441786265,-14.507509873969376,-5.902191979094566,-12.86423903277922,-7.8889043766052405,-14.37099365145947,-7.364070437620133,-12.316572338658307,-8.06177224142582,-14.664787838117126,-8.493736323669571,-13.377328849367586,-8.385197763299724,-14.813611439090481,-11.07347642788209,-19.761686448632073
792,-10.551241672199572,-15.779379306212661,-9.40842185139573,-12.550403137786756,-8.794429336555856,-12.730046429180579,-8.041926161091958,-15.045433334120371,-8.144469887469084,-14.014124506118844,-7.815452207213571,-12.14983910155448,-8.431072684588369,-12.52527045147913,-9.602689905343674,-14.675941561934945,-7.135504923283845,-13.168004175825999,-6.636498074028112,-11.914274875562397,-10.283384169337923,-14.870341675836505,-9.011915425949915,-15.469999966760577,-9.461572360957442,-15.99934896857781,-12.486209088753608,-15.251690529469478,-13.237176298722641,-17.45489247631509,-11.407236957880375,-17.363970541403148
793,-6.077399453065157,-12.729137177399949,-9.726501897689293,-12.072930778674625,-8.047554034155324,-10.827918443201913,-6.558064984394419,-12.212938445366515,-7.198570872851845,-13.461254083016618,-6.261716606565162,-12.951067037033923,-7.001424530086719,-13.522524242265169,-6.958196215107661,-13.398926384259068,-7.870725262720185,-12.765253662692988,-8.04941436138781,-14.163260919158189,-9.841703734009815,-15.286892433282485,-5.471145573916215,-13.442720606467297,-8.93279373385366,-14.638845243599697,-8.575953978978303,-17.555272407239713,-8.598744590216093,-16.801022946961403,-9.9349230973254,-17.397715309580555
794,-8.754083429086068,-15.742919835032101,-6.213670264931437,-11.190861777271351,-5.300219188629592,-13.576814610469714,-6.989393320896752,-14.70446299846943,-6.488199394728733,-12.58006404840051,-6.913551751830687,-11.841555345641854,-5.964953169740829,-11.812125879375813,-6.055742824508576,-12.34606023811134,-4.914322079851894,-11.061897873898413,-7.738821128866898,-10.92452839107348,-6.261306032537101,-13.06595661669424,-7.816655600065107,-12.953093656496824,-7.973586678796679,-12.882217376976746,-8.503170153023822,-14.020474923185649,-7.9844658329626,-15.377355388354585,-9.127166302935514,-15.109250228377277
795,-9.71995899203303,-16.434591502870045,-11.367892402979184,-16.035773475187714,-7.102769285747726,-15.962354367173186,-8.52929995778052,-14.203437137653712,-4.043961453080919,-13.945755495963432,-5.74554257874524,-14.223309929136283,-8.865045896473868,-13.602732738222329,-7.322478441018064,-12.424975588150541,-7.169684462253777,-14.842099047703083,-9.990800093751476,-15.835931246506192,-8.125538412741184,-13.923401763126844,-9.02682581359539,-12.158760180543721,-9.07120549689281,-15.448253278258463,-10.318014181590486,-14.176721757956637,-8.899701589351034,-17.120663042846356,-9.548931392378016,-16.65579393592489
796,-8.045823758733716,-14.69867849273381,-10.402273211400047,-13.636652678763571,-6.09951409513291,-13.010868053157875,-5.593789554990083,-13.812760455917985,-3.5139502993921767,-11.693101517447593,-5.4614977728912075,-11.187505477434884,-6.0092330927702475,-12.094900942480098,-7.52262464218679,-12.716196330586524,-9.297076061625093,-15.700715312991973,-5.492561676121604,-12.096247817840078,-9.731262502571255,-12.697934656295402,-6.146150939605205,-11.688557134863009,-9.003641081491313,-14.845397001858135,-9.488335770800777,-16.25723434800153,-8.54983040891732,-17.92990494745141,-8.27433750374441,-14.533935140708575
797,-5.514443950449525,-10.235574487504927,-6.989806988765519,-12.843731416794688,-5.4043954457075785,-11.455701106186547,-5.725802732292128,-12.23664895645038,-4.361944429393597,-10.541272077444646,-7.064925581928319,-11.02173072617245,-5.715583204726434,-10.646463683564647,-5.515620402452831,-10.964789173067464,-5.820791743633318,-13.585706342282958,-7.0127298731390955,-12.101353196249551,-6.033470577644129,-11.52203091899429,-5.450859223074454,-12.835138485060183,-10.305177609553784,-15.951369493097594,-8.071914481224574,-16.08258523710665,-8.615520509866128,-15.652924683751493,-9.187354539835303,-14.616036504200071
798,-9.980373334549236,-14.404971259542314,-7.00768178672967,-12.829750590181291,-6.970570076060691,-12.221283455188017,-7.033115895669873,-14.24151426593114,-7.739111085268457,-13.7231595450972,-8.396586465149664,-14.622374289454942,-6.230080020289002,-13.554410542004991,-10.16521587981082,-15.834458291837679,-8.800032781278366,-14.03671966486288,-6.975662697892531,-13.246772121849936,-7.86644088678445,-13.394923282164417,-5.936979508055701,-12.49524289508212,-9.621841923973154,-14.392696859059633,-8.980920696014874,-17.03795280068775,-9.40707862805054,-13.434001213640702,-9.138459754382543,-13.608226511053523
799,-7.871789515691622,-12.465374804558003,-5.81917988592204,-11.571470690012369,-6.196098128907779,-10.983357130836229,-4.78376085552101,-12.52024750531864,-7.447229498073208,-11.640765765709007,-6.292462221155168,-11.850817449797095,-6.112374365225746,-13.166270918878418,-8.431563523564673,-14.599137686723381,-7.271389898263169,-13.696507839490712,-5.838212233057187,-13.044145737407698,-6.313680559911964,-14.23723412394776,-6.066751951118183,-11.826245251371756,-8.196141223897964,-16.177782486940025,-8.2031611617871,-15.935623638612226,-8.870580803433304,-15.040299018183429,-7.707643126789198,-12.915110092874755
800,-8.708362252894817,-14.937154460577034,-3.58532699252979,-12.916011321218502,-6.305066735890756,-12.07571333813609,-7.628151943384511,-13.494673619994561,-6.022139362782327,-11.603591558637037,-6.756242765133309,-12.913589662845226,-7.366601823673924,-11.70850478274582,-5.929235900003141,-13.882538412372462,-8.582447382312116,-14.624281786190924,-6.4819274556214355,-13.258671878195276,-7.69105347460568,-14.056743242506567,-4.9943607183521985,-14.315412799268595,-8.092644515765535,-13.34844483607468,-5.976611647927971,-12.439071655604394,-8.524817874137137,-14.417096766080613,-5.502249163808001,-14.911942778143889
801,-9.67305381776961,-14.536437853841198,-9.326910879125386,-14.425247563256786,-6.981846264869605,-12.4321805588216,-6.940574143556027,-12.7505667325573,-5.286508497737298,-13.686625430928494,-6.30717750598644,-14.36093480266711,-7.843142939782682,-11.315060234510575,-5.666075819082402,-14.061918232401574,-8.526132125542325,-13.077150068576856,-9.503777792365822,-14.497565588385013,-8.297939312303384,-13.481070305191462,-6.634884547822622,-13.198479679499819,-8.607107323450427,-14.091071822201728,-5.491105850010372,-15.252591539845469,-8.62620148695298,-16.190638527298017,-6.0861179086818105,-16.012869542862
802,-9.007702522743399,-15.358361901390552,-5.778341312695018,-13.550913129190613,-7.453611053869629,-13.395156853424712,-7.909515071938749,-13.062576452640219,-10.186696261951258,-14.112028247477788,-7.226457196678286,-14.992563650944033,-7.832184771338085,-13.353647268492729,-9.788788673335846,-15.22681067390719,-8.776564522606447,-15.721869382301207,-9.077360632241227,-15.260630408771368,-6.431703840907632,-12.040520434253912,-8.295022708789727,-13.68226578411406,-6.671799362268768,-14.415511926755258,-7.616975849996949,-11.39954440025225,-9.942012478665394,-14.7586037940763,-9.437535756383866,-15.093937978387116
803,-7.55106663145903,-13.891561874198949,-7.832725821735009,-13.061947645232483,-5.86685286504777,-12.09705902316472,-6.638805608356682,-12.436387683094907,-6.225585946994431,-14.267180595040355,-6.966963447946989,-12.99774225035974,-6.726642794725565,-12.396816778730573,-10.140388426125579,-15.529426818951093,-8.598237206481802,-15.0872252407527,-8.59891507939205,-12.897189073199261,-8.014219027128751,-14.548311328660413,-6.902660421070981,-11.227595136866743,-7.627061546019015,-13.83588683017602,-8.065058420237452,-15.310595381598397,-9.737868130826225,-16.765191103971464,-10.087253315935119,-14.233113685281726
804,-8.546947694099115,-12.993373715987362,-4.763525455573766,-12.703912523898218,-5.65210977716705,-10.698523112463906,-5.158303700824619,-14.234572960367057,-3.6058031336134406,-14.573150958001118,-6.16241277959701,-12.675552937586714,-9.638194720094289,-16.142725713165,-7.663656856452569,-14.23943812184502,-6.899098629343322,-14.25192916918175,-7.9978084317910145,-13.186761688800637,-10.030406002081996,-15.17277317276462,-3.972335932536271,-15.239732068623741,-7.937553641684596,-15.928583392325542,-5.221845272289024,-14.810684574374953,-5.096378407735881,-15.211545457020614,-7.641400394688443,-13.967075995738082
805,-6.018740017012416,-12.401463807220969,-5.780889266508704,-12.308511033715838,-6.658748585874048,-11.998368825551921,-4.4081750073448145,-13.137171866198207,-3.644557917794983,-13.605945953461658,-6.484130759457047,-11.789489442138489,-8.074415813021048,-12.47299351274366,-7.795308529504937,-15.854559121593436,-10.732351145504516,-14.690211177678595,-7.173998122994519,-12.574023938895433,-8.847338158106506,-13.775598918066677,-8.655214985438027,-11.754500293245261,-6.7749845396201955,-16.813440121956734,-5.785535286767659,-15.086461065288718,-7.144834199098783,-14.30242084898611,-6.835791224777429,-13.451543445643843
806,-9.78020805002965,-13.62798982948272,-7.133396227354392,-11.935442597498096,-8.071717176134255,-11.184151902959085,-6.897572962669331,-15.452132676938973,-4.869725914331821,-11.867319483011581,-5.469237048186421,-15.65778800493501,-10.653797354833417,-14.28340983986291,-7.328346791647612,-14.401594780177373,-9.066062746091578,-16.81557450940033,-7.381712962352985,-13.730248814640678,-9.208593940180744,-13.894998987825618,-5.1046328609816864,-13.722049057046405,-9.759757147024285,-16.292662634430005,-7.164425019099242,-15.37978606681441,-6.7973173858656155,-13.681399918659666,-9.027955732480073,-16.870755889114818
807,-11.367197096348786,-13.90998298294,-4.81932554794713,-12.882715736440947,-4.655205256830389,-12.514020671790815,-7.641470320343644,-14.366288061148978,-6.291237140979647,-13.714012392449686,-6.578658333193871,-12.730437198065026,-10.147836452220487,-13.50006480972618,-9.194769315770472,-15.683805226379645,-8.413681956418968,-14.778725193746844,-8.40625334383867,-14.759191957208667,-7.959487935917994,-15.900669724785537,-8.359507359681896,-14.537284104065641,-7.236052585978673,-11.198000490726747,-9.310887002692,-13.546299245151985,-8.725695174672135,-15.881227666495917,-7.996201872287973,-16.1283844244723
808,-8.395991060248333,-15.852979274439567,-6.137788601695384,-13.14031864159924,-7.16944295305927,-12.89044639609001,-8.623350980624593,-13.39935929483188,-7.539891591734858,-13.124068753656884,-7.856097431074767,-15.039382922466867,-8.906612892609536,-13.741798790281086,-9.406020277472722,-14.865543763048525,-9.278816325763724,-15.821838448873644,-7.856087673261695,-13.641415623920345,-10.188004545218226,-13.445500076987338,-8.03654920842377,-15.069296460088019,-10.42887853781954,-14.508817003844456,-9.587050880168448,-13.657101978211202,-10.152879907237455,-15.504079102761546,-9.643911466393028,-15.026315375525277
809,-9.177727987554961,-15.67134583099284,-8.730281700623609,-13.918787593229048,-6.558633897979042,-12.554447144232814,-7.336495442150211,-14.686431740772452,-4.614368709038032,-13.417106036551553,-6.3873035237714815,-17.95917353386138,-11.110579273726772,-15.13798784733046,-10.06897261881557,-15.478299520602352,-10.641171375038375,-17.702673768402374,-9.611956821802535,-13.608286011351842,-8.481418048221698,-17.125500137976573,-5.861103699262706,-14.103192548215059,-8.971033353969872,-16.15695371261203,-10.284620813325331,-14.683358641984789,-8.74045958829142,-16.76911718683615,-10.51120984998507,-16.02485906566509
810,-10.063374738109335,-14.7142903410905,-6.842584893595296,-14.875893608081586,-4.236513965999563,-12.6520667825633,-8.230280169256613,-12.895159773560692,-4.381600101397685,-14.095235789162508,-5.7360539122007665,-13.219117882064324,-7.135923353464303,-14.420371190424785,-9.53874101501517,-15.561153392095044,-8.040875318399625,-12.634543938701794,-8.15686469514378,-13.375408212652477,-9.199944944415657,-16.789868022006363,-8.723900317072813,-12.92749918364165,-8.24047945342836,-14.321477155302523,-9.657666167755313,-15.599330192067404,-9.669143836398042,-16.028003281704613,-7.369775037767584,-16.136208742203834
811,-9.272783928264621,-13.155700669047114,-6.621211196518516,-11.985627319356759,-5.108047812224719,-11.416655751967701,-6.062583388864225,-13.468691676816542,-5.8263211898011935,-12.15807431627664,-7.574665268483529,-13.476902461869125,-7.288822283744807,-12.061672689289523,-8.695405046677667,-14.755293287693032,-6.9470778568779,-13.592918422598627,-6.807801944278862,-14.086398943375462,-7.743640997486364,-14.866661891077516,-7.532693234459668,-12.420886268304693,-9.349480992528651,-14.84880186158517,-9.626887278307482,-15.493671050024432,-8.285942520757928,-16.727597537921156,-7.610835311974617,-14.574415770328246
812,-5.372413445907542,-12.779483831481492,-7.372014121151389,-13.715283339138207,-5.904008155855492,-12.344004055583637,-6.657970331188725,-12.80093779974778,-6.331778733171961,-12.001086208408973,-4.013884169870127,-11.123884697335669,-7.035121035246591,-13.394562495121322,-7.204179837530624,-11.703043347153578,-6.970610349625188,-12.342810531364405,-7.073580211395947,-12.662731439988711,-8.708362630683709,-13.148127441038344,-5.749925560894658,-12.534684366270547,-7.342173784685896,-13.299526578749399,-8.387747484657748,-12.50341951009865,-7.744659012045175,-14.199141763786686,-9.407255694828407,-13.973262917009336
813,-7.909980824552085,-12.965935436484209,-8.122997737383177,-13.499352376208373,-5.521848180192171,-12.745007376926074,-6.162719228999124,-12.669391597015402,-6.530349629620956,-13.158190622549116,-6.218970831283501,-11.158322168497621,-5.047855114783411,-12.01516413771496,-9.021241666391534,-14.946876933437892,-9.577538197627508,-15.74181232952645,-7.102355497769595,-12.186844219257033,-8.907387259590369,-15.222399241540225,-6.029629628824665,-12.264217651387828,-8.625821843907435,-14.931154811000445,-9.510912677722045,-14.036065539476644,-9.783958416568604,-15.647084400782191,-11.64956463197502,-16.353483666581667
814,-7.357556548856835,-14.275505189191662,-7.0004737330094216,-12.378870367451638,-8.652834472738792,-10.981883129488235,-8.286585966513906,-15.395839737928736,-4.760211457579959,-12.425082536530516,-5.931412120975816,-13.903964295148546,-8.060481193620618,-13.501464518999555,-7.822301622551471,-15.97613033607383,-9.687382710336138,-15.110962023888487,-10.816621433904373,-14.810047846825306,-9.983594214797817,-15.361378053176244,-8.599469180237767,-13.808753560200104,-7.898859398078723,-16.365742891472987,-7.556343469737985,-14.615976208306826,-9.181347780753569,-15.51952108888812,-9.327991518755047,-16.01751641145663
815,-8.263351465721172,-13.572922087286319,-6.847268199239355,-13.063884207642625,-7.734781230650961,-12.215240834327252,-8.620081878191353,-14.833189329208604,-8.407708099818292,-14.436178928686349,-7.759461643845085,-14.787874070673388,-10.202806182746816,-13.1465278217277,-8.418308650527093,-14.387091110888017,-11.528869652107229,-13.95580694248969,-9.993043103474882,-17.800400187302632,-9.084391876076506,-16.08093172915509,-7.437926291361103,-13.938250539026864,-9.43807481630474,-16.235662722627158,-9.879381484051242,-17.469436517462515,-8.624718107096147,-15.47714656338368,-8.700934360320318,-15.886259868142838
816,-10.101802599924262,-14.003438774932416,-7.788179903274926,-13.092310773576731,-7.928358197512927,-15.179166196022702,-5.745990453894894,-12.96808993650009,-7.049324920576697,-14.773452281096272,-8.11676122424766,-13.715230830000882,-6.978385482701856,-14.215787432019082,-8.422646320454307,-16.6330262402816,-10.473202583099956,-14.883790922846451,-9.857413340423895,-15.186550758004751,-9.591385275537128,-17.677620024965762,-5.590799154317171,-14.001454317729227,-9.988445812026537,-17.977127821642927,-10.797372145177818,-18.276042562282004,-8.570215844200874,-16.154941902838818,-10.000120688210721,-18.217492471777792
817,-9.41197512370618,-15.01222612971233,-5.549356836328766,-12.042994832611813,-5.699487183938897,-14.959386537672003,-7.38016947054242,-13.158464365423068,-6.076701763427282,-10.046677417365991,-7.0805923827248565,-11.939074198652936,-9.067653291139658,-12.929221162845852,-6.71529872213846,-14.324962566929656,-9.032089188547882,-13.531119443240113,-5.673655517791241,-14.872515046327962,-10.433629013911741,-13.805653145046088,-7.186665625713296,-12.843592937830987,-6.850290683380766,-12.8798449074533,-9.285522752016245,-13.251903488408235,-10.070620429702306,-16.08864842137603,-9.422900251880465,-13.305874442582759
818,-7.9486911310444,-14.876942402242639,-6.434826768601352,-12.362701378259198,-4.838523812095633,-10.321975523006973,-7.564366566329991,-13.926437919948713,-3.7463346510546423,-11.842020085726672,-7.770762858485338,-15.720393192529794,-10.060798908535629,-14.64183572567265,-6.870148116482499,-14.909564438060132,-9.311373394891852,-15.180901834359279,-9.485056526402937,-12.028828005184959,-8.848433939454818,-13.77352477035007,-7.23464306399398,-12.492372777630385,-6.0885536812538525,-14.188822094669364,-7.762679850323604,-13.977879305730895,-7.516742549379989,-14.648385663492649,-9.564371178041775,-15.135858000961628
819,-9.479692209857989,-14.436540332003764,-8.540877632019436,-11.168533200217352,-4.846759647569768,-11.291438701440663,-8.653120265945736,-14.101821010394023,-4.741280014741274,-12.982294023606382,-5.652387951527836,-10.37526787865253,-9.214904208051722,-13.422073987733661,-9.831511913933541,-13.827310655099417,-7.18875301746062,-14.436940170548219,-6.016286157910914,-14.63884938318251,-9.40452069743415,-17.10104983074095,-7.22369063165126,-14.054953359035645,-7.641477110724645,-14.857885030850564,-7.34231798857829,-14.890912719169254,-9.98463517819254,-14.55847222610821,-8.451153510325806,-16.307599886803857
820,-8.277727905752046,-15.121817216914295,-7.450624479131774,-14.461260470866133,-4.233908336911203,-13.826344938326718,-5.771957089173069,-12.982004691903322,-6.472396124463158,-12.472976657452254,-6.147425303954833,-11.21142285308947,-8.564322539792094,-14.522287371577146,-5.669406351546287,-11.96333323174424,-5.787625105820519,-13.688801616779351,-4.903972890646645,-14.277484629014467,-6.825965589826984,-13.57326825914628,-8.040171323471164,-15.469508778999447,-9.053659867018942,-14.333093535070569,-10.055148964092233,-11.235879524432528,-10.640340042668843,-16.073517192349446,-8.307768725493498,-14.3571408597158
821,-10.240151282891842,-16.069284165588606,-5.648879498839486,-14.244062753014044,-5.360537366574034,-14.555653558219255,-5.1186600783979195,-14.706803616249019,-5.481268899667301,-13.824107886714705,-9.657689176900549,-15.279356064646791,-7.856740945025176,-12.945572614291464,-10.057354165972864,-15.77530832896098,-7.847048120348386,-14.59339753136421,-6.006306637556959,-16.181294080892002,-6.658189897212096,-12.588080731204832,-10.603615862618334,-14.405260835831564,-8.767952132461865,-15.124041389107877,-8.56969003929637,-14.247583938347233,-8.551721109806492,-13.270645756199587,-7.172415007547064,-14.863182462194706
822,-9.324635044776302,-14.557594861079979,-6.162101487537973,-14.920590325400617,-6.920080500216146,-14.816653133437313,-7.688950861032632,-17.363996046616005,-4.642205023743756,-10.614412495481053,-8.494343868835653,-10.021061785145529,-7.1291856638214925,-15.512474166503033,-8.935221058571122,-14.936304587915743,-7.244442913650683,-13.758006046344535,-6.318212609193043,-16.424047388628,-7.763294353706968,-13.830717486103515,-7.7510545182177495,-13.760583705952412,-7.451944990000201,-13.81248033719552,-5.981128372089967,-13.153746080804375,-5.586622243250417,-12.509485196543944,-7.580429270790279,-13.140169639673863
823,-10.543233992327533,-16.630877131423283,-7.245169266724968,-14.430531812859677,-7.669594518038382,-13.536581472989901,-7.7734589358775015,-18.274329195321556,-5.493778241996984,-12.291735073211711,-8.583983095276764,-10.260449076427003,-9.559583494516929,-14.467197277490715,-9.618509211485817,-14.284646857396515,-9.380035411060987,-15.669906066378314,-8.296793747696595,-14.967341718150225,-9.61615746754898,-15.836982532401827,-8.2886948317844,-14.471311229118466,-7.141331638809567,-15.135170908930846,-7.518555854091627,-14.854827414074954,-7.1833465002023775,-14.14864487009247,-8.571368872383768,-14.632999952654293
824,-7.846587547091003,-14.077941453517548,-6.340125303451799,-11.958793655179957,-7.69927683936749,-13.236211518713972,-7.125698567737794,-14.073156749885452,-7.0222127132247705,-13.116410533578929,-6.611318100044836,-12.45566455251238,-5.858328995219239,-10.637280564286238,-7.60658207190315,-13.981862789029094,-8.790342768356927,-13.598821366307321,-6.448013339590056,-12.200481878166405,-5.2618951620695285,-11.33981265455553,-8.338080466670682,-12.289567151077577,-10.187866465767861,-14.435729098689482,-8.769902074040706,-15.551835274769436,-10.498037928783324,-14.387276669894009,-6.91101530431515,-13.000482333288126
825,-8.51198980798317,-13.260751656017089,-5.7447526091909555,-11.579770256077566,-6.340004749089453,-12.394203701062548,-6.749803972821874,-15.730101507078007,-4.862817240043242,-12.634922981795832,-5.808685371602404,-10.487736818218705,-7.480422147954611,-13.665761630875862,-7.321792916087293,-14.158524574798086,-7.632524199653576,-14.430153511869904,-7.359911944300663,-13.898241479923437,-8.554203283130967,-13.49147484128584,-6.704989273520711,-12.24786989537224,-7.897899695231901,-14.21270355604251,-8.963703346594396,-14.038852161840321,-9.85862007029625,-16.395733346328544,-8.827881578860335,-15.247655812776062
826,-6.0386239245684425,-14.276249650076773,-8.520637723090633,-12.73838635919941,-6.969674923940681,-12.942145207133146,-8.166942744389065,-14.299244031055727,-5.590513578935873,-12.297715179273062,-6.888924988443367,-13.193781590057906,-7.706807322286946,-12.448826329706277,-9.841999809281877,-11.541558280697373,-8.145545007486227,-13.985585656921204,-7.711186749303794,-14.770857393329894,-9.536505673509895,-13.61525071667149,-9.180627306905368,-12.922470770154522,-11.243597477026185,-13.891506825068156,-9.609131102082292,-13.211846963726199,-6.572971066266049,-13.006068137288691,-8.711564279975763,-16.01576307355018
827,-9.928937762711499,-15.520599915735275,-7.762740357547964,-13.04061242265799,-8.279570774020286,-12.411342129972065,-8.15782997771887,-15.303404440960158,-6.511339869361161,-12.131377525845537,-7.453760798571168,-13.156398582689977,-9.913840432163688,-14.96200514194256,-11.233939763424432,-13.558350882734949,-8.68040162802631,-17.73891636263787,-8.495618394803342,-14.321905270878048,-9.529126818032262,-16.355737559230505,-8.579904979620888,-14.28364307330983,-10.407291564150018,-15.615169867669398,-9.931135233454926,-16.335218408183675,-9.001972790087132,-15.492208361191937,-8.540860222219056,-18.06461474459905
828,-7.122027773901028,-14.01762666878648,-7.598601634757255,-11.28846079722643,-6.316653022368666,-10.161474297120616,-8.939740280532392,-14.617303828515578,-4.628112671951225,-12.041574995698634,-6.09881533727759,-12.05406774876175,-7.6165561783811295,-12.790947230550389,-8.78609025155965,-12.204040724399,-7.381207757050082,-14.608871560850975,-7.67469607400572,-13.517365884340176,-8.89268431770442,-15.515130987115667,-8.465411948045302,-12.893503844657747,-9.993240520699176,-13.748350606784385,-8.844440657966588,-14.191129820669058,-8.186772723818345,-12.426704243795,-9.46422203993029,-16.50266949753249
829,-6.966569850955525,-12.483590840419073,-5.288265387838021,-10.773214246537856,-5.214659237943579,-8.638630971916925,-7.9150450649664625,-13.206116640155777,-7.698242727862131,-10.846743257548932,-6.0755420298285046,-12.423198537788345,-5.86916114193916,-12.135487209902177,-7.926040416340947,-10.560333538054463,-9.98472208484125,-14.392596244433765,-6.2093871470165425,-14.650917662147485,-6.97078618907417,-13.348239179654563,-7.565608946428092,-12.5344923922156,-6.952242497129115,-12.086805725315275,-10.587369544004767,-12.269738993468941,-8.86966619509106,-13.867603040367865,-5.804408621856262,-13.571064423173997
830,-6.683459029233667,-13.234517472677606,-7.336798840477975,-13.370948220031597,-5.598507162389711,-12.400390450005858,-7.429885537008532,-12.813499080520785,-7.472245414426801,-11.52885810966997,-6.146303757040438,-11.90419238316575,-5.029424688065127,-12.219748505362539,-7.144631006394362,-11.600037859639631,-7.640943470688559,-13.744447781436907,-7.068315589263744,-12.99773334768922,-5.6408740425967885,-13.338995235339961,-5.959879738432892,-11.068287352175489,-8.517140251002992,-12.778499369967445,-7.4332505896717045,-13.991417419762698,-9.175419073355314,-14.064266370101567,-7.992917032229022,-14.229563541727604
831,-7.309816207959403,-14.791870659686337,-5.070268885694515,-12.951587173007225,-5.585109886249793,-11.313809661702138,-8.72637148949276,-13.322465772491958,-5.558980507390707,-12.490278078139607,-5.049598781345333,-13.93935338394513,-6.042872532502237,-11.72649737443983,-7.2369269934537375,-14.645261044202535,-7.54517235352883,-15.578262181727535,-9.772103656146141,-13.722789908091588,-7.528037850543614,-16.594995033011134,-6.247750917230959,-13.387587212605718,-8.063282069915285,-14.09188574853593,-8.88101932622719,-14.721231775139936,-10.002198812219753,-16.167205232410144,-8.724150765762777,-13.593218681828638
832,-9.056155833241261,-14.033609473162231,-7.768932461504315,-11.820755324979883,-8.150283498466187,-12.579651540857306,-6.4197887526160535,-13.726741453146383,-5.70391840579798,-12.650938210103302,-5.991001802139111,-12.180825728816176,-5.19124451336582,-13.347245639451678,-6.290349862732722,-15.645072342379827,-9.912752458904645,-14.52272338556093,-7.99238495198665,-13.448835452123538,-6.724756604907501,-15.929800061808786,-6.514071342268837,-13.502606913394075,-8.75274388862662,-13.064752409851472,-7.2840274978144395,-13.772092479468878,-9.632540163368382,-15.452536665654613,-9.297357696916267,-15.587490063446358
833,-8.946931286349054,-14.088160965029406,-7.514726364047925,-14.965656273132817,-7.689263728951441,-11.854380128066133,-7.803134110639728,-12.637475072517638,-7.904277401386154,-12.576436006584824,-8.238796295683358,-13.716812971419978,-8.999943917110464,-12.455287352588131,-8.707763148304629,-13.089030536954553,-9.238622102339953,-14.965325802964134,-10.334851512831957,-15.600335038126406,-9.4675289043182,-14.966002097360496,-8.804082994186638,-15.283306627946194,-11.609827745188445,-17.608899144501194,-11.443509122594408,-19.34462167535314,-12.400522567202021,-18.371786422489606,-11.80735802509961,-17.941525993187174
834,-8.13614925822243,-14.181012694888507,-6.641145381131696,-11.662662229714405,-7.798052862112678,-13.210683897487963,-6.270274966400786,-13.06254730543204,-8.088310280627764,-12.024084009428005,-6.272608834222817,-13.250963209199897,-7.759186569959117,-12.992610345445797,-7.327017710507223,-14.32277708424394,-6.810127161268616,-12.379014773056419,-8.156841415981718,-13.768917761154501,-8.601411214985665,-14.193181119803013,-8.568480621695683,-12.911062152061014,-9.550970708931269,-14.163415246448473,-10.003266390669829,-15.474616995278636,-9.225539502978862,-14.618318588581378,-10.034436928136287,-15.450132733852593
835,-9.101895688410607,-13.828227549684854,-6.2458800015954345,-12.540577497242992,-6.539560783799198,-12.000874281006988,-5.775402286957912,-13.639074827908175,-8.429504707488249,-12.843318175981501,-6.135774103816713,-13.135479636259609,-6.771086498165766,-13.846608735712682,-7.175746750243917,-12.623619417095412,-7.26967226217451,-15.757667345010269,-8.214980890770367,-14.537920842507416,-10.163840406520015,-15.072815572135259,-6.811931825292863,-13.691094453499444,-8.61560849306709,-14.960537219426076,-9.995126208865038,-13.497541038106549,-8.367386416810435,-15.029720307505594,-8.893281708856794,-12.549549198320227
836,-8.870964745637373,-14.897764459814464,-7.684204195849828,-14.720008160873988,-7.341791723512133,-13.394589669207072,-7.97887423459629,-14.049798651568961,-6.574769074007014,-13.059801597402798,-7.159226336060137,-12.813602014173815,-5.452672749357247,-13.35864257617893,-6.784036002669632,-12.295621803213708,-9.22324494183375,-13.587500137406906,-8.780483973814038,-16.249577649948318,-11.852823962825262,-14.723078316209794,-6.391588322359687,-12.993320164875925,-8.277126998477582,-15.352372790145623,-10.34706114576254,-12.056772106480661,-8.850279344730398,-13.644786625688344,-10.85090145078759,-13.234730837631743
837,-10.13661439094468,-13.127039153762968,-6.634470814110525,-11.635930986107113,-6.55494614676717,-11.549678862196092,-4.2625213184797675,-12.728898915207111,-8.418027787681028,-12.74035592301921,-6.448881264469966,-13.37449618089874,-5.154806619723812,-13.051726316718925,-7.025209377477466,-14.152196254174747,-8.049898847350667,-14.742245682230974,-8.041414429578841,-13.988671801500399,-9.221998643340303,-14.201049845136849,-8.386818924601497,-13.232662749846135,-9.429012361373427,-14.601428972736416,-10.056857447832499,-15.690980422183385,-8.157500787471182,-14.10940217931828,-11.197231349695368,-14.090731554938845
838,-9.385477160524415,-14.413435923462107,-8.930524296551269,-12.129716155357906,-6.403794446326038,-12.397572030620669,-7.334087818866046,-15.029893605653463,-7.822745902521319,-12.774893489620524,-6.2640542291414025,-12.419454958930698,-7.110080076141107,-11.81936310614127,-9.196277095824852,-13.895562948737147,-7.219496451583337,-14.64054684333657,-8.879575047205087,-14.19577946728423,-8.57234803171129,-14.248689492252545,-7.8889113140273235,-14.2256466958588,-8.908185556937665,-17.306530675409387,-7.3432149563943705,-15.399993397236178,-8.444899255582953,-14.975496871730998,-10.435326967877742,-13.996614030109862
839,-9.297939743741617,-13.77578447865034,-9.348953327292373,-10.874667621266052,-8.934235201120448,-14.647028735407945,-8.702458257465107,-14.42870120458338,-6.769244820015027,-14.40218545195399,-5.887576015947936,-12.330382638047057,-8.234878724439485,-13.795215050115758,-8.567485715099101,-14.486597129225498,-9.147660377854086,-13.979875005953007,-9.394801307285498,-15.676151179234445,-8.256541097103888,-14.974864762696452,-8.082139028121937,-13.928976986861644,-8.595062511225747,-14.319131305657324,-8.900022731991701,-14.73906037516394,-8.209797930360594,-16.31750480721047,-8.082603834078547,-13.07191661204191
840,-9.247315449772914,-14.349418000485405,-7.150548828573981,-12.109826864986648,-6.482505911366868,-11.714154579202452,-7.918210997092512,-13.484682123012576,-7.023614763495973,-13.523168899961284,-6.7940203158251595,-12.09823843037183,-6.362160849161097,-13.122264358878953,-8.642306298214915,-14.09352814238231,-9.210320622702556,-14.06698170722988,-8.140128165495712,-14.392721255141064,-8.703453017505394,-14.22190564838232,-7.529231900256442,-13.063426940230976,-10.204468736111869,-15.220170528806127,-8.563545990312305,-15.328096353848107,-10.466938791444782,-13.921162769706893,-8.343865654450973,-16.25415680608539
841,-9.19631148639314,-13.912568186458703,-7.217918435166407,-12.381137248885171,-6.281707511831583,-11.677863419711967,-8.669762152523791,-14.121162535599856,-7.046566412652561,-14.68345566370556,-5.032623418860488,-12.046955975040527,-8.629382984316791,-14.813398392060273,-9.238831779785711,-15.192854627575267,-8.19248353918101,-16.776921748093688,-7.701140579633538,-15.900314820943942,-9.7789750789568,-14.842496547258936,-7.110827028837191,-11.650089453078657,-10.135869581414887,-16.455439122110718,-7.413332256497984,-15.318646952792417,-10.671072041314991,-18.8291622023369,-11.02310579623692,-18.14617111303236
842,-7.085825817738364,-13.845566260372891,-5.362330001719472,-9.574127597883487,-6.202306040010743,-12.006159831191102,-6.852459537823027,-12.53073868246039,-4.814130396413017,-10.863467076861056,-5.861866130914857,-11.35204529637315,-8.33655599879238,-10.877069477220951,-7.579438633889114,-12.661845737836552,-7.863782650919977,-12.311174072729374,-7.807261851772898,-13.694140040863015,-9.441793664983983,-12.280388589232489,-6.314818436850884,-10.630887319615013,-8.484822610010891,-11.536155276096679,-8.223629175639191,-12.999315575046747,-10.497708795959444,-14.803786659267784,-10.12256320716502,-16.68958947073754
843,-7.331194199422091,-14.468712913286526,-4.974048841709667,-11.598762888821454,-6.590426946802934,-11.770026532523914,-7.517762662223052,-13.019714494187324,-4.564925672187688,-11.319773384453189,-8.17629687512645,-14.043825823673348,-6.431748458088663,-11.962983265937453,-7.9945421849007445,-13.131739261537,-7.397663186490037,-12.756990232658673,-7.106914656416833,-13.437346273047197,-9.019368761333293,-11.625894638120968,-7.105982824775622,-12.195972592012145,-9.36776863896687,-10.546576043435685,-6.664407156508933,-11.740860690305087,-9.258152875649131,-14.548367315078144,-9.4559444927363,-15.069682296293559
844,-11.235835957409572,-17.362750837227605,-7.622654035676853,-14.01021928772973,-7.306691419968625,-13.394479610971041,-8.629303422373711,-14.97988035549289,-7.756301590630713,-13.19106604914574,-9.236723789020155,-15.124600529670841,-8.623986292331136,-15.520491862502405,-9.723110678293734,-15.611240556222054,-9.0685133418666,-15.97535871213008,-8.626696764149797,-14.483273837815142,-8.587521250399051,-15.642384213365991,-7.312461411282909,-13.281346946496805,-7.9945873325117836,-15.839604551327337,-7.538086715061278,-14.724462100499151,-7.214874131610042,-13.29590262121437,-7.587272144579503,-15.244047000344574
845,-10.620489302966277,-18.943670252787918,-10.026430626136172,-16.098408147669645,-9.453908225511384,-15.586591497474506,-9.849528448201813,-17.699646999345774,-5.253590247008411,-15.057010747417399,-8.005535330155011,-13.393308249480196,-9.196649732478694,-13.34663030354351,-9.806874737919857,-16.20667483747016,-9.936948025339937,-17.093204930194478,-6.7948681018645205,-14.796204516354736,-10.007094326412913,-16.271443049138725,-7.290589147803015,-13.917511873065196,-7.951956579358669,-14.621201543841433,-7.44850677844944,-13.814286043857313,-9.09323568542027,-14.583980058319979,-9.068249607063906,-15.95608548932729
846,-9.055446480699354,-16.373757549423242,-8.848883710828051,-16.456760642757423,-8.215117425611691,-15.115576488899285,-8.703959664440772,-14.191767920032714,-5.164067158604448,-14.049509576787036,-10.097063003067534,-16.50701108365785,-9.228175989735158,-15.713652507710627,-9.988559500621111,-18.377287571834987,-11.134316184252537,-19.4996300489136,-8.769135203951214,-16.249952936066883,-10.775646395512473,-17.721768217337672,-6.166657920735138,-13.89438215478447,-7.38242543296121,-15.78601137564342,-6.76979394637761,-14.283958933196912,-5.2998815313210415,-14.750899064322816,-5.6667421028578735,-13.527911075697439
847,-9.243674067412993,-15.070146460226663,-6.5433690834947775,-13.925775226319164,-6.95478867065021,-11.910684756809179,-7.826320109448578,-12.886158522180866,-6.154864120845244,-12.808619896771118,-7.15710568569405,-13.590363597657689,-6.735852395166119,-12.80905138982778,-7.484791729427681,-15.71613092338923,-9.882285554730931,-15.086830010371791,-8.565340017268003,-14.898782118136165,-7.242766119962633,-13.441758531211656,-5.773898678312404,-12.704057754549105,-9.483273090880907,-15.279811152415846,-5.845222555083129,-13.359280439014817,-6.123427484255062,-14.631352043202487,-6.8790792624407615,-15.254957004637523
848,-9.215159898434944,-18.457508078280714,-5.7136223022325705,-13.51165914461673,-5.457793247845471,-13.698516518335428,-7.327325840120514,-16.0687656569501,-3.837674851830215,-12.965870302811487,-8.707948534581,-15.464134588210207,-9.23665407681564,-15.053925748911432,-9.015026343231682,-16.653285619519856,-9.586319648890282,-16.97197324950728,-8.161381430494508,-16.279493081924027,-8.771338769323837,-16.85262482464589,-4.961065103839323,-12.20451290186082,-6.65430523886311,-14.248619737741192,-5.348606142511003,-13.844161109822082,-4.957421072376275,-13.873224666913956,-4.025697660817594,-13.03800908520866
849,-10.967686590923847,-17.592851758375616,-8.763183030095357,-17.043339545419546,-8.543142162569344,-16.502187657024393,-9.487299553489303,-16.46943787300817,-5.812057181389879,-13.66475350678813,-9.864485354324284,-16.041829913626906,-8.477862460420464,-15.57535805962476,-8.635460788908887,-15.95586389626684,-8.771368842411272,-16.157516764390998,-6.078101270471223,-14.394884513752437,-6.786703791093619,-14.664397213829838,-5.157405592175271,-12.106235664785954,-4.223910055140511,-11.912528568867696,-4.374516483880147,-12.133736699158067,-3.9835993307037225,-12.731039243733687,-3.4239038065382887,-11.536916345857499
850,-6.7174845137160055,-15.270626568461484,-7.436477731744363,-14.437555086818389,-6.325453274978006,-12.1901987915909,-8.268027648661768,-13.670027289405894,-8.622515275485398,-13.305592061052497,-6.658708676729245,-13.734168709181795,-7.590630215549488,-12.89576288952736,-7.888704127221673,-13.443261027066375,-9.556886544188258,-13.015007953186753,-6.170521739245187,-11.570794698314836,-8.922184161567602,-13.411273322690487,-5.1810068456236404,-11.901616581335016,-8.083718713741328,-14.992933154381964,-8.70838056017297,-13.196018285055453,-7.719086263723508,-16.11980436346522,-9.23878484553647,-17.459881779206526
851,-9.726747065364632,-16.995379054991723,-9.38824383395199,-14.8805848013152,-8.728680935801314,-14.773681681075772,-9.905723688136014,-14.10086135992357,-6.6116481553876145,-13.86487348803237,-5.544077021285332,-15.529450408678652,-8.321335275399617,-15.581705535487124,-9.420363099708128,-16.64672961204544,-8.993857857331278,-17.75317630050125,-8.035406503461884,-15.519825937089095,-8.065924899338196,-14.975763138086899,-6.006768616509167,-13.17929514285362,-6.149567065548456,-15.41683626031794,-7.567182973079925,-13.636154024284053,-7.376438008193751,-14.06205174566596,-7.961871379746096,-15.664136430249274
852,-11.622668519733455,-17.940734416998147,-10.26197106563382,-14.87216139031755,-8.180754358571946,-15.940015185552683,-9.878782092656342,-14.858504607133288,-6.134040139522023,-13.480453011131864,-6.330199364183592,-16.57875626611925,-9.393969505980227,-15.252169664534021,-9.955235420060545,-18.007129439849614,-9.472234782081067,-17.813742963901152,-9.95410158897534,-15.660781743511578,-10.077315893936587,-15.5651388450501,-5.078208570429766,-13.667238230529474,-6.757714509934846,-15.077563306243903,-6.321087179134737,-14.556763083298073,-6.964823249215347,-15.421765368920422,-9.32232802636938,-17.362859193838048
853,-11.253852436875915,-15.479330556997493,-9.936319976397646,-12.222678130906635,-6.002613449720733,-13.045608883833747,-6.899539237407295,-14.52981900722294,-6.581798958257777,-13.08287025101601,-6.556675451324895,-13.448914511049034,-7.712880689002429,-13.408492319881757,-9.114227554591928,-16.91944383514608,-7.937418645224891,-15.451466496145095,-7.195702211219817,-16.23180606100975,-9.410756703235899,-14.771867299166878,-7.119151593934999,-14.012391218509368,-9.627565616287345,-13.789989711558984,-7.237488630272555,-14.716926014685829,-5.75869509399616,-16.80429549881225,-7.8813589040304635,-14.993349691074904
854,-11.133152287563302,-17.877565137540515,-8.281027811649057,-12.81862443224398,-8.6844886454584,-14.693358003875868,-8.19652806398901,-14.515513165844464,-5.649918545315656,-12.827155825097954,-7.145785122430267,-14.622238554910929,-9.029164182101363,-15.183510387116073,-9.22049525917924,-15.336717293517733,-9.772375278162082,-15.146786811386638,-8.155162067955983,-15.151001988092947,-8.787239851902966,-13.224617092937265,-7.860062431045815,-12.482539306215406,-7.647496060240252,-14.874755132102642,-6.106157098458928,-14.568787844332407,-9.245642746010155,-15.399276497776066,-8.20009558929679,-16.101032684765503
855,-10.351711887257352,-16.267492174253423,-5.432696426865742,-11.71340069899432,-8.517441859991004,-11.933481362543123,-9.63643789730168,-11.057278639416943,-7.731488221740066,-12.781662577070572,-6.6089405497949745,-12.760420089913552,-10.404519450285461,-14.09374918762191,-10.173832801248393,-15.133087136366184,-10.177085079959012,-14.771120571040765,-9.432332544930084,-15.209674669974884,-9.458708907055858,-13.61076929659184,-5.911796418926064,-12.771667599195592,-6.529087419148103,-12.655450790024966,-9.377034476867474,-14.792562500250735,-10.68030407320843,-13.551167556304067,-9.022768624263604,-16.5133909969965
856,-8.300997124598089,-16.319839699841804,-6.422400715205896,-10.85936464163028,-8.31553400193408,-10.697780526127982,-6.731202719922012,-11.276619913562243,-8.902534163841677,-12.306039438198626,-8.233365482010523,-12.569748579766998,-9.375972481375301,-12.956204494065398,-9.781486757436321,-13.204538631408361,-8.30707788034239,-14.252485555485737,-7.149694875844105,-15.762644151006956,-8.42543928949815,-12.854811461343784,-7.221825342386263,-11.37991451905214,-6.927902620848889,-15.196645570410814,-7.9418203072535345,-14.783633518659094,-10.232368817076376,-14.831834019754064,-9.587446408273898,-16.634695649040967
857,-10.123467408409594,-16.18149101127107,-8.958446477342743,-16.0089122228012,-9.356962687639944,-13.461522742240108,-7.625724460136735,-15.088576546993819,-6.9042139486679455,-14.544812786129558,-7.5248148190676325,-12.724980257040768,-7.629847487879253,-12.527555753695994,-6.507416436634264,-13.538314328351737,-6.947299524675414,-13.71839030373894,-7.435672454833386,-12.162105414949764,-7.229458420625835,-13.102301956135827,-5.468745482320929,-13.82708536027585,-8.542031775751383,-13.43021354921424,-7.277621655969374,-15.058397111016102,-8.226455593583768,-14.134179002339177,-10.886565396608006,-15.200104191330063
858,-8.782208398299156,-14.663921182303843,-7.146090301510175,-11.32153835672514,-6.163911836111678,-10.60478438493174,-7.383052755832534,-15.818837066282402,-7.397839196976847,-13.52053178821551,-8.182372300964323,-9.945789667135546,-7.11308109119539,-9.863891200382568,-7.699070209396902,-14.322632298136867,-8.550138836184166,-12.355732911982964,-9.371708254805768,-12.971411800255659,-5.1267698138785,-13.226807439142675,-5.186715499348054,-12.845645535413343,-8.922873725149055,-15.461952407494444,-7.967397429242481,-15.704471772295221,-6.113475137548621,-16.051994706858157,-9.107111338933066,-16.302520612305745
859,-9.04179301578092,-13.829143248198184,-6.766607465140155,-11.03610014952547,-6.613554936081989,-12.556059231276285,-8.789051278847184,-13.269393276557697,-7.224546694079858,-13.875938251100717,-6.927805198069649,-12.904690245249332,-7.066638259230375,-12.751279808308347,-7.738389721905192,-14.202552131172075,-9.12529747807071,-13.386098930489073,-6.608027928287809,-13.695882784343995,-7.314949824650069,-13.450648669532514,-6.752567694109746,-13.535457829925285,-8.553685934366843,-14.084699828689512,-8.438223323835768,-14.590398023507571,-8.304559794672777,-16.339303093591532,-8.761750383774988,-14.596634287931249
860,-8.253609820561502,-12.258076226202562,-5.442347785686804,-11.980550033718567,-7.847555600140952,-12.267782775198397,-9.624754389650294,-11.939816477820635,-3.7186073231330297,-13.614320189930005,-6.840997723325075,-12.710702241546008,-5.7834919525562265,-12.818074306936257,-6.298344339846081,-11.640026290363611,-4.9743545231971895,-13.635053690223005,-8.630940884854581,-13.248878908177913,-9.483350357710487,-12.073694983072933,-7.608150148991585,-13.589991080235366,-7.839920030430183,-14.539105261782328,-7.669301385067877,-12.745718613519596,-7.828104639800914,-15.059177813836646,-8.91800650134234,-13.05306052053378
861,-6.815705693100329,-12.67371190554395,-4.250787646481359,-11.673907723670016,-5.448559146931107,-10.64337128168923,-5.9884267438646175,-12.359791867572465,-5.565909968531101,-12.125272624523152,-7.6336146875509066,-12.209433459874905,-6.51672645747598,-9.94957242800077,-7.662939737580057,-10.286017056772582,-6.122018510524262,-12.230705498644397,-5.845580858212652,-12.942763155136763,-7.063139724980995,-12.61589126997437,-6.5296949336106245,-11.426232087866326,-5.92499600414088,-11.634081084360663,-8.132749578380102,-12.979689429456432,-7.497868868005888,-11.79154465430507,-8.277587847449503,-14.714583424202711
862,-8.951332715960266,-15.381527689112083,-7.847474373099096,-12.374404720507977,-5.331486341948899,-12.27694719356406,-7.662806974800487,-13.799059199489133,-7.907281340741093,-14.17968117040883,-7.813434413759231,-13.42526713138588,-8.74118481289069,-14.944357621263984,-8.781143167593635,-15.446716076540152,-8.381383087034227,-12.401711197235382,-8.914490496289586,-12.618464460242285,-8.476660785727637,-13.334964692838398,-7.444798532237407,-11.772810392694442,-9.799901617378545,-15.089183189467308,-7.86604607185713,-16.433392176698064,-9.447441876901443,-15.16135720750488,-7.821304364252066,-14.109395979835286
863,-7.979607489024946,-15.257257264382458,-8.56817726010819,-12.973718714681548,-4.705842261069832,-11.559569395170385,-7.7568806372118555,-13.07559043608703,-6.524869183095286,-15.00675265741295,-6.713475814990741,-12.936480763407555,-7.877278851652562,-14.113168376749503,-9.233967798109347,-15.0169164977507,-7.9289756598566585,-11.635512032979351,-9.317683781980948,-12.345649759364258,-9.572010126963015,-15.034527081119109,-6.857554331004291,-11.017544990544941,-7.877004769996374,-13.499250964045334,-7.143953725350908,-16.126155013205445,-8.677021364232564,-14.187731949262176,-7.862245637634752,-11.887964925086976
864,-9.816955495161551,-15.21387004557673,-7.333453146863416,-14.235918104334012,-6.916358024302617,-12.82995200056611,-7.814780723057572,-13.126629948389647,-6.644008086162836,-14.04924622777541,-7.83606049096289,-14.853070460397092,-7.985478757025648,-13.912094536482869,-9.993225425615805,-14.711886402811379,-9.92136823851641,-15.713836551643666,-8.558796734308864,-15.15948209014223,-8.22125113414428,-16.699113632895433,-7.469392889404199,-14.01176481158428,-9.276077287910113,-16.610502724451074,-8.43820581460806,-14.435218123613424,-8.280561622130614,-15.304550994674617,-9.884828834586736,-12.883059342059868
865,-9.90204003021626,-13.913850701442104,-8.74674194297267,-12.999804624040772,-7.287433994892565,-11.441018242572822,-10.03334436051425,-15.584421560254018,-7.867797839132669,-13.332133838700047,-5.108537158343882,-13.381692711008402,-6.104917194835711,-10.716739890563217,-9.654222382677712,-14.674515397479539,-10.445213445884216,-15.877787383539083,-7.039379116213972,-15.850499413300996,-9.41602989616269,-17.695614630386924,-9.33848046835293,-14.767236154664973,-9.845056034136576,-15.014687677782192,-10.003106195895056,-15.42584120744834,-10.160377626783552,-13.002291249114721,-8.800861719955918,-15.471842297644328
866,-9.166652983675975,-12.108485650280194,-5.549605875914527,-11.805498218544974,-6.266200193026142,-12.48168060704993,-8.521111155726203,-14.943198164463201,-7.90460011978224,-10.99948769889042,-6.640928157717595,-14.14789082925637,-6.122500659439334,-11.678930658873627,-6.867652774910744,-14.484491046864642,-7.138151902942726,-12.258776831920224,-7.856178325136521,-14.652960740800554,-8.456461627764217,-15.224616447300015,-6.2679024701215456,-12.373998952690968,-6.8975139574054385,-14.148504293463573,-8.472949065658188,-13.245524206481425,-8.265897407812819,-13.412967722861719,-8.510748459984566,-14.422762040245606
867,-9.432313791883697,-13.750764295582991,-5.790927499842909,-12.439557084581121,-7.83922074946319,-11.87174619142028,-8.52796221765622,-13.412721653739384,-8.810625057287439,-12.880511961248173,-7.197083637949634,-12.612530012395442,-8.589801916319786,-13.72364063717609,-7.485302942359278,-16.074117072725866,-9.322530843175636,-15.286201825051847,-8.193078806906556,-14.217267969585398,-9.262356765739835,-13.62475753076197,-8.768967579438627,-13.689107573003643,-8.540399138117131,-14.696717006863205,-10.128439025580926,-15.652346827645747,-8.54348176618479,-16.273878386097383,-11.617776557965879,-15.450575397115383
868,-7.725884862763827,-14.272316466721247,-7.272770013708332,-13.473361407099517,-5.700478616791855,-12.353697833692703,-8.190469889952926,-13.202160042313679,-7.104925691323451,-13.220097772990712,-7.020653697028862,-12.983584073103597,-7.010144254955357,-13.04588265979685,-7.09776569924974,-13.971543194961964,-8.143181272561552,-12.87259659158982,-8.483172605069054,-12.851020778064171,-9.097529947258607,-13.310412395940087,-5.806778967953043,-12.400311864975805,-10.01423635532297,-15.996972014656665,-8.53232875891983,-15.34288908726615,-10.72686742203275,-18.544334983510748,-10.743564890842872,-15.962081428047645
869,-8.874397761728238,-13.777881940123276,-7.143146288930035,-13.451227699221427,-5.34038335833444,-13.25599833504949,-9.91551212568267,-14.27788709318305,-8.461500918222534,-13.105392018789638,-7.236075254008848,-14.217773967310706,-7.883996579486107,-13.251681867178098,-5.8095517937735455,-14.439343175819046,-7.915557198935215,-11.788400591848774,-8.173453866842701,-13.221215361508431,-7.626447023662996,-14.815205426591698,-7.108146143604439,-12.502035522843167,-10.614352441922875,-13.285437269994409,-7.970484019985928,-11.755538714162356,-9.980723414013994,-16.56402548634368,-8.8246476069735,-12.693558271935698
870,-7.515308540417091,-14.734689912116817,-5.8782097403468425,-12.249354282446223,-5.860839624292433,-12.199140277434736,-6.429919476633778,-12.586131905775622,-7.153675480805699,-11.639457905880036,-6.375083790327535,-12.350903827440385,-6.786549079021337,-12.613246047394004,-7.001739885673167,-12.968487850529144,-8.16502753032257,-12.869213015297444,-7.881542517884967,-13.954077340341524,-8.932130447062008,-14.880218451640202,-7.123694897030484,-12.075191076467204,-8.217875590155465,-14.249900893680834,-6.751170880333971,-13.69174199579952,-8.010141281407249,-14.746434722082926,-7.357193932762391,-14.06227410776183
871,-10.266461480583573,-14.273590480183385,-8.87332460118919,-14.058508046087168,-8.349906418624567,-12.120053251516563,-6.30918871509743,-14.528921980225915,-7.38594835675838,-14.848457044382563,-5.871063414185668,-14.633602392477234,-6.1710402871762495,-12.9590422886311,-9.75683899078625,-14.881597256182069,-9.67891161258607,-14.566999056264272,-9.083935420228578,-15.303219016193967,-10.545348895219712,-16.16866696253942,-7.432014465910392,-13.940569969389161,-9.136466183711464,-15.545418528356578,-7.920733263277448,-14.958210364907835,-8.980092134771262,-14.758736666043887,-10.702481253439675,-16.528065717171547
872,-9.8517876908066,-16.225111393162802,-8.723836930810096,-14.010525597253231,-7.252452174071663,-13.50395627559215,-6.2656454399342945,-12.280193056643856,-7.801643191914933,-13.496870971231003,-6.041582646467422,-12.0802216698025,-9.170091032908937,-14.379020398609628,-7.966116565787306,-14.154247461267682,-11.375197764448522,-16.960505440798965,-8.168553329836344,-15.075652668727228,-10.436173797004898,-14.254919167383111,-5.638071263927348,-14.045020160967574,-11.098876162631086,-16.075532737254182,-9.728043175167244,-16.366506314988957,-9.252582100687587,-15.841122121812257,-10.568843393093498,-17.07090256117229
873,-7.0405109280023925,-15.267063558802494,-7.348968789651766,-14.307608707757728,-6.153496302578479,-11.0767745926314,-6.183614006347712,-13.063247622078087,-6.313163540561577,-12.770015121174547,-5.305449102243424,-12.20053102275094,-6.423150355594273,-13.3125555877751,-6.718319549195603,-13.450634870134703,-8.08351826249598,-15.930065905248343,-6.96592714997869,-14.213884911388375,-7.024558291433349,-12.995626555146316,-5.456260021197991,-12.723253212715598,-9.80891353272984,-15.032393323847844,-8.816844096307697,-15.118835790626854,-8.044588248853135,-16.205478910656854,-8.74483866279736,-17.939932396817255
874,-6.67656976160348,-12.793705205786791,-5.884322469104082,-12.461981124631308,-4.711697024003543,-12.579697032118805,-9.379663614180739,-15.220343133816653,-4.964998879123608,-12.74834313994426,-6.3245092068068365,-12.989558944130028,-7.10868447026639,-12.945426939784078,-7.695962445390898,-13.01890945683324,-9.484043872053853,-17.5740661527584,-9.259764240955224,-17.61076161472761,-8.844416444138485,-16.3440732866488,-5.703487409638548,-13.482425101265562,-7.9925794097860425,-17.06819662322829,-7.868747731184821,-18.02784817300552,-6.117518360250998,-14.399890611689628,-5.64882281201228,-12.803918397811724
875,-9.498841610019996,-14.150800616215435,-5.61699939936706,-12.635337493245974,-5.543592734890312,-13.195075136732958,-8.263278770614562,-12.302794410877354,-6.520736204332451,-13.898345774237201,-2.6608488907050356,-14.336352350701562,-6.398408287411995,-12.321526516309099,-7.105348640589101,-14.63044882368962,-5.736619798011993,-16.19468878791902,-8.09554916996419,-15.168807287136223,-3.9557667215067815,-12.625157669974072,-6.491864153014256,-11.739266078827475,-9.830447324276339,-16.092889027284247,-9.23399830647282,-14.888667717879818,-8.131575248351142,-15.202021212176444,-8.201845065322985,-15.312134962168296
876,-10.08999551461056,-16.605301783126425,-9.793656634042598,-14.684244157288235,-6.723950400867876,-14.474011279499006,-7.8697256006017025,-15.673365948407376,-5.66581499377476,-13.172848551307297,-7.196712701193542,-14.183631423667958,-6.623289398882681,-15.96424826440391,-10.113545422600366,-16.731690314996044,-8.273593890985108,-17.327916087951355,-9.793984400465561,-14.750246142249711,-8.674827002871954,-16.791842526117478,-5.6010118547571714,-13.889181985019219,-8.212244550653118,-14.647407664207464,-8.794642896487655,-16.83752825732691,-9.065556701534938,-15.354355448093497,-9.792437207719708,-13.368669600480032
877,-8.757374183364298,-14.77837268610267,-6.413404323096516,-14.162837955778597,-4.70336075968288,-13.24652442027704,-9.080040669748662,-14.612814336829663,-7.68352301466916,-12.898388984421818,-6.571440782791562,-12.962828197260077,-5.86426949633587,-13.13996836327592,-6.873305296334432,-14.05920969957274,-6.72530038462165,-12.586923469306555,-6.331473230115766,-11.222171279248174,-8.707525318328566,-12.197996562545416,-6.8260818347795045,-12.609856979375255,-8.376703530315044,-12.607532881086073,-7.195328476531156,-12.584873939031402,-8.897856238699987,-13.333545705267182,-9.765735303286172,-14.76735914941472
878,-9.364060148384105,-15.159405251881957,-6.008705069547744,-11.288527795560197,-6.131847571398864,-11.201727508625769,-7.800115842479882,-12.640069257305043,-7.532211784909481,-12.826498379494813,-6.316542835251749,-14.112873171592222,-5.947342337044468,-13.34016182163203,-7.060579051418908,-13.323048791806762,-8.815125462873691,-15.712747301928179,-7.144858452028966,-14.57869370236397,-9.448489030512047,-13.733235659547702,-5.82191226933382,-14.306896146885244,-8.024268683798704,-13.64477339023351,-8.031764434012365,-14.25497798989429,-10.367934211214385,-13.805288932652003,-9.108105786404604,-13.296767095485505
879,-8.143673167511869,-14.081836071764736,-7.167043295544891,-13.15429085749302,-6.979505523532278,-12.902627551531268,-7.276222993687577,-10.666278547201362,-8.031456732874911,-12.800729891750693,-5.3086012715541635,-14.189670142050659,-6.957838606691579,-13.829602969859003,-9.325562739058448,-13.452757336987771,-8.854011458198064,-13.086621331741316,-6.3177231764938115,-13.312357123546509,-8.049032763391317,-13.318784928012274,-7.625118489462191,-14.92878295411189,-9.018089806994707,-12.990644205862022,-6.932883765463462,-14.969526692579935,-8.5017344580953,-14.927860421856419,-7.702059485542653,-13.060008372220292
880,-9.71084826992042,-13.765673396577025,-5.893880737629541,-12.060280215111039,-8.165644345644312,-10.933912999573547,-8.558954186071748,-15.315264434559609,-5.06171898469821,-13.712062273151808,-4.4374758101503025,-13.24074471833618,-6.40729819594522,-12.59278337048433,-9.50348136924819,-13.125612134480914,-8.61646420591229,-13.25852009105265,-8.136345608417251,-13.704389332137675,-9.31441548250201,-16.204758137106193,-5.820212818708743,-13.038253059941724,-8.274801329996667,-16.387533065211958,-9.623099172330491,-14.205229652654959,-9.002290978169784,-15.753764820800441,-9.80816150233421,-14.401769920525506
881,-8.719508054570452,-16.860863659629896,-7.454793034973058,-12.618927588230376,-7.585448671982463,-13.799132315419548,-11.953660181056811,-17.882515950439615,-7.739186622825624,-16.685212384342808,-6.808944947849307,-12.9730015051574,-5.863050886067725,-14.369698620286702,-7.75114379366431,-12.849080962323594,-8.322011541235735,-14.465783421613132,-6.537423821488386,-11.348204748841733,-10.499227651694778,-16.93853906387642,-9.263162610340961,-15.163918323436098,-9.345738980948779,-17.422870521354046,-12.488422528716029,-15.281025030907522,-12.507564897586004,-17.22358490463784,-8.472726968305032,-15.208876981732454
882,-9.41054262803097,-14.341882820839647,-9.615548765056753,-14.709789578385612,-7.2445808373871365,-14.68639504114063,-8.766014837197392,-14.856960538055738,-6.127627928323434,-13.998065518909225,-7.612137039475465,-13.151931348354513,-7.939070474104087,-13.82018949092908,-8.873866623715946,-13.777485628991785,-7.996481279611299,-12.069927677999043,-9.71766297522657,-13.339095302593336,-8.215375099032629,-14.21329899787784,-6.681997587950353,-13.589118591467953,-9.879128094230747,-14.541073960335247,-9.471851701190989,-13.307172941912892,-7.976954894941905,-14.91453284461519,-9.4523883349235,-15.041791489317175
883,-9.340345148217606,-14.701689409504429,-7.385364288849308,-12.957517697079995,-6.699661716608455,-13.155453664129983,-6.992460588387381,-13.323355667688384,-7.123958404574436,-12.857741399122498,-6.812069572141413,-11.503684956391933,-6.196629386446322,-13.13495066679649,-8.739630441712883,-15.495519457286997,-8.055189368915167,-13.115330068040084,-7.590256612822585,-14.754652008756594,-6.90449527251441,-13.799388912180166,-8.266553836239538,-13.39852429495001,-8.566700253473758,-14.663443735550514,-8.4817420581671,-14.421696068471714,-8.189683242530315,-16.12048309899104,-8.357537839763209,-12.901420702487222
884,-8.188302137625442,-15.146098691743632,-8.663985108742061,-12.531882835056658,-6.611580810110081,-13.879517834024938,-8.633757651933081,-13.212571951304902,-8.700885028157309,-13.850069269610596,-8.407085153180795,-13.534532409608872,-7.009254262684886,-12.471578215889947,-9.610234367475174,-15.144237794340043,-10.934799052535325,-14.183643142164495,-7.885999151658379,-15.012274829130094,-8.403525880006049,-13.43029464179833,-6.185593447906652,-13.602131486256217,-9.32751521028564,-16.04583363487944,-8.05770411288165,-17.14631494978867,-8.000646858799259,-13.193105542396378,-8.116778866801571,-14.727612499270188
885,-9.679094436557094,-16.812691632069058,-8.238273773989523,-12.37064045888869,-7.448029530587606,-12.210149346492635,-7.636987081107531,-14.215354491596905,-5.630027079482981,-14.271578754391905,-4.066608090912133,-16.66324221562785,-7.920626582631266,-17.097917999256268,-8.401726214754081,-17.90196075341274,-10.006298819342023,-18.527708580740228,-5.977032742493719,-16.171156154708086,-7.912435152838477,-16.344574539364483,-5.863086090407583,-13.883515447698274,-6.685927245282808,-13.524601144307214,-5.415359006313224,-13.73285686500504,-6.958609787709591,-14.307218161937218,-7.178686611866382,-14.163979984617178
886,-8.349728612637383,-13.529588838099887,-8.47758728587689,-14.676331995682038,-5.911442353814635,-11.302337866120759,-6.710078838466948,-11.983236382706696,-8.212153025913274,-14.32074265316123,-7.146884550008204,-12.673593088891252,-5.723088374474733,-13.76880076558229,-7.831238137100888,-16.235853197406236,-8.988623704636886,-17.17140841685882,-5.258255309929341,-14.542519907091386,-7.783024362066813,-15.569279874285986,-5.691177378138747,-12.869651422874488,-8.229124190194918,-15.930754702781964,-7.976326912191878,-14.978345023632178,-7.53157485452669,-14.540462418911314,-7.816963488555759,-15.141884322292217
887,-9.045369087165202,-16.00376976190182,-7.56197737179464,-13.198640954925791,-7.50135299580084,-13.321251562088833,-6.243052793243638,-11.440488727218487,-6.510204252954008,-13.764668840412547,-6.495763848205791,-12.857185257143914,-7.705661822143908,-12.770519751644425,-8.041788350619845,-13.747245092263201,-10.390370127600645,-17.283198064702464,-8.64119551254212,-14.507097681638186,-9.187593956863642,-13.292672502218096,-9.39521072912892,-14.083759397474738,-6.494331024832225,-14.237833722231414,-6.4253847946482265,-14.262410749061928,-7.524602030801466,-13.040792526840148,-4.090731620151298,-13.144013397885105
888,-10.176342127671937,-16.99587124487994,-7.264648418126061,-13.247027557535539,-6.776195432442025,-11.962373708346703,-7.303136991420524,-13.79883784510131,-4.6073831933174665,-11.589512211121754,-5.652959856135043,-13.274951718932872,-5.468686059681156,-13.340302802949155,-8.265943776407155,-17.243275866470377,-8.940622301261245,-16.72426025973552,-8.644714897424352,-17.271816881801513,-5.550658325642443,-14.703789394923266,-6.061704391655722,-15.172069369720697,-7.63478489425621,-14.8370187285064,-7.266055016868705,-13.255831918258622,-6.124708310856319,-15.469075741379438,-7.438736088212412,-15.956090768004543
889,-9.643353223127141,-18.77187467052178,-6.406328079980661,-13.91538823353587,-7.949235833382603,-12.240541512398941,-7.109263508252338,-14.541385031286369,-5.935971402194755,-14.207184390259751,-5.834262681347774,-14.75533617855062,-6.7779506837637,-14.455855458045857,-9.619319651500229,-14.888294984230672,-7.688078052281203,-15.540758521859821,-8.719103895982972,-14.961510520548387,-9.340448197786156,-14.616744090600092,-6.017496037141198,-14.48761597606801,-9.10365167551926,-15.686724187994779,-7.369670910529129,-15.721875851597096,-8.997634995117863,-16.110278653932557,-9.712691861561055,-16.364961654029994
890,-10.434075665150973,-16.448324419049662,-9.003279178159644,-11.966638570560246,-7.460235591245276,-12.399288600837338,-8.688391985902093,-12.378713926819751,-5.63906762934184,-12.422910015396212,-6.011943432585775,-13.386031525352537,-5.212181973193477,-13.884314201452895,-8.182289676761483,-16.254606764231227,-9.097591164297235,-12.893642313573919,-7.152530479645334,-12.518635286260798,-7.149574732955452,-14.356311350662692,-6.17700818104328,-11.592888680087675,-9.119859808028009,-13.444382241315466,-6.9572608958914,-12.995048831385551,-7.497839986293022,-14.540084483317404,-6.120301707100926,-15.754215410804393
891,-10.150489944382539,-16.145478097838595,-7.447818995722839,-12.51535107431874,-6.145778003899674,-12.719025886269668,-6.517172656405781,-12.513160342507597,-5.169710029559282,-13.432636035699758,-6.61904869573592,-15.40144404942392,-7.307671699665229,-13.993540918399717,-9.703184287540239,-14.731519132458846,-10.424494279156027,-13.256293838843906,-8.979974312486593,-14.345985029355893,-7.397866418815788,-14.017695307975512,-6.92781379691781,-15.202093530830329,-7.425256610644386,-15.940472323909452,-5.473247518435199,-13.37198501542109,-6.326878129471886,-14.101003880780778,-6.853936278032445,-14.98915123319156
892,-9.024814002453924,-17.940613378285867,-9.212932032924861,-14.584065733070954,-9.090897329137373,-14.359133618374887,-11.389231584196907,-16.212755931194437,-7.6186247821842645,-13.900152247535564,-8.46060194660403,-14.709216995552596,-7.716805124561866,-14.744130000399833,-10.52944291710256,-17.79133601843805,-10.029810465493172,-16.22236138638832,-6.852420818273615,-17.374871562888256,-8.89647120409405,-13.914935876821794,-6.13543423153417,-12.648870888295535,-10.257260946687785,-14.084171339272162,-8.507581894657989,-12.905873129334253,-10.540891739393361,-14.79014541459674,-7.687043211142141,-15.501440328182536
893,-10.269850339662023,-15.38028088056097,-8.83162477927468,-13.465921779366143,-8.322901609546653,-13.023606728565046,-9.292957407866249,-13.687519695573354,-7.948857586059711,-12.955750781039988,-5.549806790207227,-14.706788029560983,-8.270046250034161,-16.746501071218102,-7.013199436622819,-15.237843966930171,-8.248693133318504,-16.605261742642654,-7.13095108785129,-16.337456775467103,-9.094163338556541,-13.06732125662612,-7.082394407472828,-11.616471773856716,-8.947874680518037,-16.20996499463991,-10.407091993533665,-15.12889493633909,-7.851471841281209,-16.511338415407423,-7.167062572819935,-15.702825138806606
894,-5.754602799276337,-16.902252107245776,-6.722965948110884,-15.1761532968016,-7.9235282534501525,-14.80163905324333,-8.48994682878029,-14.580006046280378,-4.386852972007628,-12.63031032508103,-8.392463892477583,-14.753266451367573,-9.068802501643464,-14.020037218598436,-8.169581358367022,-13.69872707551412,-7.299106124447202,-15.428728607856282,-6.325784723675642,-15.082792129582192,-9.315231944018983,-14.482111398656164,-8.275700714166156,-9.704259859808015,-10.913147694038432,-14.057277988163474,-7.436562210382319,-16.72192914654209,-9.209048830690756,-14.57670778060914,-8.80291451502501,-16.6279697554978
895,-8.322571081444728,-15.025431027967988,-8.833426948075736,-15.5059683134149,-8.444420039360555,-14.425213155131424,-7.804754597512238,-16.040824346504287,-8.416880065292714,-14.439093153593403,-5.282426613632549,-13.853408670313305,-9.969468282890205,-14.416623389568263,-9.55860832888919,-14.621120041330382,-8.531701803662497,-13.077511433061646,-8.458093533063487,-15.04227729869206,-7.147465583982312,-15.76069875487682,-7.817563012109944,-14.275000952345252,-12.925932500583375,-12.571562292181573,-8.706425564620705,-14.90184412585685,-8.286059519766608,-14.823590865920352,-11.4892505799731,-19.20157552221016
896,-9.794640065473937,-13.036509325685916,-5.413916096412219,-10.31252624524495,-7.5328908566096375,-11.609017670862467,-7.145536396304665,-11.665876395578971,-7.445848378027086,-12.331925894222884,-4.9346132097682895,-13.277552767215813,-6.769673194174885,-13.090174451167895,-7.992134080671076,-14.626140960172568,-9.99202630826878,-14.945989926824376,-8.658290558761381,-16.029881425390297,-7.071780524060129,-15.969300851261321,-6.469491118461908,-13.61820630252625,-9.374600117026787,-15.58248763873257,-8.218869750539552,-12.57320636695804,-9.167743166441552,-13.74478857672121,-8.63561563253419,-14.934923839761602
897,-10.168908848221747,-15.982828084698586,-9.973443762703619,-14.613433210108969,-6.750614172197018,-14.59992797466408,-6.4196095020624275,-14.755838374782527,-6.64566539373069,-11.593385474807334,-8.589949287139108,-14.234339712274256,-7.509274814760225,-13.295516835006653,-9.730529394342627,-16.134384969571588,-8.458269614888188,-16.011825811868754,-9.586715103138934,-15.349435397574407,-7.804550870624601,-15.197586053381986,-7.4363564216264155,-14.686824841773218,-10.153549534034767,-16.41718762461753,-7.258859387945682,-15.67982845146756,-8.738611043327827,-14.927252569880888,-8.05376895613114,-14.979153050021857
898,-9.615356476818254,-15.044923447481423,-8.511654106246121,-12.363674841224688,-7.961535562760487,-11.892532619758992,-5.69462911149929,-12.332605415639193,-8.566382407862134,-13.257309073194145,-7.152574257047144,-13.259426913535181,-6.011828635010162,-13.330270802082168,-9.383609939435045,-14.30465148194926,-7.716038419320911,-14.0352890557833,-6.516425666595326,-15.66033773395164,-6.9728266854894985,-13.400207643769678,-6.154605674045542,-13.869846157350326,-8.212996119263018,-13.530766679443998,-6.793117496163359,-15.151469149031847,-8.2812665899144,-14.529483484677929,-6.51635087280609,-11.998127820463074
899,-10.915149694682134,-15.147299936254248,-7.5094022598244905,-13.488849173751218,-6.578402549201455,-12.54494860829318,-8.078537111755095,-14.301728953627562,-9.236268847556568,-15.100567077521099,-7.198757601166811,-11.689594256041822,-5.635630544892397,-12.916783626844776,-8.165056629706761,-15.166999589833026,-7.539203193600164,-15.141863171059917,-6.501054952038715,-12.793142082948245,-6.5274693364136605,-14.895471414589267,-6.360244090405995,-12.509941012700082,-7.5280196442088965,-13.614584947219992,-7.343609755029311,-15.380573596652049,-9.402839456995764,-13.739878837176477,-7.0982704967788814,-11.598070612316867
900,-10.714851481735021,-15.964176962964352,-8.023177187238797,-14.060797738352056,-7.168777353448537,-12.05236559543009,-5.453302632181946,-14.737368924750667,-8.178591206924569,-13.152524330122194,-4.806468277883775,-13.015868811452355,-8.253226786294368,-12.52978232891831,-8.642232577482723,-14.147564541045497,-8.938150829977898,-13.71946901668042,-8.881399853175118,-13.711066580264893,-7.77065329755475,-16.524586269688005,-8.335605010188978,-11.424436447255427,-8.734171454624951,-15.19566030847093,-8.519833679915488,-14.962853614744171,-7.767019212189876,-15.23447363340347,-9.151496553954432,-14.112021271786237
901,-6.825648650091152,-14.466574123296533,-4.003959517803542,-11.212500397461953,-6.706676135426502,-11.402821710584146,-4.993287525374976,-12.675327106680637,-5.9363132032878045,-13.928925281679954,-3.956409917068483,-12.253665045176731,-2.1333254574425937,-10.110133066027213,-6.563138026914022,-16.367473365783518,-9.86161431596756,-13.820905684049617,-8.061224247031207,-13.225092246190297,-9.110178323546664,-14.187641097293664,-4.653803114230852,-13.344084645009605,-8.336674004374228,-15.569381368145457,-7.574442817914765,-17.33003538864945,-6.5962977097895035,-17.580600482602794,-7.350925599338705,-14.479167245047673
902,-9.076263186426862,-14.151432625288843,-5.6085842099255165,-14.369797161912164,-7.112692032648127,-10.725028628650037,-6.744512614006891,-9.54062966703138,-6.057330224413921,-13.886121552927433,-3.050460943518976,-11.25702757329716,-2.4685733318146794,-11.475044104311849,-6.232176849650307,-15.627670641435383,-8.77725478272291,-14.246088759721868,-9.466158308699406,-17.00830113145691,-7.888386293055451,-13.644720482661594,-7.32146761612945,-12.779701624532255,-6.306467183966368,-18.162612916213416,-9.29478150083779,-15.812257196981767,-9.049609024280565,-16.733578859018635,-6.789325520173255,-15.020175596140763
903,-7.1837151208430825,-14.427664356114416,-5.053392901458675,-15.222726574355455,-6.737737990421321,-8.964698880737178,-6.961603006839781,-11.201818539169214,-3.781977811313191,-13.285906515306385,-4.302818633953217,-12.229320487795496,-6.030507813370321,-11.340420362182616,-8.060277689722374,-15.254056931045085,-8.737263858582354,-15.371151634658606,-7.048115324646313,-13.277078788071233,-7.862143475547903,-13.984382368836304,-6.930064208893261,-12.499849628041428,-5.368960355924672,-15.311013494398617,-6.961454071866823,-14.167170714592244,-8.959112733221332,-17.263514965060885,-8.640106094656897,-14.775721655076824
904,-7.729551320251009,-12.168282665433356,-5.460743275751632,-11.437768053228702,-5.49550616345965,-10.436294658355813,-6.186750171612724,-12.889329050386564,-5.24925118423614,-12.450517676865328,-8.079646877689589,-12.47715873599222,-4.672769397197717,-13.165304756807199,-9.167331599317075,-12.78541429639992,-6.331821457349728,-14.88470390992889,-7.646198916442856,-15.279907507843777,-5.776652185836734,-15.095513430753487,-7.044053761237757,-11.5858998676885,-6.865991715231523,-14.16789525177795,-8.78452149331438,-14.944081533224837,-9.315588074792904,-16.676335931231712,-7.147128472154192,-16.163915516992706
905,-7.139224457955252,-13.104766537412013,-8.191148529330796,-10.218601756685379,-5.2190958696202925,-12.101295767841318,-7.969763947682025,-11.55139917087106,-4.800059481296197,-11.17251973365816,-5.779105870678824,-11.631276726660777,-4.231787287173451,-10.995517681240694,-5.917885170267992,-13.075451585373134,-9.323678727888991,-12.622288551795872,-6.608527294127659,-13.936090466509777,-7.453035052803441,-13.394723668089416,-7.9256229729852095,-13.400321314664122,-8.405588925985908,-12.11137051753034,-7.387267922864665,-13.735169996810427,-9.386538936920225,-12.979675542347966,-8.292624797074165,-15.319528614326867
906,-8.31197280979452,-14.457714065552967,-5.031695114612683,-11.313136401701282,-5.733906675082463,-10.80000455348031,-7.274375919316761,-11.906349123629248,-5.565359439738046,-11.613028816581082,-6.224521614817553,-10.721428428769467,-5.513282774783528,-10.32702047965164,-9.510249025107973,-12.048831297899687,-6.504422961284431,-12.5624542678539,-5.868642792672798,-12.162954098215417,-8.422234733298419,-15.672180219377005,-5.082116979654295,-12.06012761602164,-8.531727073782267,-12.239619037796395,-8.277010384393646,-13.9020630691094,-8.644486628166625,-10.890039321985505,-11.939735102558549,-16.99277964881945
907,-10.483404028262724,-15.625427612094168,-7.637983083578948,-15.27703118180792,-7.965218004210204,-10.823398718475474,-8.514205964043821,-16.511283258672837,-6.848584649327436,-13.99336982055801,-7.312852689438275,-12.422620861165496,-6.358570233896129,-11.414444129553328,-9.701071176735963,-14.154232938204704,-8.155076425012274,-14.241317504403614,-9.062035210244128,-15.517036323271364,-7.888929840221567,-15.109633725504576,-5.398123437608357,-12.532483841125377,-10.55721446818805,-14.869580841800863,-9.200966553238041,-15.547199173818695,-10.58420260187728,-15.203698800631258,-10.180059135234849,-18.05811813619911
908,-7.8197693693031,-13.356590534098586,-6.615063618958291,-12.48747291065901,-7.712876139169467,-12.220386468436608,-7.526395037023406,-13.30359978990473,-6.102987581237313,-12.148686964833367,-6.119756544327467,-13.108952343135524,-5.01742338898363,-12.376162472305872,-8.951812088913634,-14.633416821697569,-7.793499937733863,-13.184732030075603,-8.18132574988455,-14.094713761424929,-9.274311242679218,-13.981505551906256,-6.176745585511295,-12.877736423212074,-8.419341632269207,-13.749197735244469,-8.74707355149139,-14.240213268639943,-7.385844118367075,-14.665353716606347,-6.72117389908225,-12.776802079893908
909,-8.90158528839615,-12.817989244167912,-6.219007365221985,-11.796587610366673,-5.798761598312402,-13.141708080781921,-6.272406013174542,-12.508239821547512,-5.4207466330086636,-11.998538492459154,-7.865137514969595,-12.203380565879096,-7.022573527362863,-12.171008618427363,-9.241916911421589,-12.415298944792246,-7.926602743717872,-14.598285679140195,-7.8658906906212085,-13.313236567882695,-8.32207462063738,-14.04070533726056,-6.541196905490374,-11.239480732655489,-9.076754245922752,-12.759088308537137,-7.675749905605955,-11.785592118419112,-8.600968129291566,-13.833607748445015,-8.836513993089403,-13.591600233264991
910,-8.257060822835987,-13.765613135840564,-5.648034217256706,-12.871609328673818,-8.027789789302625,-12.500554632975813,-7.165672594726078,-12.376728294805732,-7.054402667440424,-14.693718858514169,-6.29209113201581,-11.572001586866598,-7.092244394660727,-11.130832439357334,-6.878714311034097,-14.52648415135614,-7.769517773936817,-14.523721440328124,-7.254324067212297,-11.826125220406263,-8.949722284648399,-15.192754889217488,-7.339229550703049,-12.897415145545013,-7.952468069966012,-14.08045669180529,-8.459779646931304,-15.185462560334791,-9.580664673016974,-15.96976894208311,-9.637369684831382,-15.429079085082833
911,-8.021642793590955,-14.231800721930085,-5.682664972073603,-14.84088442587975,-8.194455178414055,-14.62633128536587,-6.810201031991681,-14.044165654699432,-7.343821918802238,-17.117653055654937,-7.368598562897484,-13.690707238297026,-5.50832076152412,-14.298432900554479,-7.020139796838013,-13.41193170338019,-8.672039661374,-15.186993189839397,-8.742153832206998,-12.54686847557527,-7.407649966129373,-14.45130293675925,-8.881247283813632,-14.900980278655068,-8.667376397975815,-15.255639632339257,-8.81374225411571,-14.263002328873558,-9.488505934192126,-15.88728151885109,-9.593523896037187,-14.728876120531647
912,-8.235249445189556,-14.220575134784664,-6.874697935717741,-12.183482830145733,-7.629332134992358,-11.69674122493439,-5.950274216678989,-11.657501046254566,-7.652764443252779,-11.365813692113484,-5.528625236820632,-10.964952705216252,-6.6944614843720505,-11.168100716726297,-8.594303742913217,-13.01041672691046,-4.081367449143897,-13.348448403569257,-4.830705648510804,-11.682358541404966,-7.918554044896691,-13.90596427121772,-5.894097382377971,-12.87510806701009,-6.712875085801865,-11.06770850337085,-9.068005096131253,-11.679448202541344,-6.47712257147658,-12.555442216480335,-4.913929810025759,-13.049365544081997
913,-9.723894509731595,-15.538330846735748,-7.93745907369122,-13.102723576559956,-7.622181054118911,-11.948782072611568,-7.390630126939111,-14.386614402066652,-6.466172744212015,-13.044037899653397,-5.688323797539583,-13.027910706831257,-7.692701616561772,-13.622509070074873,-9.153469925675516,-14.034281178034437,-8.627399121744507,-14.488067200493347,-7.809452780363114,-14.643984330860548,-9.229995170568394,-14.720915617561836,-8.414625715472258,-14.950604043944152,-9.730045068445223,-15.338906648731074,-9.92675817273483,-14.512658743289887,-9.951046884217886,-15.081637740806697,-7.358301174739655,-15.577235508311016
914,-8.743720979263497,-15.012491393374862,-6.394029980813421,-12.988305591563478,-6.828009324290959,-12.286935104589684,-9.288220673961172,-14.135128665821062,-7.681063258691822,-13.911637143192443,-7.391950007768454,-13.169867494539275,-8.713337622966497,-13.467555723091815,-10.928806591362527,-16.5913032700802,-9.561125191000656,-16.83168949601395,-8.696810342433137,-14.910928746646071,-9.143598355138465,-14.18105027292829,-6.473730209232482,-13.235148662228521,-8.492371522721935,-15.847872923704662,-8.932388993738117,-16.01915979736905,-8.71360483425281,-16.54913329796654,-7.471774419021797,-14.636407924500464
915,-10.109844139239136,-15.869078741657468,-8.360070309876091,-13.069728006571337,-5.73990572824748,-14.345148083958403,-9.268238452047925,-15.411437860230748,-7.051119107073162,-13.211937710709913,-7.403965632800588,-13.092578653769486,-9.074391534417693,-12.311421316710744,-9.214166669506524,-17.313111841537808,-11.085834598549315,-17.181547276128747,-7.678482399473965,-14.718812642513699,-8.973083370893136,-16.022622738481324,-6.079825438372226,-13.624855042349513,-7.8828486676700305,-14.471863733982255,-9.373547788421265,-12.7161932602046,-7.9004770214369415,-17.168546697996586,-9.644986262596385,-17.181245800846142
916,-10.86772594821733,-18.28307585979957,-8.225195134996923,-13.925736837424152,-8.868737592679466,-13.855063822395783,-9.480601082532228,-14.790369251306137,-7.397948484052818,-15.16109787504476,-8.576341452579006,-16.699671983499048,-7.34661441023071,-14.618836073168247,-7.321124009540039,-16.25700975076535,-10.277903763106018,-15.003486943500414,-8.933809289652855,-14.329675918604307,-8.689093057499411,-16.610726283384313,-9.056330189243656,-14.31654556813796,-10.587516054582922,-15.913399379819637,-10.410241003193345,-15.130204985602429,-12.220874062399913,-17.02679343028792,-10.224065648200266,-16.78552921669782
917,-10.579181216256968,-16.012963973596182,-7.609291223634992,-12.490013879910277,-7.134177217910165,-11.42046883379473,-7.388618565698492,-12.84108939974757,-8.610308477063267,-13.090215775803465,-7.282265671442529,-13.767269947995338,-7.170630090874292,-13.650395673488447,-8.794591317607793,-14.320694247244926,-8.975775267987087,-14.92754310050928,-8.972161106705109,-15.215962033274764,-8.872633904866357,-15.334294900785924,-8.260671196494805,-14.710031472817299,-9.408016444859818,-14.850908867144742,-9.036588013924787,-15.071615237887519,-8.564030485201158,-15.589458348838646,-8.665048190021466,-14.415234408806663
918,-10.742378127649337,-15.217620301858087,-8.585709357221216,-13.653597339145456,-6.2585277504276515,-11.787922669053092,-7.501072162490026,-14.693060178911823,-7.0147079777014545,-12.141775713028888,-6.34413908838728,-13.25100872294761,-6.597261514069622,-12.088642876189652,-8.578359483017099,-14.202716203960088,-9.280277581431651,-12.632536355278512,-7.661881301242953,-14.234324933147807,-6.714979532074976,-14.437273444567252,-7.183305521496186,-13.525475641264189,-8.680981583247364,-14.488226538124405,-8.623335185380764,-13.853911449429745,-9.885443625669021,-14.408296681659316,-10.315014483835807,-14.747214397588733
919,-9.893823766795023,-13.390372099622326,-6.369276521291169,-13.158593910521022,-6.835168180321174,-12.594070847115429,-7.410783750838053,-13.462680817666946,-6.462563247172377,-12.871916675839202,-7.573756255880069,-11.829672504840964,-5.642926528932088,-13.28504384432048,-7.881332116868991,-14.803285874649054,-9.691502689995172,-12.895437302273116,-7.682051332954549,-11.398454139776003,-8.031015230005792,-14.75566567382816,-7.690133349702503,-14.305281187346349,-9.182116635920693,-16.219621817848438,-9.099764611541564,-15.443790675641987,-9.420247053979477,-15.240033654219747,-11.124619915787111,-17.600668317653636
920,-8.182688786686862,-13.37185268268586,-7.310269057965629,-13.663053558984862,-7.20548000475146,-12.07184836930004,-8.627134814225123,-13.376077230567109,-7.565246019492239,-12.217448041372336,-6.414744736888213,-12.720573669887996,-5.820023327896008,-12.16812151815611,-9.067493218185188,-14.415950825647894,-8.912871622485065,-15.538620769283897,-7.588383083028207,-14.857026592097995,-9.964485119113931,-17.387341000689688,-8.501702552600609,-14.767494095395756,-9.853016599199766,-16.6283431855092,-8.876605175324373,-17.359209844516197,-9.328798901981472,-15.068722708323953,-7.035675300184864,-16.13799773502075
921,-6.347539919631159,-13.441897425388781,-5.397925172153187,-13.270390218253176,-7.242061266920693,-12.775667317385844,-7.213080997427115,-12.550273505687038,-5.102814470829003,-13.885102719062557,-5.883342715156951,-11.967233015560712,-5.774177600059725,-13.279870459432539,-6.5908709460977875,-12.314824188779589,-7.453752689784304,-14.640279103076569,-9.133963998403175,-13.551110656567552,-7.3151564861025955,-12.635790781962033,-8.047825462547998,-11.980071536634409,-7.1411981186674724,-13.150823067328082,-7.652056818841457,-13.811894269180032,-5.210369453253385,-13.352848768073663,-6.725408191438368,-13.447063082757762
922,-8.87758592273814,-16.633423726803326,-6.843959364831517,-12.705406015486085,-8.66754077175727,-12.395798679009673,-7.641860137278566,-12.691799773705073,-7.605794450851739,-14.287658479712599,-5.210933565594539,-13.864010488911592,-5.707560680760086,-11.825038561766307,-8.155008971927089,-15.218523898785886,-8.519432148510838,-16.09210642927486,-9.067239526781064,-13.772424511717709,-9.726761432698297,-16.416807604405527,-7.523584019007689,-12.032526710758413,-10.31742507613425,-15.060454763886915,-9.467269356465822,-14.589334180315488,-7.9614264413530345,-16.856818779964346,-8.87767471277304,-16.50336957872702
923,-10.479216031533685,-17.174386202472213,-10.163873513252248,-15.170881917526746,-7.665057664428312,-14.59199039461333,-7.314516127265616,-13.688320995492433,-7.360457905731039,-13.974821714587986,-7.719082467294349,-16.683152673496714,-9.231129998935923,-12.329828447640347,-10.52290811817633,-18.66736740618932,-10.478264680066571,-16.925944856313787,-11.131267824537908,-18.762263036805564,-5.831357157605735,-16.44893574509056,-9.572418050297667,-14.21962703296936,-10.56046399739309,-16.50774884009214,-9.383774277679779,-15.717797848609488,-7.190826175929193,-16.733340440921104,-8.66506269736618,-16.273625718658103
924,-7.399001637934005,-13.977723094423881,-6.221149805631719,-14.04337333635205,-7.855125050965112,-14.274064509787053,-6.470456232429803,-14.868798605112739,-3.670016768793185,-11.154931298284069,-6.502551232123435,-12.827278161900049,-7.235958904081874,-11.265813930834723,-9.532000579002652,-14.575464343392827,-7.4046578577083535,-18.672290458280198,-10.109066662745152,-17.372628345612778,-5.942404855515596,-15.72513914829864,-7.107864945952036,-13.034284092428447,-8.930396432004898,-18.306963492293242,-8.641567876533877,-16.37297675486106,-7.768623380709072,-14.989384450655978,-8.652925665787063,-16.64507393727223
925,-5.906066625022358,-14.89911985052042,-7.806063327643285,-12.536766465284712,-4.723963620036574,-13.1680022409246,-5.418983798908446,-14.060263467744413,-5.727432639839291,-12.47170187212911,-6.206174852088084,-14.931547965222826,-5.713599926706823,-13.205906958859847,-9.454196838498401,-13.27821912157771,-7.322452864508994,-15.180064513345275,-9.204649750716193,-14.010396814714026,-7.789783976173586,-15.908748014019345,-5.792507133063801,-12.563221986593316,-8.747673155828245,-14.2588006708352,-8.561215683638851,-13.901589814392196,-5.497161570527051,-13.363379096526684,-8.572810822519935,-13.510602876879727
926,-8.536879768385337,-13.930019644298158,-4.9345541715102454,-13.271078769987279,-6.362388958182396,-13.503415930621445,-7.616683695997915,-12.513923581432723,-9.02545527188085,-10.919257221415704,-4.862222646914981,-13.491958866372615,-7.0987917157415845,-13.622725001512368,-8.849103509713167,-15.866169449278981,-9.296111075028406,-16.561519464009628,-9.413343167253853,-16.369355532166335,-8.823506267818008,-15.997405772797224,-7.761101635305955,-16.088327783056855,-8.234181792570276,-15.560352428065276,-8.848313870454573,-14.089073550689392,-9.005521975859484,-15.06521055276318,-7.764741203643615,-15.110884470736693
927,-5.742917399138316,-15.870544322170169,-6.277456531614857,-11.532979867039813,-5.734184683610995,-12.85067409139646,-5.60068560719079,-13.679709043918598,-5.599756944180747,-13.175448900937958,-7.803214148309282,-13.592634925166902,-6.364847717813992,-11.916899152502111,-8.559383317355536,-12.740967621430032,-7.337884265981898,-12.633218848915238,-8.040348167882945,-12.954802478863519,-6.2036964443943905,-13.494211289395214,-6.1431884732414055,-13.92053678502203,-5.942862506537851,-13.692883394937652,-9.03656099933546,-14.008458833190883,-7.4015838163283885,-15.418881954838419,-9.087958456324289,-14.381061920211145
928,-9.06568070375845,-14.736974267866383,-6.74850965624893,-11.445986750606938,-7.770252783186573,-13.825445870221383,-8.609563336715361,-13.865440309484436,-8.527878106603948,-13.762942420992946,-8.947109066224144,-14.11704698585352,-7.769763986157977,-14.511205545628785,-10.497280100903787,-16.414079457221515,-10.687925615489453,-16.792667235243176,-9.37057384465842,-16.238149856827935,-10.46506559251393,-16.48037217069431,-8.938184857703092,-13.96463328609425,-12.51821217375656,-17.232017816657294,-10.29008922070175,-18.797170188894516,-12.055353853629766,-18.326153580270997,-10.547012929408508,-18.151471960610152
929,-8.58616314169305,-14.539198725436416,-8.385231578793867,-13.129166294527563,-6.874970440012344,-12.929339462132429,-7.937406150366621,-14.047270480775014,-9.797324016045346,-16.1202080956392,-9.135302577379855,-14.643664766452533,-8.318866528101042,-12.165957323639091,-7.6106773072690075,-14.157210353605205,-11.118459269525516,-15.507181203731118,-8.942850822803921,-16.758855187901773,-6.505115945306948,-13.042773164819472,-6.147473461332243,-16.251401622846743,-8.484560857515728,-13.715725962256613,-7.109391176679411,-14.11322713144697,-9.00315799816844,-12.710028229416814,-7.805833683989821,-12.985675163156177
930,-10.594875181548034,-14.894267234544076,-7.243741062984851,-13.768263911226231,-7.175069586750666,-9.591694105232735,-9.62387511018159,-16.627276853491413,-8.711471864596836,-13.450017253567703,-6.354396097443024,-12.603091769040704,-8.691820331081903,-13.785879541826793,-8.1495086355596,-15.252656683901765,-9.714103350626322,-16.306593561116046,-8.444381083429713,-14.358804320429961,-9.962679461593043,-14.660131510708055,-7.8297117234804015,-14.886826514068524,-9.092093589214072,-15.955550895509854,-6.422948079558495,-17.93944946169961,-7.907067657392062,-16.120573963580508,-11.087501888699574,-14.852850324533701
931,-7.482170160331219,-13.492904977651882,-5.837722752498538,-13.44371986812202,-6.895928065262781,-14.449132235925862,-7.093446705674973,-15.581410163575898,-6.510385460167636,-13.025520021312385,-6.69364273320712,-12.19941421373531,-6.8981536955418115,-12.51620629504729,-7.085260487686787,-10.454025740592748,-5.6684399457145,-13.169261947057985,-5.946330273491919,-12.386369295592663,-6.713637019643688,-13.00370764108118,-6.719817377815492,-12.493837973173182,-8.218775648688778,-13.096780590892028,-6.366963213281799,-10.332081205998618,-7.549623267878747,-13.831342801875232,-8.94999420224689,-14.395171239135781
932,-7.253155128396658,-16.612614819725426,-9.720916736920325,-12.825696463276685,-8.55379863803607,-13.714651341311603,-5.932110985556004,-13.6578982658615,-6.9341601176698955,-11.369529435947701,-8.028781495451508,-12.605059584057273,-6.509179158652909,-11.943620261938444,-6.51067048775211,-13.712735784993473,-8.258730949980214,-13.203631831586467,-6.797982776158421,-13.907236417634032,-9.597463088914557,-15.70007504187342,-9.054152042871905,-11.92888790710053,-10.051434210347448,-17.00098699372284,-10.086532814739149,-16.209631977486584,-8.720931817791644,-14.768653913152514,-11.221485878589375,-14.475878607969005
933,-9.483360498890093,-14.495822555567255,-5.7516504967018065,-11.470302847329155,-11.43677304110722,-11.666589480546932,-6.573823914887392,-11.63429283429069,-6.541011923638797,-13.224683289912424,-5.977974281617916,-13.653815349665537,-8.617377051873223,-14.291625016361706,-6.26187804053283,-13.922473837919211,-9.738956281994437,-14.871002527933886,-8.211028693389785,-11.95936233478805,-9.132793278508709,-13.634698692544836,-7.039537582702481,-13.526324486990315,-9.250638072044072,-16.94890409945732,-10.054481874714426,-14.392243358527018,-9.137531082946488,-14.68235716576066,-9.450210722952328,-15.760979819983625
934,-8.563422780546615,-13.925014154556376,-6.9562475444418,-13.711047094691251,-7.849456586789433,-12.058791764151266,-7.957059557025251,-12.549520898517475,-7.663566998362828,-12.874553641623796,-9.473081378570447,-13.93694880118331,-8.411503991813937,-13.822056323332156,-9.18268634276924,-16.782762035946355,-9.377259904635437,-15.235397256324024,-8.169503293821151,-16.754862610201997,-9.070024252178985,-13.018085115914138,-6.084783421247298,-14.850928946522458,-8.737188913824328,-15.28782325847446,-10.970295717429492,-14.68754581495391,-8.985973716655739,-14.864400523467207,-10.704294945138166,-16.722096990389897
935,-9.59370882291716,-15.099466012026134,-8.386878775327276,-12.089563648831804,-7.747258378112995,-12.387014491953218,-8.236891176694252,-15.393929440076878,-4.378318144548789,-13.64567656048289,-6.4467211278114425,-16.77610518925654,-11.708718730571753,-16.251229034199476,-9.440219254628458,-15.217730508247932,-10.335609889196274,-18.09019600170161,-9.118292274546446,-15.89995005225777,-9.292997845389134,-15.98149209367394,-5.4638596837378195,-11.29878749278456,-5.420281053992185,-15.344408557775138,-7.47852086854948,-14.068657049505365,-6.590881542372518,-15.534123122365726,-5.747344729806939,-14.693062294156771
936,-5.058441944057597,-13.348278680202908,-7.581588709018188,-11.865102381855628,-8.903657442180084,-10.827892481778413,-8.310116487940554,-15.305451151267356,-3.500780713875286,-13.016457177389853,-6.64070166147731,-13.858778070712269,-8.354341256743977,-13.104729475161943,-10.30913143159057,-15.203163004152815,-10.351604540965662,-17.52608017823157,-9.639491394847322,-15.494944350271373,-9.735852103999985,-16.69322064332455,-7.933078596416267,-10.946736262853046,-8.098506498545891,-14.833015155911857,-8.28575649342642,-16.305316422833684,-9.194211004635632,-15.965765145451293,-5.642382563621484,-12.402065669495638
937,-8.25144237279423,-13.56981039004413,-7.466318483995423,-11.930362602864712,-8.481026757804324,-11.290545756158325,-8.963659090298764,-13.139838650666837,-4.3321347679613345,-11.65690098547227,-6.236243295639491,-13.75445116789889,-8.839003567737644,-13.80213566308763,-8.634548290045686,-15.182834224047921,-10.002349670292578,-15.883340695569185,-9.027399241214944,-14.837272357644053,-8.62311312497223,-15.097228017523447,-6.472371616738085,-12.834527817829454,-7.361519987477864,-14.098703545288311,-8.941205261536192,-15.145890424616066,-4.813552932729704,-14.896292259974713,-3.9569457952422376,-14.5256827184078
938,-2.768216955059881,-14.223230230139343,-2.2615291476451516,-12.083235990280786,-6.435924203653412,-12.140197644490891,-7.145229768031024,-11.795687328077094,-5.053758277020704,-12.199510945073246,-5.855515983256494,-11.00018527722722,-5.461244659609417,-12.248286717369353,-8.906284900006225,-13.243470527456365,-7.317485760416979,-13.241848266387429,-7.461203433907254,-13.73763915387454,-7.2192289068135365,-12.538111441172557,-7.179526597862135,-11.394830018146154,-6.847853091411453,-13.563672003851305,-6.5217293740797055,-15.513643151474291,-7.005990930313558,-13.55895357793316,-8.951673068654715,-13.91330988964302
939,-10.343269104390568,-12.663300560606237,-7.338134367756891,-12.715079069404752,-5.960485819966418,-10.374631143983155,-6.279088866803425,-14.648463591993936,-6.354012905638743,-12.136642203359214,-5.808280659963623,-10.940177959352331,-4.453354017453261,-12.444449436926252,-7.867236097418622,-13.248860052184481,-6.629090146313686,-13.412871707614462,-7.045369535490245,-12.321416758913175,-6.98419165731258,-12.86881955096682,-6.157456662642167,-12.571336433159594,-8.448674696948027,-13.404901072187865,-7.944824190745323,-13.541546714312584,-9.708044544451562,-13.065121906837371,-7.14842147087353,-14.499738949018194
940,-8.565052849000015,-14.122012055483811,-7.3984146831442,-11.416520643143626,-4.997347709349732,-13.232021770434159,-5.749747316411083,-12.523536540883644,-5.765342149323463,-11.334235204582585,-6.553285578874082,-14.354554615936808,-9.239787774319067,-11.727961971093206,-7.969761754372179,-13.528208580721156,-8.260376124467616,-16.296065555088045,-8.36642889147026,-12.936749374734731,-6.533786509625213,-13.923754095859245,-6.195742470390888,-13.407142777550671,-9.240942022252241,-16.027662998671047,-7.306281149266075,-15.244569853908999,-8.473871041976397,-14.013769788867542,-8.602382073477195,-16.56843029792003
941,-4.970103295497688,-12.17638270590613,-4.321778455148799,-11.218618288454456,-4.354086495415701,-10.663161072465396,-2.4856865718943437,-10.361702542856612,-5.090290480428017,-9.30389449824528,-4.370287397353191,-9.091702888788909,-2.5783234155789274,-11.357781215557761,-5.344930132529155,-9.57015196633508,-3.383315069919834,-9.036002657864392,-3.02283781506455,-11.36841491997564,-3.392389845818527,-12.082009961282408,-3.0953253890331545,-9.769463632300976,-3.4144507618487454,-11.903548690036255,-3.3461966302247106,-11.337617604421018,-4.67568014513223,-12.20902631248684,-3.6858389722371063,-12.107986115588915
942,-7.1735940779936636,-14.614606942523805,-9.538565214420444,-10.602650462481753,-6.167456772806267,-12.403609844794396,-7.232012404839287,-12.390375405838515,-5.664639337640413,-12.92103047234871,-9.04167769213175,-12.458521106162994,-5.7641206767033015,-12.08387738363851,-7.3629757068411426,-10.231488282887089,-5.058303329728435,-10.527996622388516,-6.95308495843374,-13.949205870339496,-5.689537500020879,-11.33468749011409,-6.0557622958561605,-11.721586701651827,-6.843626182754175,-10.53745297915013,-5.4938659878306275,-13.08706223649337,-4.709613162466086,-12.177001197689973,-6.009317921517825,-13.969809752041282
943,-7.833438491557992,-14.14584894075469,-6.678816044362855,-11.882777150434274,-5.323361496310124,-12.876801467534882,-7.016205309195679,-12.265750628234112,-5.398836688958858,-11.395551531573432,-6.385974677518912,-11.188920271608227,-6.314779974783429,-12.422388314964108,-7.1251201461906515,-10.762594839808646,-6.735037933617734,-11.354360645012703,-7.276081624225074,-10.511030684853871,-8.257767743660882,-11.576177588334506,-7.189953340540597,-9.521997300034448,-8.893749327183627,-12.978553882868088,-8.028749033538524,-12.205675674557392,-8.409037015002571,-13.659051385092322,-7.350302179743897,-12.67057320988151
944,-9.472570688723165,-13.731490132515363,-7.1696945642046614,-14.150133622480055,-6.3890665145582615,-12.200491327662178,-8.796935861125913,-14.447582553282958,-3.9051228176499313,-13.839251748529172,-7.413427077534864,-13.011025994060702,-7.527235935959258,-13.040444904705987,-9.320295721483397,-14.264461408936137,-9.737448324219132,-15.036910121601432,-8.547835247914849,-13.21374017991171,-9.40276716584303,-15.585831919355229,-8.830101414058948,-11.109707057837602,-8.770031014769277,-16.354696743105674,-9.15275408407459,-14.689412382032241,-9.846305684508032,-15.495984401743018,-9.253056415649878,-15.125756841037683
945,-8.965136008755799,-13.939350392501698,-6.829775064508393,-12.036772664850728,-8.586729953825248,-12.341480110684675,-6.993266146085718,-12.1149540570752,-6.3390736888184165,-11.162820108094815,-6.217551002374901,-12.877509312300326,-8.273577677597302,-12.468370926654968,-8.153834810774427,-13.020874790063079,-8.394126093095334,-15.394506367380977,-8.434563525334525,-15.048840549617621,-9.269149558999722,-14.400155910845918,-8.455026455457162,-13.466954995913035,-8.046312899138574,-14.410920370076576,-9.970857168634842,-13.688208120296284,-7.496349635587835,-12.123692259380105,-10.885092500419145,-16.661464729832062
946,-6.736528054234732,-12.908659642143391,-7.626090097431585,-10.226217585595219,-7.54479858104791,-13.043106828658884,-7.709336629776875,-12.802379188836223,-7.217038304067288,-11.115712192446308,-6.02805326530997,-12.503646607365997,-6.563299175415427,-13.310161488432954,-7.051861724923208,-13.774032900677915,-7.989010513545392,-14.387595625425023,-8.031406192373518,-13.091601896321105,-7.6588420244196165,-13.404818400330129,-7.18714629989067,-12.431704357867588,-9.503082697055154,-14.522539442665959,-9.313007569266116,-14.788246841170318,-9.199304567226555,-15.365816385269271,-9.7950430308167,-14.17068971156837
947,-10.349883311544467,-14.950606319440347,-8.642396870286472,-12.818810418763963,-7.309475489431334,-13.510672051143636,-9.216484885453015,-13.392172501536919,-7.656998904927688,-14.034013490093553,-5.931100498439875,-15.451602412678053,-7.987466497771706,-13.687409787204622,-8.766663285832358,-16.0234976906539,-10.060858949505903,-16.51396580269372,-8.088407641070495,-15.136486195580176,-7.2653758761995295,-13.52811598508264,-6.651707843469369,-13.18350752344444,-8.602781431941198,-15.55222839489202,-8.765680395695451,-13.259767595377351,-10.235158045750094,-16.461816855976345,-10.584643456692122,-16.83397919004895
948,-7.608269600891817,-13.569728180379578,-6.760151793740166,-12.383281755379226,-5.12607258138908,-12.163365181110205,-8.269160967794349,-12.357517505497565,-6.550408298380825,-14.37592622158995,-5.51857525364065,-14.084540046709256,-7.900390676606759,-15.10578764367022,-8.825413024006416,-14.473983565841984,-8.568299712770711,-13.725132769041949,-5.708464891637753,-13.502844897739976,-10.597149660294189,-13.902012343500855,-7.253001937008103,-13.691951216680248,-9.632772803139618,-15.100416194535358,-6.5367405551246405,-13.135040917520334,-8.699399733965135,-17.03583085752831,-9.310904655395602,-16.02469314120819
949,-8.635390869392229,-13.39940875072573,-6.3751019534441165,-12.62662127087976,-5.998616517041975,-14.30167552886646,-9.21866899739662,-15.223149148388204,-5.391889815202841,-14.471023556295634,-6.479117291864406,-12.8566383061332,-9.384306062760974,-14.156466782963566,-8.157226531596303,-14.58688708707368,-9.128894157921003,-14.188040031411111,-7.982418874561606,-14.978356042876662,-9.265766328966187,-14.98107213824448,-8.164122030139069,-14.387357593750739,-9.974698974821736,-16.174108128001052,-7.556966684388778,-14.3840851896861,-9.320827454286643,-15.448706014304253,-11.261074594673246,-16.342790608138905
950,-7.57173736045957,-15.85747374668495,-6.87681995007141,-12.567573564416632,-8.247466458497389,-12.252831489520851,-8.89338583430783,-14.140019901344342,-6.83381170558911,-14.42662250695637,-7.083243196523289,-14.522684664889534,-8.290362442492075,-13.099073538023019,-10.477375608369478,-16.248866581746494,-11.282775140171275,-16.459101318387106,-10.582627419450976,-13.949663571752911,-10.810117039217673,-16.28204368080748,-6.9429703079897385,-12.94713008257019,-10.19703460729165,-15.950421478564587,-8.281805937360346,-18.623628031384925,-8.845231783412924,-15.02643673396256,-7.151448904929161,-16.474814151693987
951,-9.299546028438137,-14.65474572221964,-7.696520174118852,-14.249874964777886,-8.40208588676557,-14.550620545655864,-9.834137318131745,-15.260452931865604,-8.468510988229971,-14.259204395103582,-8.300012899268705,-12.98348971502669,-8.288601582695676,-13.384403185879316,-11.081964782078057,-17.032796324180172,-9.605418516592524,-16.04837796295879,-9.717576937958592,-13.980214828491826,-9.509750211641832,-15.90282115570602,-7.107193434644529,-12.65351260508668,-8.998033689717634,-15.574314414532822,-8.466966278358289,-15.345111953735204,-9.968746780691113,-15.36204079056435,-9.140015880334559,-15.676961353955846
952,-7.2068287532368505,-15.060064921096455,-6.204668101262625,-11.671990204544368,-6.705998139415184,-13.859309697718775,-8.313867983430498,-13.688366501459406,-7.284686914147718,-12.89747927380883,-7.855307299382983,-13.024538136403853,-5.947536837375818,-11.76022396501277,-7.573897770839136,-14.76827767998228,-7.687687398482729,-15.297815498307587,-6.6950602016783805,-13.549405840682219,-8.128471620025175,-12.874998428692493,-3.6024454819591023,-11.397064233186864,-8.679075121367228,-14.592815520447056,-9.999230303369288,-15.730859406485411,-7.443605009918159,-15.89383625122817,-8.1257077481768,-15.658815745442782
953,-8.420023220337319,-14.009442162912833,-5.896638430283324,-12.093063969100406,-5.848219083569076,-14.239093297735739,-7.96264864038373,-13.949303919019664,-7.742456453849882,-13.849732361915184,-7.341209863745354,-12.777680860104867,-8.075043663647794,-14.105921545695587,-7.345715181081244,-14.862936143785369,-10.324423450118495,-13.836157825805275,-9.833185223913281,-16.890122004128763,-10.254171041155114,-15.533866194583323,-4.556142622701411,-13.98950267160895,-10.12929001602714,-15.209196274727226,-8.64399753760451,-14.831700692958155,-8.47874859863596,-16.421923768379507,-9.516210033571838,-14.90003217103788
954,-11.05955194050372,-16.60346346886982,-6.751776000657998,-13.787984395784761,-8.500149247653106,-12.61468427452421,-9.193453238353733,-14.58719793845902,-5.777889735178684,-14.633452040083423,-8.209112555347907,-14.548286761739217,-8.630790698471817,-16.409855066287303,-12.392498023960334,-15.220092043545783,-9.632136221518834,-15.905823723921156,-8.806651707084818,-14.785233826874748,-11.703470820751871,-16.38979866835474,-11.257738391236185,-14.744510516320643,-10.84845449337275,-17.254561356453678,-12.035111103214241,-17.409470483009816,-11.788842267094182,-16.625979398651253,-10.264091088910888,-17.480113907788933
955,-10.513631957696937,-15.753694192215415,-6.445548746144589,-11.478612035119522,-7.19078795230415,-12.518628673876119,-8.223644546737619,-14.711097793924404,-7.194946584120593,-16.164087615725037,-6.3189302689648414,-14.628663571996668,-7.163944993743936,-13.389000373777353,-8.413088945482375,-16.83600534451494,-10.18617116844692,-16.545492706170354,-8.201017629491389,-14.620815888809453,-9.880713600569402,-13.748112145254849,-7.367327450034091,-14.69388067893949,-7.993063009112116,-13.660810845240496,-11.030775478686438,-16.824253724569832,-8.82900005836761,-15.258861263019236,-8.562482240692994,-18.708730471178896
956,-10.506229393847926,-13.903465462063902,-7.729823555406922,-12.690375069189795,-8.023188111560609,-11.433620330979812,-8.586056233265472,-12.257755412927,-6.969667276974999,-12.840824726731935,-6.072192168373451,-14.878195800415426,-7.920581830628946,-14.613606913531832,-8.747146813246728,-15.723998446128551,-9.630889557031377,-15.059444327716097,-7.070345543023193,-12.978472136562262,-9.550601563298851,-15.27811890419791,-6.210363481551014,-12.626178988539698,-8.014072370005058,-14.765117135340935,-9.70729024171756,-15.048626264871846,-8.542441600908303,-15.101868078077905,-8.429234077973602,-14.144273760989885
957,-11.025363540052911,-15.729202637767187,-7.945786052223901,-14.25363418821928,-8.700572481558819,-12.437777063904214,-8.859544436071744,-14.594685013523005,-5.59611853302572,-14.35105859934556,-7.8520617495637435,-16.13733301876686,-9.85984781744522,-18.299663614608782,-10.340183797684583,-16.065351975456437,-11.67004397991882,-15.826812870394722,-8.183041228648333,-15.076122261659908,-9.738746082936034,-14.786002243179254,-10.050372428920467,-15.078568907607927,-10.528952494815456,-15.36564549863665,-10.035290452389468,-15.15841809456846,-9.95710783112418,-16.65230293989929,-9.762036598668299,-14.890319253272368
958,-6.633890439693752,-15.207498786588738,-5.7628324866664205,-11.63255694493895,-6.968663393723884,-13.270011917885661,-6.821619648749007,-10.947715286802486,-7.134105659514335,-12.43587149129688,-8.042295393118719,-13.7917349744244,-6.956522478924988,-13.703404994319667,-9.498257902999619,-14.315829741795742,-8.514759480796645,-14.074548196617297,-8.592800357833013,-12.964551523475494,-9.584976615254963,-18.212239439602,-7.168140304223853,-14.55736822037381,-8.899985910419746,-15.578496178490283,-7.007221390577429,-14.793767571237469,-9.765410231973362,-16.507668966997052,-8.26128981588528,-16.941938017231724
959,-9.234517999716486,-15.459353923460748,-5.014892262210808,-13.383227881939181,-7.061094565234534,-13.925898639977767,-8.136173777543064,-11.934211362644966,-8.069054731635589,-12.36814559414288,-8.195968704085159,-13.225617375180242,-8.426444909773645,-14.724619275110118,-9.422600863758463,-13.980858133140002,-8.598986166911514,-15.8093689005511,-10.163888596047297,-16.534120769050418,-10.764451329374037,-17.785828417916242,-6.235740484384362,-13.870959117521497,-10.062302166980837,-17.34130996589326,-9.43765476014296,-17.532755879483428,-11.412945636639837,-18.064327804917642,-10.101959721069997,-17.387667649755652
960,-8.902578366899881,-12.940685958364499,-7.303190844959275,-12.093588529806281,-7.292494773826058,-11.68811587346735,-8.513739909124642,-12.480344957522822,-7.332950522583187,-13.2878960869716,-6.111576618999896,-10.302853808122649,-6.3487513303652,-13.333297519936194,-10.02554584922435,-14.847962219105602,-7.703277865425603,-15.337909694813359,-6.9509998551453815,-11.783132619629594,-8.145964253757256,-13.602668443670753,-7.557102255940186,-13.198032874006163,-10.285897997017521,-10.602089056508666,-8.267403053636947,-13.870185327853505,-6.438596878375704,-11.996529294381634,-9.90302648645777,-14.211744730343138
961,-10.762806917023031,-15.631370432301173,-9.626267956680561,-15.474200008395194,-8.161096450573769,-14.152737549070828,-7.082825488643011,-14.933698710099868,-7.352110720876994,-12.748263040865934,-8.150935373393406,-14.039171517326821,-9.305939544292631,-15.097842363521462,-8.158021441262864,-15.971313341160174,-9.69596082855675,-15.350769074125793,-8.928121308663187,-15.175104235520813,-9.717938426986148,-14.815263420661871,-7.189087076551944,-14.265350455161514,-8.568051220797715,-14.163940515445269,-8.132358754963462,-14.750199763034324,-11.292177448989857,-16.74435611392173,-8.643655202904457,-15.077243946804955
962,-9.236991781708854,-14.887621315950579,-8.823845786242488,-12.778047346860717,-6.008450028631794,-12.530036220763996,-7.992380801760419,-13.971383934250932,-7.021985241764057,-12.139232661583147,-5.859745323794376,-10.095862908018296,-7.263741094959682,-10.985658348819102,-6.330511373987624,-13.812290288086647,-8.455766473636043,-14.55408091323404,-8.053511200301493,-13.769787220995422,-8.30174588144278,-14.56467062646417,-6.50903317445299,-14.060285631206437,-8.308925664347843,-15.75088455431217,-6.71270142309535,-16.197900606699186,-10.651977341300118,-17.23273650516195,-8.08309494233398,-15.383792771326867
963,-7.945938336209154,-13.828247441840329,-7.498845627986697,-11.693896382248143,-7.270155555550769,-11.882969506430136,-7.117285187941816,-14.765308717346013,-6.192897749600622,-13.526983442485701,-5.353277109147996,-11.658890447851327,-5.511410234202594,-11.825430064251702,-7.371345648070759,-13.616119145201502,-7.314418195576648,-14.111365526843132,-8.710279557975607,-13.065744806132379,-8.382912287792898,-15.59562840856014,-6.899031289394706,-13.58264404888849,-8.941550395093113,-14.972890808213993,-8.871961608511779,-14.51586434033629,-8.868505882512407,-15.158143897036794,-9.127074735622015,-14.948153520478085
964,-11.436488944951968,-15.103907432278065,-8.923946593982457,-12.638640941879624,-8.346549646784492,-14.404738178693371,-8.452886476560916,-14.628164684069795,-7.661085415739544,-11.245508877370455,-7.326971085098872,-13.1512990377635,-7.030962165022332,-14.147951362714332,-9.269840786955607,-14.105248302381883,-9.122251877697089,-16.442844133981854,-8.428542631181237,-14.887235652777953,-8.910861785066775,-14.888034975247002,-8.126194267765497,-14.015223317311996,-9.06078328803561,-16.3275357490986,-11.077907613284697,-14.897270251586257,-7.750885162963251,-16.4514237599306,-9.50389740635348,-17.330214929631545
965,-9.141672150370766,-15.530615507687752,-6.115852654887456,-13.595629744990688,-7.357709600974492,-13.523942967747622,-8.944131339656563,-14.207756017517536,-5.372622386000087,-13.395194283725418,-7.154141036969448,-13.267320594050684,-5.737154435418654,-10.180427976630115,-5.784584163458754,-11.417419635062608,-6.3481134300849185,-12.151706623091155,-6.4419053030106355,-11.662818519637103,-6.435556433575808,-13.564734014004266,-6.068048281515397,-12.960996354054398,-7.241728520481652,-12.573377860133538,-7.1306681583453,-12.930525071453687,-8.300015346035549,-15.98735421289006,-9.736975805614044,-15.268197983543407
966,-10.153222383131858,-15.813129685825944,-7.811930020272299,-13.401236722856078,-8.214532447281579,-12.911563166776592,-9.405119674778263,-14.902679774966732,-7.852352284411088,-13.516246362432058,-7.913608630284099,-12.906669245014486,-9.040933144373582,-13.077779502491786,-10.203070481077507,-13.761918748118546,-9.528084565274696,-14.991694087742452,-8.976668089218876,-14.81634368297769,-9.580829749911368,-14.470154658668621,-7.966119083735861,-13.697047484813002,-9.25907044967685,-15.07947067355417,-9.609851295104935,-15.060487085307713,-9.251032375414313,-15.433605596320985,-9.979338911474642,-15.45653386034502
