village_id,village_name,farm_id,area_ha,crop_type,crop_confidence,crop_margin,long_duration_flag,data_quality,n_valid_dates,has_canopy,canopy_peak_db,canopy_peak_doy,canopy_end_db,cleared_fraction,season_integral_db,extrapolated_fraction,accumulation_response,yield_ref_t_ha,yield_forecast_t_ha,production_t
22,Sokhda,1,0.2843,Bajra,low,0.4686,False,measured,6,False,0.0,,0.0,,-2.1557,0.0,0.9687,1.362,1.3194,0.3751
22,Sokhda,2,0.2215,Bajra,low,0.4728,False,measured,6,False,0.0,,0.0,,-1.8187,0.0,0.9829,1.362,1.3386,0.2965
22,Sokhda,3,0.5009,Maize,low,0.2625,False,measured,6,False,0.0,,0.0,,-1.3489,0.0,0.7,2.035,1.4245,0.7135
22,Sokhda,4,0.0336,Rice,high,0.1823,False,measured,6,True,1.3675,226.0,0.0,1.0,-0.0554,0.0,0.9607,1.675,1.6092,0.0541
22,Sokhda,5,0.5675,Groundnut,low,0.1042,False,measured,6,True,0.5652,286.0,0.4974,0.1198,-0.3986,0.0,0.7948,2.734,2.1731,1.2332
22,Sokhda,6,0.8379,Maize,low,0.4556,False,measured,6,False,0.0,,0.0,,-0.7459,0.0,0.8533,2.035,1.7365,1.455
22,Sokhda,7,0.1951,Bajra,low,0.378,False,measured,6,False,0.0,,0.0,,-1.543,0.0,0.9944,1.362,1.3544,0.2642
22,Sokhda,8,0.8917,Groundnut,low,0.2471,False,measured,6,True,0.5894,316.0,0.5894,0.0,-1.0317,0.0,0.7,2.734,1.9138,1.7065
22,Sokhda,9,0.4171,Groundnut,low,0.2098,False,measured,6,True,1.704,286.0,1.3741,0.1936,1.5808,0.0,1.2878,2.734,3.521,1.4686
22,Sokhda,10,0.386,Groundnut,low,0.2214,False,measured,6,False,0.4201,,0.4201,,-0.2081,0.0,0.8363,2.734,2.2863,0.8825
22,Sokhda,11,0.4431,Maize,low,0.5145,False,measured,6,False,0.0153,,0.0153,,-0.6304,0.0,0.8834,2.035,1.7977,0.7966
22,Sokhda,12,0.5517,Bajra,low,0.1182,False,measured,6,False,0.0,,0.0,,-1.8757,0.0,0.9805,1.362,1.3354,0.7367
22,Sokhda,13,0.4815,Groundnut,low,0.2345,False,measured,6,True,1.0238,316.0,1.0238,0.0,-0.795,0.0,0.7087,2.734,1.9375,0.9329
22,Sokhda,14,0.2897,Rice,high,0.157,False,measured,6,True,1.0382,226.0,0.0,1.0,-0.8685,0.0,0.8715,1.675,1.4598,0.4229
22,Sokhda,15,0.0,Bajra,low,0.3957,False,imputed,0,False,0.0,,0.0,,-0.6665,0.0,1.1392,1.362,1.5516,0.0
22,Sokhda,16,0.0,Bajra,low,0.3957,False,imputed,0,False,0.0,,0.0,,-0.6665,0.0,1.1392,1.362,1.5516,0.0
22,Sokhda,17,0.0,Bajra,low,0.152,False,imputed,0,False,0.0,,0.0,,-1.1007,0.0,1.0579,1.362,1.4408,0.0
22,Sokhda,18,0.0,Bajra,low,0.152,False,imputed,0,False,0.0,,0.0,,-1.1007,0.0,1.0579,1.362,1.4408,0.0
22,Sokhda,19,0.0,Maize,low,0.0727,False,imputed,0,False,0.0,,0.0,,-0.3088,0.0,0.9672,2.035,1.9682,0.0
22,Sokhda,20,0.3876,Maize,low,0.4477,False,measured,6,False,0.0,,0.0,,-1.2888,0.0,0.7119,2.035,1.4487,0.5615
22,Sokhda,21,0.5725,Bajra,low,0.3318,False,measured,6,False,0.0,,0.0,,-2.2916,0.0,0.963,1.362,1.3116,0.7509
22,Sokhda,22,0.3981,Bajra,low,0.1903,False,measured,6,False,0.0,,0.0,,-1.6945,0.0,0.9881,1.362,1.3457,0.5357
22,Sokhda,23,0.0,Bajra,low,0.5314,False,imputed,0,False,0.0,,0.0,,-1.7084,0.0,0.9875,1.362,1.3449,0.0
22,Sokhda,24,0.2566,Bajra,low,0.348,False,measured,6,False,0.0,,0.0,,-2.8614,0.0,0.9392,1.362,1.2791,0.3282
22,Sokhda,25,0.102,Maize,low,0.0167,False,measured,6,False,0.0,,0.0,,-1.0986,0.0,0.7615,2.035,1.5496,0.1581
22,Sokhda,26,0.4838,Maize,low,0.4102,False,measured,6,False,0.0,,0.0,,-1.8147,0.0,0.7,2.035,1.4245,0.6892
22,Sokhda,27,0.5415,Maize,low,0.0101,False,measured,6,False,0.0,,0.0,,-1.0493,0.0,0.7743,2.035,1.5757,0.8532
22,Sokhda,28,0.2599,Maize,low,0.0058,False,measured,6,False,0.0,,0.0,,-1.2343,0.0,0.7261,2.035,1.4776,0.384
22,Sokhda,29,0.5681,Bajra,low,0.048,False,measured,6,False,0.0,,0.0,,-1.4248,0.0,0.9994,1.362,1.3611,0.7732
22,Sokhda,30,0.3339,Groundnut,low,-0.4284,True,measured,6,True,2.7452,226.0,1.6517,0.3983,2.2245,0.0,1.3,2.734,3.5542,1.1867
22,Sokhda,31,0.5907,Rice,high,0.1489,False,measured,6,True,1.2318,226.0,0.8271,0.3285,-0.0596,0.0,0.9602,1.675,1.6084,0.9501
22,Sokhda,32,0.1085,Bajra,low,0.1663,False,measured,6,False,0.0,,0.0,,-2.9608,0.0,0.935,1.362,1.2735,0.1382
22,Sokhda,33,0.6522,Cotton,high,0.1261,False,measured,6,True,1.7161,316.0,1.7161,0.0,0.0707,0.8101,0.7,1.6206,1.1344,0.7399
22,Sokhda,34,0.468,Groundnut,low,0.2069,False,measured,6,True,1.4163,316.0,1.4163,0.0,-1.1871,0.0,0.7,2.734,1.9138,0.8957
22,Sokhda,35,0.9923,Maize,low,0.1295,False,measured,6,False,0.0,,0.0,,-1.66,0.0,0.7,2.035,1.4245,1.4135
22,Sokhda,36,0.9021,Maize,low,0.1047,False,measured,6,False,0.0,,0.0,,-1.093,0.0,0.7629,2.035,1.5525,1.4005
22,Sokhda,37,0.5266,Groundnut,low,0.5069,False,measured,6,False,0.3692,,0.3692,,-1.2849,0.0,0.7,2.734,1.9138,1.0078
22,Sokhda,38,0.4925,Groundnut,low,0.4675,False,measured,6,False,0.436,,0.436,,-1.3047,0.0,0.7,2.734,1.9138,0.9425
22,Sokhda,39,0.6675,Bajra,low,0.2511,False,measured,6,False,0.0,,0.0,,-1.8366,0.0,0.9821,1.362,1.3376,0.8928
22,Sokhda,40,0.532,Maize,low,0.0752,False,measured,6,False,0.0,,0.0,,-1.1043,0.0,0.76,2.035,1.5465,0.8227
22,Sokhda,41,0.9448,Rice,high,0.4158,False,measured,6,True,1.8267,226.0,0.0,1.0,0.9208,0.0,1.0891,1.675,1.8243,1.7236
22,Sokhda,42,1.3556,Groundnut,low,-0.129,True,measured,6,True,4.6311,286.0,4.2551,0.0812,4.2925,0.0,1.3,2.734,3.5542,4.8181
22,Sokhda,43,0.646,Maize,low,0.1942,False,measured,6,False,0.0,,0.0,,-0.6542,0.0,0.8772,2.035,1.7851,1.1532
22,Sokhda,44,0.3343,Groundnut,low,0.0829,False,measured,6,True,0.7899,316.0,0.7899,0.0,0.2929,0.0,0.9452,2.734,2.5841,0.8639
22,Sokhda,45,0.4164,Maize,low,0.0761,False,measured,6,False,0.1183,,0.0,,-0.0786,0.0,1.0301,2.035,2.0963,0.8729
22,Sokhda,46,0.0,Maize,low,0.3547,False,imputed,0,False,0.0,,0.0,,-1.5388,0.0,0.7,2.035,1.4245,0.0
22,Sokhda,47,0.9941,Maize,low,0.0582,False,measured,6,True,0.9084,226.0,0.0,1.0,0.2424,0.0,1.1231,2.035,2.2855,2.272
22,Sokhda,48,0.5443,Bajra,low,0.3607,False,measured,6,False,0.0,,0.0,,-0.6902,0.0,1.1348,1.362,1.5456,0.8413
22,Sokhda,49,1.4404,Maize,low,0.4112,False,measured,6,False,0.0,,0.0,,-1.325,0.0,0.7025,2.035,1.4296,2.0592
22,Sokhda,50,0.0,Maize,low,0.075,False,imputed,0,True,0.5257,226.0,0.0,1.0,0.1851,0.0,1.1065,2.035,2.2517,0.0
22,Sokhda,51,0.0219,Rice,high,0.1891,False,measured,6,True,0.8477,226.0,0.0,1.0,-0.4257,0.0,0.9201,1.675,1.5411,0.0338
22,Sokhda,52,0.0,Groundnut,low,0.2226,False,imputed,0,False,0.2999,,0.2999,,-1.205,0.0,0.7,2.734,1.9138,0.0
22,Sokhda,53,0.2259,Maize,low,0.1656,False,measured,6,True,0.6467,226.0,0.0964,0.8509,0.126,0.0,1.0894,2.035,2.2169,0.5008
22,Sokhda,54,0.1834,Rice,high,0.209,False,measured,6,True,0.5766,226.0,0.2381,0.5871,-0.6462,0.0,0.8959,1.675,1.5006,0.2752
22,Sokhda,55,0.2352,Rice,high,0.0866,False,measured,6,True,4.5586,226.0,2.497,0.4522,2.4377,0.0,1.3,1.675,2.1775,0.5121
22,Sokhda,56,0.337,Bajra,low,0.39,False,measured,6,False,0.0,,0.0,,-2.1964,0.0,0.967,1.362,1.3171,0.4439
22,Sokhda,57,0.0,Maize,low,0.3747,False,imputed,0,False,0.0,,0.0,,-0.2209,0.0,0.99,2.035,2.0147,0.0
22,Sokhda,58,0.096,Rice,high,0.1488,False,measured,6,True,0.5059,226.0,0.0,1.0,-0.8337,0.0,0.8753,1.675,1.4662,0.1408
22,Sokhda,59,0.8145,Maize,low,0.0447,False,measured,6,True,0.6834,226.0,0.0341,0.95,0.1741,0.0,1.1033,2.035,2.2453,1.8288
22,Sokhda,60,0.2806,Bajra,low,0.5202,False,measured,6,False,0.0,,0.0,,-1.0639,0.0,1.0648,1.362,1.4502,0.4069
22,Sokhda,61,0.375,Bajra,low,0.3154,False,measured,6,False,0.0,,0.0,,-1.3372,0.0,1.0136,1.362,1.3805,0.5177
22,Sokhda,62,0.4876,Groundnut,low,0.0751,False,measured,6,True,1.7014,226.0,0.6981,0.5897,0.7063,0.0,1.0448,2.734,2.8564,1.3928
22,Sokhda,63,0.7578,Bajra,low,0.2638,False,measured,6,False,0.0,,0.0,,-1.5788,0.0,0.9929,1.362,1.3523,1.0248
22,Sokhda,64,0.9613,Maize,low,0.2283,False,measured,6,False,0.2232,,0.0,,-0.0356,0.0,1.0426,2.035,2.1217,2.0396
22,Sokhda,65,1.1754,Bajra,low,0.2248,False,measured,6,False,0.0,,0.0,,-1.8775,0.0,0.9804,1.362,1.3353,1.5695
22,Sokhda,66,0.4845,Bajra,low,0.353,False,measured,6,False,0.0,,0.0,,-1.9666,0.0,0.9767,1.362,1.3302,0.6445
22,Sokhda,67,0.9,Rice,high,0.2548,False,measured,6,True,1.2419,226.0,0.0,1.0,-1.0378,0.0,0.8529,1.675,1.4287,1.2858
22,Sokhda,68,0.5117,Maize,low,0.0685,False,measured,6,False,0.0,,0.0,,-1.2501,0.0,0.722,2.035,1.4693,0.7518
22,Sokhda,69,1.0443,Rice,high,0.377,False,measured,6,True,2.5343,226.0,0.0,1.0,-1.0695,0.0,0.8495,1.675,1.4229,1.4859
22,Sokhda,70,1.1213,Rice,high,0.2075,False,measured,6,True,2.0836,226.0,0.0,1.0,-0.2801,0.0,0.936,1.675,1.5679,1.7581
22,Sokhda,71,0.5035,Groundnut,low,0.167,False,measured,6,False,0.4693,,0.4693,,-0.8379,0.0,0.7,2.734,1.9138,0.9636
22,Sokhda,72,0.3691,Maize,low,0.1004,False,measured,6,True,0.7512,226.0,0.0719,0.9043,0.1362,0.0,1.0923,2.035,2.2229,0.8205
22,Sokhda,73,0.3509,Maize,low,-0.1643,False,measured,6,False,0.0,,0.0,,-1.2743,0.0,0.7157,2.035,1.4564,0.5111
22,Sokhda,74,0.9351,Rice,high,0.4145,False,measured,6,True,2.0308,226.0,0.4596,0.7737,1.7309,0.0,1.206,1.675,2.0201,1.889
22,Sokhda,75,1.1756,Maize,low,0.5278,False,measured,6,False,0.0,,0.0,,-0.7539,0.0,0.8512,2.035,1.7322,2.0364
22,Sokhda,76,1.3119,Maize,low,0.1833,False,measured,6,False,0.0,,0.0,,-0.5512,0.0,0.904,2.035,1.8397,2.4135
22,Sokhda,77,0.9374,Groundnut,low,0.2672,False,measured,6,True,1.2566,286.0,0.3219,0.7438,0.5374,0.0,0.9983,2.734,2.7294,2.5585
22,Sokhda,78,0.4009,Cotton,high,0.0649,False,measured,6,True,2.0402,316.0,2.0402,0.0,0.3862,0.8101,0.7,1.6206,1.1344,0.4548
22,Sokhda,79,0.5705,Maize,low,0.5693,False,measured,6,False,0.0,,0.0,,-1.2146,0.0,0.7312,2.035,1.4881,0.849
22,Sokhda,80,1.3582,Maize,low,0.5166,False,measured,6,False,0.0,,0.0,,-1.477,0.0,0.7,2.035,1.4245,1.9348
22,Sokhda,81,1.4962,Rice,high,0.0833,False,measured,6,True,2.7196,226.0,1.2127,0.5541,1.3094,0.0,1.1452,1.675,1.9182,2.87
22,Sokhda,82,1.0646,Maize,low,0.1129,False,measured,6,True,0.5124,226.0,0.0,1.0,0.1054,0.0,1.0834,2.035,2.2048,2.3472
22,Sokhda,83,0.4909,Maize,low,0.3593,False,measured,6,False,0.0,,0.0,,-0.5558,0.0,0.9028,2.035,1.8372,0.9019
22,Sokhda,84,0.1652,Bajra,low,0.0737,False,measured,6,True,1.236,226.0,0.0,1.0,0.8271,0.0,1.3,1.362,1.7706,0.2925
22,Sokhda,85,1.2806,Rice,high,0.3355,False,measured,6,True,2.0909,226.0,0.4666,0.7769,1.5575,0.0,1.181,1.675,1.9782,2.5333
22,Sokhda,86,2.7346,Rice,high,0.2529,False,measured,6,True,2.3158,226.0,1.35,0.417,1.9077,0.0,1.2315,1.675,2.0628,5.6409
22,Sokhda,87,0.7772,Groundnut,low,0.1451,False,measured,6,True,0.6144,316.0,0.6144,0.0,-0.8229,0.0,0.7026,2.734,1.921,1.493
22,Sokhda,88,0.2609,Bajra,low,0.3085,False,measured,6,False,0.0,,0.0,,-2.5753,0.0,0.9511,1.362,1.2955,0.338
22,Sokhda,89,0.7262,Bajra,low,0.2632,False,measured,6,False,0.0,,0.0,,-1.9089,0.0,0.9791,1.362,1.3335,0.9684
22,Sokhda,90,0.3849,Groundnut,low,0.239,False,measured,6,True,1.2351,286.0,0.852,0.3102,0.9521,0.0,1.1131,2.734,3.0432,1.1713
22,Sokhda,91,0.2343,Groundnut,low,0.1417,False,measured,6,True,1.0516,286.0,0.2437,0.7683,0.5106,0.0,0.9925,2.734,2.7135,0.6358
22,Sokhda,92,0.2264,Groundnut,low,0.0401,False,measured,6,True,1.3476,286.0,0.5091,0.6222,0.7867,0.0,1.0671,2.734,2.9175,0.6605
22,Sokhda,93,0.1393,Cotton,high,0.2973,False,measured,6,True,1.7486,316.0,1.7486,0.0,1.2215,0.5267,0.925,1.6206,1.4991,0.2088
22,Sokhda,94,0.2785,Maize,low,0.0477,False,measured,6,False,0.0,,0.0,,-0.7031,0.0,0.8645,2.035,1.7592,0.4899
22,Sokhda,95,0.284,Rice,high,0.316,False,measured,6,False,0.4299,,0.0,,-0.8977,0.0,0.8683,1.675,1.4544,0.413
22,Sokhda,96,1.1555,Groundnut,low,0.1853,False,measured,6,True,1.0711,316.0,1.0711,0.0,0.5098,0.0,0.9923,2.734,2.713,3.1349
22,Sokhda,97,0.5992,Groundnut,low,0.0725,False,measured,6,True,1.3116,316.0,1.3116,0.0,-0.9235,0.0,0.7,2.734,1.9138,1.1467
22,Sokhda,98,0.2332,Groundnut,low,0.2701,False,measured,6,True,1.4948,316.0,1.4948,0.0,0.7194,0.0,1.0484,2.734,2.8664,0.6684
22,Sokhda,99,0.0758,Maize,low,0.1281,False,measured,6,False,0.0,,0.0,,-1.0734,0.0,0.768,2.035,1.5629,0.1185
22,Sokhda,100,1.0383,Rice,high,0.1121,False,measured,6,False,0.0,,0.0,,-1.8521,0.0,0.7636,1.675,1.2791,1.3281
22,Sokhda,101,0.8634,Groundnut,low,0.2923,False,measured,6,True,1.474,316.0,1.474,0.0,0.9155,0.0,1.1029,2.734,3.0154,2.6035
22,Sokhda,102,0.8774,Groundnut,low,0.1089,False,measured,6,True,1.1448,316.0,1.1448,0.0,0.2185,0.0,0.929,2.734,2.5399,2.2285
22,Sokhda,103,0.8204,Groundnut,low,-0.0947,True,measured,6,True,7.273,316.0,7.273,0.0,7.136,0.0,1.3,2.734,3.5542,2.9159
22,Sokhda,104,1.2057,Groundnut,low,0.1691,False,measured,6,True,0.5227,316.0,0.5227,0.0,-0.316,0.0,0.8128,2.734,2.2222,2.6793
22,Sokhda,105,0.8696,Rice,high,0.1941,False,measured,6,True,1.3052,226.0,1.0409,0.2024,0.4785,0.0,1.0253,1.675,1.7174,1.4935
22,Sokhda,106,1.2328,Rice,high,0.288,False,measured,6,True,2.6031,226.0,1.0702,0.5889,1.9596,0.0,1.239,1.675,2.0754,2.5586
22,Sokhda,107,0.3454,Maize,low,0.1298,False,measured,6,False,0.3804,,0.0,,-0.4404,0.0,0.9329,2.035,1.8984,0.6557
22,Sokhda,108,1.4405,Rice,high,0.4175,False,measured,6,True,2.0641,226.0,0.0,1.0,1.0536,0.0,1.1083,1.675,1.8564,2.6741
22,Sokhda,109,0.384,Groundnut,low,0.0188,False,measured,6,True,0.8884,286.0,0.5849,0.3416,-0.055,0.0,0.8695,2.734,2.3773,0.9129
22,Sokhda,110,0.9027,Rice,high,0.4285,False,measured,6,True,1.9155,226.0,0.0,1.0,0.6677,0.0,1.0526,1.675,1.7631,1.5916
22,Sokhda,111,1.7361,Cotton,high,0.0808,False,measured,6,True,1.3444,316.0,1.3444,0.0,0.7538,0.5507,0.7327,1.6206,1.1874,2.0614
22,Sokhda,112,0.4228,Rice,high,0.1048,False,measured,6,False,0.1474,,0.0,,-1.3288,0.0,0.821,1.675,1.3752,0.5814
22,Sokhda,113,0.4519,Bajra,low,0.0642,False,measured,6,False,0.1492,,0.0,,-0.6946,0.0,1.134,1.362,1.5445,0.698
22,Sokhda,114,2.7161,Maize,low,0.175,False,measured,6,False,0.0,,0.0,,-0.7787,0.0,0.8448,2.035,1.7191,4.6692
22,Sokhda,115,1.1777,Maize,low,0.2316,False,measured,6,True,1.5595,286.0,0.0,1.0,0.8802,0.0,1.3,2.035,2.6455,3.1156
22,Sokhda,116,1.4371,Maize,low,0.402,False,measured,6,False,0.0,,0.0,,-0.827,0.0,0.8322,2.035,1.6935,2.4337
22,Sokhda,117,0.5395,Rice,high,0.3603,False,measured,6,True,1.0871,226.0,0.0,1.0,-1.6684,0.0,0.7838,1.675,1.3128,0.7083
22,Sokhda,118,0.9738,Maize,low,0.1054,False,measured,6,False,0.0,,0.0,,-1.2744,0.0,0.7157,2.035,1.4564,1.4182
22,Sokhda,119,0.5508,Rice,high,0.3339,False,measured,6,True,1.8676,226.0,0.0,1.0,-1.5505,0.0,0.7967,1.675,1.3345,0.735
22,Sokhda,120,1.0908,Cotton,high,0.0554,False,measured,6,True,2.8135,226.0,2.7654,0.0171,2.3406,0.491,1.1393,1.6206,1.8463,2.0139
22,Sokhda,121,1.3063,Rice,high,0.2798,False,measured,6,True,1.0162,226.0,0.3742,0.6317,0.8201,0.0,1.0746,1.675,1.8,2.3513
22,Sokhda,122,0.8743,Cotton,high,0.3012,False,measured,6,True,3.3065,316.0,3.3065,0.0,2.4595,0.5587,1.157,1.6206,1.875,1.6393
22,Sokhda,123,0.643,Cotton,high,0.4753,False,measured,6,True,2.5001,286.0,2.1534,0.1387,1.8137,0.4876,1.0609,1.6206,1.7194,1.1056
22,Sokhda,124,0.7599,Groundnut,low,0.1678,False,measured,6,True,0.915,316.0,0.915,0.0,0.0318,0.0,0.8884,2.734,2.4289,1.8457
22,Sokhda,125,1.0226,Maize,low,0.4204,False,measured,6,False,0.0,,0.0,,-1.2333,0.0,0.7264,2.035,1.4782,1.5116
22,Sokhda,126,0.7151,Maize,low,0.3137,False,measured,6,True,1.7664,286.0,0.0,1.0,0.6045,0.0,1.228,2.035,2.4989,1.787
22,Sokhda,127,0.504,Groundnut,low,0.3672,False,measured,6,True,0.9356,286.0,0.1754,0.8125,0.4695,0.0,0.9835,2.734,2.689,1.3553
22,Sokhda,128,0.2559,Cotton,high,0.0677,False,measured,6,True,2.5171,316.0,2.5171,0.0,0.8603,0.8101,0.7765,1.6206,1.2584,0.322
22,Sokhda,129,0.2874,Groundnut,low,0.4302,False,measured,6,True,1.4006,286.0,0.4555,0.6748,1.0976,0.0,1.1536,2.734,3.1538,0.9064
22,Sokhda,130,1.1299,Bajra,low,0.5708,False,measured,6,False,0.0867,,0.0,,-0.3253,0.0,1.2032,1.362,1.6387,1.8516
22,Sokhda,131,0.3507,Maize,low,0.2067,False,measured,6,False,0.0,,0.0,,-0.4143,0.0,0.9397,2.035,1.9122,0.6706
22,Sokhda,132,0.2255,Maize,low,0.2628,False,measured,6,False,0.0,,0.0,,-0.579,0.0,0.8968,2.035,1.8249,0.4115
22,Sokhda,133,0.2754,Groundnut,low,0.3058,False,measured,6,True,1.0424,286.0,0.7943,0.238,0.7025,0.0,1.0437,2.734,2.8535,0.7859
22,Sokhda,134,0.5425,Maize,low,0.4433,False,measured,6,False,0.1506,,0.0,,-0.4919,0.0,0.9195,2.035,1.8711,1.0151
22,Sokhda,135,2.3403,Maize,low,-0.0017,False,measured,6,False,0.0,,0.0,,-0.1702,0.0,1.0036,2.035,2.0423,4.7796
22,Sokhda,136,0.6784,Maize,low,0.1302,False,measured,6,False,0.0466,,0.0,,-0.7444,0.0,0.8537,2.035,1.7373,1.1786
22,Sokhda,137,1.7808,Groundnut,low,-0.1757,True,measured,6,True,5.2624,316.0,5.2624,0.0,4.5107,0.0,1.3,2.734,3.5542,6.3293
22,Sokhda,138,0.8421,Groundnut,low,-0.1374,True,measured,6,True,5.4841,316.0,5.4841,0.0,4.8361,0.0,1.3,2.734,3.5542,2.993
22,Sokhda,139,0.9984,Maize,low,0.3099,False,measured,6,True,0.9039,286.0,0.0,1.0,0.1538,0.0,1.0974,2.035,2.2333,2.2297
22,Sokhda,140,0.2669,Maize,low,0.1495,False,measured,6,True,2.7503,286.0,0.0,1.0,1.0255,0.0,1.3,2.035,2.6455,0.7061
22,Sokhda,141,0.484,Cotton,high,0.2237,False,measured,6,True,1.7808,316.0,1.7808,0.0,1.3146,0.563,0.9633,1.6206,1.5612,0.7556
22,Sokhda,142,1.9453,Cotton,high,0.3121,False,measured,6,True,1.9519,316.0,1.9519,0.0,1.4391,0.5637,1.0053,1.6206,1.6291,3.1691
22,Sokhda,143,0.6453,Maize,low,0.1254,False,measured,6,True,0.8744,226.0,0.0,1.0,0.3368,0.0,1.1504,2.035,2.3411,1.5107
22,Sokhda,144,2.4646,Cotton,high,0.0802,False,measured,6,True,4.5123,316.0,4.5123,0.0,3.6729,0.5106,1.3,1.6206,2.1068,5.1924
22,Sokhda,145,1.2803,Groundnut,low,0.0784,False,measured,6,True,0.7682,316.0,0.7682,0.0,-0.2133,0.0,0.8351,2.734,2.2832,2.9232
22,Sokhda,146,0.695,Maize,low,0.4253,False,measured,6,True,0.7429,286.0,0.0,1.0,0.0022,0.0,1.0535,2.035,2.1439,1.49
22,Sokhda,147,0.6208,Rice,high,0.3419,False,measured,6,True,3.3995,226.0,0.0,1.0,2.4382,0.0,1.3,1.675,2.1775,1.3518
22,Sokhda,148,0.2687,Maize,low,0.2935,False,measured,6,True,1.1577,286.0,0.0,1.0,0.1323,0.0,1.0912,2.035,2.2206,0.5967
22,Sokhda,149,1.1391,Bajra,low,-0.3624,False,measured,6,False,0.0,,0.0,,-0.9228,0.0,1.0912,1.362,1.4862,1.6929
22,Sokhda,150,0.771,Maize,low,0.0837,False,measured,6,False,0.0,,0.0,,-0.9072,0.0,0.8113,2.035,1.651,1.2729
22,Sokhda,151,0.4697,Rice,high,0.1306,False,measured,6,True,1.1656,226.0,0.0,1.0,0.0375,0.0,0.9709,1.675,1.6262,0.7638
22,Sokhda,152,0.3038,Maize,low,0.2361,False,measured,6,False,0.0,,0.0,,-1.1131,0.0,0.7577,2.035,1.5419,0.4684
22,Sokhda,153,0.2808,Cotton,high,0.1887,False,measured,6,True,2.1963,316.0,2.1963,0.0,0.9512,0.7722,0.8139,1.6206,1.319,0.3704
22,Sokhda,154,0.7238,Groundnut,low,-0.1498,True,measured,6,True,5.5417,226.0,4.0152,0.2754,4.8554,0.0,1.3,2.734,3.5542,2.5725
22,Sokhda,155,0.4358,Maize,low,0.177,False,measured,6,False,0.0,,0.0,,-1.3033,0.0,0.7081,2.035,1.4411,0.628
22,Sokhda,156,0.8466,Bajra,low,0.3288,False,measured,6,False,0.0,,0.0,,-0.5709,0.0,1.1571,1.362,1.576,1.3342
22,Sokhda,157,0.4224,Cotton,high,0.0706,False,measured,6,True,2.5609,286.0,2.0014,0.2185,1.9671,0.4228,1.0838,1.6206,1.7563,0.7419
22,Sokhda,158,0.4538,Bajra,low,0.108,False,measured,6,False,0.0,,0.0,,-1.2625,0.0,1.0276,1.362,1.3996,0.6351
22,Sokhda,159,0.6722,Bajra,low,0.0539,False,measured,6,False,0.1011,,0.0,,-1.1231,0.0,1.0537,1.362,1.4351,0.9647
22,Sokhda,160,0.702,Bajra,low,0.1832,False,measured,6,False,0.0,,0.0,,-0.7075,0.0,1.1316,1.362,1.5412,1.0819
22,Sokhda,161,0.5002,Maize,low,0.42,False,measured,6,False,0.0,,0.0,,-0.4331,0.0,0.9348,2.035,1.9022,0.9515
22,Sokhda,162,0.3072,Maize,low,0.0796,False,measured,6,False,0.0862,,0.0862,,-1.0012,0.0,0.7868,2.035,1.6012,0.4919
22,Sokhda,163,0.9803,Rice,high,0.3708,False,measured,6,True,1.5361,226.0,0.1936,0.874,0.7979,0.0,1.0714,1.675,1.7946,1.7592
22,Sokhda,164,0.9062,Maize,low,-0.5492,False,measured,6,False,0.112,,0.0,,-0.1136,0.0,1.02,2.035,2.0757,1.881
22,Sokhda,165,0.7514,Groundnut,low,0.0902,False,measured,6,True,0.6058,316.0,0.6058,0.0,0.2135,0.0,0.9279,2.734,2.5369,1.9062
22,Sokhda,166,1.1974,Groundnut,low,0.1494,False,measured,6,True,0.623,316.0,0.623,0.0,0.0191,0.0,0.8857,2.734,2.4214,2.8994
22,Sokhda,167,0.7704,Groundnut,low,0.1317,False,measured,6,False,0.495,,0.2357,,-0.2197,0.0,0.8337,2.734,2.2794,1.756
22,Sokhda,168,0.7724,Maize,low,0.6717,False,measured,6,False,0.0,,0.0,,-0.553,0.0,0.9035,2.035,1.8387,1.4202
22,Sokhda,169,1.2283,Rice,high,0.3536,False,measured,6,True,0.7713,226.0,0.0,1.0,-2.8371,0.0,0.7,1.675,1.1725,1.4402
22,Sokhda,170,0.5501,Maize,low,0.4825,False,measured,6,True,1.3385,286.0,0.0,1.0,0.2857,0.0,1.1356,2.035,2.311,1.2713
22,Sokhda,171,0.324,Groundnut,low,0.1694,False,measured,6,True,1.9318,286.0,0.1859,0.9038,0.9351,0.0,1.1084,2.734,3.0303,0.9818
22,Sokhda,172,0.7412,Groundnut,low,-0.2328,False,measured,6,True,5.5345,316.0,5.5345,0.0,1.3013,0.0,1.2102,2.734,3.3086,2.4523
22,Sokhda,173,1.0506,Maize,low,-0.4143,False,measured,6,True,1.1198,226.0,0.0,1.0,0.5957,0.0,1.2254,2.035,2.4937,2.6199
22,Sokhda,174,0.9526,Rice,high,0.1252,False,measured,6,True,1.8584,226.0,0.0,1.0,0.2842,0.0,0.9979,1.675,1.6715,1.5923
22,Sokhda,175,0.1686,Groundnut,low,0.4275,False,measured,6,True,1.4125,286.0,1.0603,0.2494,1.1204,0.0,1.1599,2.734,3.1711,0.5346
22,Sokhda,176,0.1732,Maize,low,0.291,False,measured,6,False,0.411,,0.0,,-0.4039,0.0,0.9424,2.035,1.9177,0.3321
22,Sokhda,177,0.417,Maize,low,0.1019,False,measured,6,False,0.4399,,0.0263,,0.0837,0.0,1.0771,2.035,2.1919,0.914
22,Sokhda,178,0.2664,Maize,low,-0.508,False,measured,6,True,0.744,226.0,0.1533,0.794,0.6193,0.0,1.2323,2.035,2.5076,0.668
22,Sokhda,179,0.2935,Groundnut,low,0.0902,False,measured,6,False,0.1572,,0.1572,,0.0257,0.0,0.8871,2.734,2.4253,0.7118
22,Sokhda,180,0.5213,Bajra,low,0.2451,False,measured,6,False,0.0,,0.0,,-1.4535,0.0,0.9982,1.362,1.3595,0.7087
22,Sokhda,181,0.3171,Maize,low,0.029,False,measured,6,False,0.1058,,0.0971,,-0.3646,0.0,0.9526,2.035,1.9386,0.6147
22,Sokhda,182,0.4785,Maize,low,0.0158,False,measured,6,False,0.3772,,0.0,,-0.4158,0.0,0.9393,2.035,1.9114,0.9146
22,Sokhda,183,0.3601,Maize,low,0.2691,False,measured,6,False,0.0,,0.0,,-0.9218,0.0,0.8075,2.035,1.6432,0.5917
22,Sokhda,184,0.8761,Bajra,low,0.1243,False,measured,6,False,0.0,,0.0,,-0.9347,0.0,1.089,1.362,1.4832,1.2994
22,Sokhda,185,0.4617,Bajra,low,0.1125,False,measured,6,False,0.0,,0.0,,-0.7935,0.0,1.1155,1.362,1.5193,0.7015
22,Sokhda,186,0.7722,Maize,low,0.0979,False,measured,6,True,0.6899,286.0,0.0,1.0,0.192,0.0,1.1085,2.035,2.2558,1.7419
22,Sokhda,187,0.2648,Maize,low,0.2475,False,measured,6,True,0.5881,226.0,0.0,1.0,0.2553,0.0,1.1268,2.035,2.2931,0.6072
22,Sokhda,188,0.7572,Cotton,high,0.0859,False,measured,6,True,2.7339,316.0,2.7339,0.0,1.7798,0.6364,1.0559,1.6206,1.7112,1.2957
22,Sokhda,189,0.4967,Maize,low,0.119,False,measured,6,False,0.0,,0.0,,-0.2342,0.0,0.9866,2.035,2.0076,0.9972
22,Sokhda,190,0.6008,Maize,low,0.0486,False,measured,6,False,0.0,,0.0,,-0.8393,0.0,0.829,2.035,1.687,1.0135
22,Sokhda,191,0.1818,Bajra,low,0.1624,False,measured,6,False,0.0,,0.0,,-1.016,0.0,1.0737,1.362,1.4624,0.2659
22,Sokhda,192,0.5115,Maize,low,0.1027,False,measured,6,False,0.0,,0.0,,-1.172,0.0,0.7423,2.035,1.5107,0.7727
22,Sokhda,193,1.1709,Maize,low,0.1043,False,measured,6,False,0.0,,0.0,,-0.7343,0.0,0.8563,2.035,1.7426,2.0404
22,Sokhda,194,0.5906,Bajra,low,0.2037,False,measured,6,False,0.0,,0.0,,-1.8499,0.0,0.9815,1.362,1.3369,0.7896
22,Sokhda,195,0.2705,Maize,low,0.2501,False,measured,6,True,1.5611,286.0,0.0,1.0,0.2907,0.0,1.1371,2.035,2.314,0.6259
22,Sokhda,196,0.2479,Groundnut,low,0.315,False,measured,6,True,1.1236,316.0,1.1236,0.0,0.5,0.0,0.9902,2.734,2.7072,0.6711
22,Sokhda,197,0.2252,Maize,low,0.1196,False,measured,6,False,0.0,,0.0,,-1.0774,0.0,0.767,2.035,1.5608,0.3515
22,Sokhda,198,0.1275,Groundnut,low,0.2494,False,measured,6,False,0.3791,,0.3791,,-0.9066,0.0,0.7,2.734,1.9138,0.244
22,Sokhda,199,2.2065,Cotton,high,0.0771,False,measured,6,True,2.2552,316.0,2.2552,0.0,1.7879,0.5242,1.0571,1.6206,1.7131,3.78
22,Sokhda,200,0.9396,Rice,high,0.4448,False,measured,6,True,1.4128,226.0,0.0,1.0,0.9408,0.0,1.092,1.675,1.8291,1.7186
22,Sokhda,201,1.0045,Maize,low,0.1359,False,measured,6,False,0.0,,0.0,,-0.6295,0.0,0.8836,2.035,1.7982,1.8063
22,Sokhda,202,0.7478,Bajra,low,0.32,False,measured,6,False,0.0,,0.0,,-1.9647,0.0,0.9767,1.362,1.3303,0.9948
22,Sokhda,203,0.6296,Bajra,low,0.3978,False,measured,6,False,0.0,,0.0,,-1.8175,0.0,0.9829,1.362,1.3387,0.8428
22,Sokhda,204,1.0112,Cotton,high,0.1875,False,measured,6,True,2.3215,316.0,2.3215,0.0,1.2865,0.6716,0.9518,1.6206,1.5424,1.5597
22,Sokhda,205,0.635,Rice,high,0.1883,False,measured,6,True,0.9042,226.0,0.0,1.0,-0.4724,0.0,0.915,1.675,1.5326,0.9732
22,Sokhda,206,0.7843,Bajra,low,0.1107,False,measured,6,True,1.003,286.0,0.0,1.0,0.6541,0.0,1.3,1.362,1.7706,1.3887
22,Sokhda,207,0.6967,Bajra,low,0.0479,False,measured,6,False,0.0,,0.0,,-1.6062,0.0,0.9918,1.362,1.3508,0.9411
22,Sokhda,208,0.4266,Groundnut,low,-0.2477,False,measured,6,False,0.1612,,0.1612,,-0.295,0.0,0.8174,2.734,2.2347,0.9533
22,Sokhda,209,0.1583,Rice,high,0.0666,False,measured,6,True,1.1926,226.0,0.0,1.0,0.5415,0.0,1.0344,1.675,1.7326,0.2743
22,Sokhda,210,0.313,Bajra,low,0.1644,False,measured,6,False,0.1999,,0.0,,-0.4703,0.0,1.176,1.362,1.6017,0.5013
22,Sokhda,211,0.1802,Maize,low,0.0135,False,measured,6,True,0.7127,226.0,0.0,1.0,-0.0839,0.0,1.0286,2.035,2.0932,0.3772
22,Sokhda,212,0.4319,Maize,low,0.5138,False,measured,6,False,0.0,,0.0,,-1.0487,0.0,0.7744,2.035,1.576,0.6807
22,Sokhda,213,0.3846,Rice,high,0.4258,False,measured,6,True,1.5108,226.0,0.0,1.0,0.3186,0.0,1.0022,1.675,1.6788,0.6457
22,Sokhda,214,0.5767,Groundnut,low,0.0073,False,measured,6,True,1.4105,316.0,1.4105,0.0,0.2306,0.0,0.9316,2.734,2.5471,1.4689
22,Sokhda,215,0.3684,Groundnut,low,0.1376,False,measured,6,True,1.0792,316.0,1.0792,0.0,-0.4856,0.0,0.7759,2.734,2.1214,0.7815
22,Sokhda,216,2.2579,Rice,high,0.4668,False,measured,6,True,1.5478,226.0,0.0,1.0,0.2138,0.0,0.9902,1.675,1.6586,3.745
22,Sokhda,217,1.6185,Maize,low,0.0544,False,measured,6,True,0.5172,226.0,0.0667,0.871,0.2888,0.0,1.1365,2.035,2.3128,3.7433
22,Sokhda,218,0.521,Rice,high,0.3603,False,measured,6,True,1.7219,226.0,0.0,1.0,-0.1017,0.0,0.9556,1.675,1.6006,0.8339
22,Sokhda,219,0.481,Rice,high,0.4005,False,measured,6,True,1.4189,226.0,0.0,1.0,-0.095,0.0,0.9563,1.675,1.6019,0.7705
22,Sokhda,220,0.6792,Groundnut,low,0.1188,False,measured,6,True,1.4598,316.0,1.4598,0.0,-0.9417,0.0,0.7,2.734,1.9138,1.2999
22,Sokhda,221,0.4398,Maize,low,0.2619,False,measured,6,False,0.1038,,0.1038,,-0.7792,0.0,0.8446,2.035,1.7188,0.7559
22,Sokhda,222,0.312,Maize,low,0.0658,False,measured,6,False,0.0,,0.0,,-0.8707,0.0,0.8208,2.035,1.6703,0.5211
22,Sokhda,223,0.7449,Groundnut,low,0.3348,False,measured,6,True,0.6501,316.0,0.6501,0.0,-1.111,0.0,0.7,2.734,1.9138,1.4256
22,Sokhda,224,0.4594,Maize,low,0.3694,False,measured,6,False,0.0,,0.0,,-1.7556,0.0,0.7,2.035,1.4245,0.6544
22,Sokhda,225,0.4348,Bajra,low,0.2361,False,measured,6,False,0.0,,0.0,,-1.4857,0.0,0.9968,1.362,1.3577,0.5903
22,Sokhda,226,0.9808,Bajra,low,0.4307,False,measured,6,False,0.0,,0.0,,-2.1158,0.0,0.9704,1.362,1.3217,1.2963
22,Sokhda,227,1.6989,Maize,low,0.3502,False,measured,6,False,0.0,,0.0,,-1.5443,0.0,0.7,2.035,1.4245,2.4201
22,Sokhda,228,0.4755,Bajra,low,0.0884,False,measured,6,False,0.0,,0.0,,-2.2155,0.0,0.9662,1.362,1.316,0.6258
22,Sokhda,229,0.7805,Bajra,low,0.3217,False,measured,6,False,0.0,,0.0,,-0.9015,0.0,1.0952,1.362,1.4917,1.1643
22,Sokhda,230,1.6167,Rice,high,0.4167,False,measured,6,True,1.7749,226.0,0.0,1.0,0.146,0.0,0.9828,1.675,1.6462,2.6614
22,Sokhda,231,0.9412,Bajra,low,0.4537,False,measured,6,False,0.0,,0.0,,-1.3599,0.0,1.0093,1.362,1.3747,1.2939
22,Sokhda,232,0.2672,Maize,low,0.2051,False,measured,6,False,0.0458,,0.0,,-0.0487,0.0,1.0388,2.035,2.114,0.5649
22,Sokhda,233,1.4463,Bajra,low,0.2348,False,measured,6,False,0.0,,0.0,,-2.3586,0.0,0.9602,1.362,1.3078,1.8915
22,Sokhda,234,0.7494,Bajra,low,0.3375,False,measured,6,False,0.0,,0.0,,-1.181,0.0,1.0428,1.362,1.4203,1.0644
22,Sokhda,235,0.9883,Rice,high,0.3063,False,measured,6,True,1.0261,226.0,0.0,1.0,-3.0737,0.0,0.7,1.675,1.1725,1.1588
22,Sokhda,236,0.9385,Cotton,high,0.0698,False,measured,6,True,1.4469,286.0,1.3739,0.0505,0.8958,0.5064,0.7911,1.6206,1.2821,1.2033
22,Sokhda,237,0.5468,Bajra,low,0.3259,False,measured,6,False,0.0,,0.0,,-1.6369,0.0,0.9905,1.362,1.349,0.7376
22,Sokhda,238,0.2242,Groundnut,low,0.1031,False,measured,6,True,1.1208,286.0,0.2127,0.8102,0.4261,0.0,0.9741,2.734,2.6633,0.5971
22,Sokhda,239,0.623,Cotton,high,0.3918,False,measured,6,True,2.1545,316.0,2.1545,0.0,1.2534,0.6288,0.9382,1.6206,1.5204,0.9472
22,Sokhda,240,0.6477,Maize,low,0.3536,False,measured,6,True,1.1401,226.0,0.0,1.0,0.6708,0.0,1.2472,2.035,2.538,1.6439
22,Sokhda,241,1.2201,Maize,low,0.0373,False,measured,6,False,0.118,,0.118,,-0.4151,0.0,0.9395,2.035,1.9118,2.3326
22,Sokhda,242,0.2829,Bajra,low,0.2409,False,measured,6,False,0.0,,0.0,,-1.3776,0.0,1.006,1.362,1.3702,0.3876
22,Sokhda,243,0.3109,Maize,low,0.2149,False,measured,6,False,0.0,,0.0,,-1.1908,0.0,0.7374,2.035,1.5007,0.4666
22,Sokhda,244,0.8507,Maize,low,0.022,False,measured,6,True,1.0129,286.0,0.0,1.0,0.4122,0.0,1.1723,2.035,2.3856,2.0294
22,Sokhda,245,0.3606,Bajra,low,0.5107,False,measured,6,False,0.0,,0.0,,-1.7796,0.0,0.9845,1.362,1.3409,0.4835
22,Sokhda,246,1.329,Cotton,low,-0.2691,False,measured,6,True,2.0558,286.0,0.2522,0.8773,1.0117,0.1036,0.8388,1.6206,1.3593,1.8065
22,Sokhda,247,0.3614,Maize,low,0.1142,False,measured,6,False,0.0,,0.0,,-0.413,0.0,0.94,2.035,1.9129,0.6913
22,Sokhda,248,0.5568,Rice,high,0.4317,False,measured,6,True,1.9136,226.0,0.0,1.0,0.394,0.0,1.0131,1.675,1.697,0.9449
22,Sokhda,249,0.3293,Bajra,low,0.2924,False,measured,6,False,0.0,,0.0,,-0.7361,0.0,1.1262,1.362,1.5339,0.5051
22,Sokhda,250,0.5115,Groundnut,low,0.1263,False,measured,6,True,1.3286,286.0,0.6493,0.5113,0.7098,0.0,1.0458,2.734,2.8591,1.4624
22,Sokhda,251,0.5215,Groundnut,low,0.014,False,measured,6,True,1.225,316.0,1.225,0.0,-0.2849,0.0,0.8196,2.734,2.2407,1.1685
22,Sokhda,252,1.0573,Groundnut,low,0.0283,False,measured,6,True,1.0428,316.0,1.0428,0.0,-0.3629,0.0,0.8026,2.734,2.1943,2.32
22,Sokhda,253,0.7286,Rice,high,0.3149,False,measured,6,True,2.7349,286.0,0.7964,0.7088,2.2617,0.0,1.2826,1.675,2.1484,1.5653
22,Sokhda,254,2.1852,Groundnut,low,0.0827,False,measured,6,True,1.0652,286.0,0.4149,0.6105,-0.0466,0.0,0.8714,2.734,2.3823,5.2058
22,Sokhda,255,0.3891,Groundnut,low,0.0631,False,measured,6,True,1.4599,316.0,1.4599,0.0,-0.302,0.0,0.8158,2.734,2.2305,0.8679
22,Sokhda,256,0.3327,Bajra,low,0.0485,False,measured,6,False,0.0,,0.0,,-2.0685,0.0,0.9724,1.362,1.3244,0.4406
22,Sokhda,257,0.2646,Bajra,low,0.1968,False,measured,6,False,0.0379,,0.0,,-0.3407,0.0,1.2003,1.362,1.6348,0.4326
22,Sokhda,258,0.6946,Maize,low,0.3071,False,measured,6,False,0.0,,0.0,,-1.0198,0.0,0.782,2.035,1.5913,1.1053
22,Sokhda,259,0.7848,Bajra,low,0.4858,False,measured,6,False,0.0,,0.0,,-1.7154,0.0,0.9872,1.362,1.3445,1.0552
22,Sokhda,260,1.8688,Groundnut,low,0.2123,False,measured,6,True,0.6918,316.0,0.6918,0.0,-0.0765,0.0,0.8649,2.734,2.3645,4.4188
22,Sokhda,261,0.8134,Cotton,high,0.1529,False,measured,6,True,4.765,316.0,4.765,0.0,3.438,0.576,1.3,1.6206,2.1068,1.7137
22,Sokhda,262,1.2894,Maize,low,0.3272,False,measured,6,False,0.436,,0.0,,-0.0294,0.0,1.0444,2.035,2.1253,2.7404
22,Sokhda,263,0.8283,Rice,high,0.2978,False,measured,6,True,1.7991,226.0,0.5937,0.67,0.0758,0.0,0.9751,1.675,1.6333,1.3529
22,Sokhda,264,0.6158,Maize,low,0.5053,False,measured,6,True,0.7958,286.0,0.0,1.0,0.0395,0.0,1.0643,2.035,2.1659,1.3338
22,Sokhda,265,0.2162,Maize,low,0.2889,False,measured,6,False,0.0,,0.0,,-0.614,0.0,0.8877,2.035,1.8064,0.3905
22,Sokhda,266,0.6077,Maize,low,0.476,False,measured,6,False,0.0,,0.0,,-0.4643,0.0,0.9267,2.035,1.8857,1.1459
22,Sokhda,267,2.1552,Groundnut,low,-0.298,True,measured,6,True,5.2539,286.0,3.5953,0.3157,3.7631,0.0,1.3,2.734,3.5542,7.66
22,Sokhda,268,0.6036,Rice,high,0.3362,False,measured,6,True,2.122,226.0,0.0,1.0,0.0002,0.0,0.9668,1.675,1.6194,0.9775
22,Sokhda,269,0.6948,Maize,low,0.3632,False,measured,6,False,0.0,,0.0,,-0.2288,0.0,0.988,2.035,2.0105,1.3969
22,Sokhda,270,1.4712,Maize,low,0.4851,False,measured,6,False,0.0,,0.0,,-0.5677,0.0,0.8997,2.035,1.8309,2.6936
22,Sokhda,271,0.509,Cotton,high,0.0599,False,measured,6,True,2.8447,286.0,1.5703,0.448,1.8199,0.3586,1.0619,1.6206,1.7209,0.8759
22,Sokhda,272,0.9327,Maize,low,0.0322,False,measured,6,False,0.0,,0.0,,-1.2722,0.0,0.7162,2.035,1.4575,1.3594
22,Sokhda,273,1.1231,Bajra,low,0.3522,False,measured,6,False,0.0,,0.0,,-1.7617,0.0,0.9852,1.362,1.3419,1.5071
22,Sokhda,274,1.1264,Rice,high,0.2804,False,measured,6,True,0.7903,226.0,0.0,1.0,-0.8543,0.0,0.8731,1.675,1.4624,1.6472
22,Sokhda,275,0.3528,Maize,low,0.4063,False,measured,6,True,0.7523,226.0,0.0,1.0,0.4328,0.0,1.1782,2.035,2.3977,0.8459
22,Sokhda,276,1.6402,Maize,low,0.1623,False,measured,6,False,0.0,,0.0,,-1.1913,0.0,0.7373,2.035,1.5005,2.4611
22,Sokhda,277,0.4988,Maize,low,0.3524,False,measured,6,False,0.0,,0.0,,-0.5618,0.0,0.9013,2.035,1.8341,0.9148
22,Sokhda,278,0.4857,Groundnut,low,0.0708,False,measured,6,True,0.687,286.0,0.3362,0.5106,0.2054,0.0,0.9261,2.734,2.5321,1.2298
22,Sokhda,279,1.4053,Maize,low,0.1689,False,measured,6,False,0.0,,0.0,,-1.0364,0.0,0.7776,2.035,1.5825,2.2239
22,Sokhda,280,1.4555,Bajra,low,0.1,False,measured,6,False,0.0,,0.0,,-1.1802,0.0,1.043,1.362,1.4206,2.0677
22,Sokhda,281,0.6997,Bajra,low,0.1097,False,measured,6,False,0.0,,0.0,,-1.7713,0.0,0.9848,1.362,1.3414,0.9386
22,Sokhda,282,0.5657,Bajra,low,0.0959,False,measured,6,False,0.1939,,0.0,,-1.2254,0.0,1.0345,1.362,1.409,0.7971
22,Sokhda,283,0.3011,Bajra,low,0.132,False,measured,6,False,0.0,,0.0,,-0.3795,0.0,1.193,1.362,1.6249,0.4893
22,Sokhda,284,0.435,Bajra,low,0.2112,False,measured,6,False,0.0,,0.0,,-1.4871,0.0,0.9968,1.362,1.3576,0.5906
22,Sokhda,285,0.8586,Groundnut,low,0.197,False,measured,6,False,0.419,,0.419,,-0.3662,0.0,0.8019,2.734,2.1924,1.8824
22,Sokhda,286,1.6266,Maize,low,0.0512,False,measured,6,True,0.6485,286.0,0.0,1.0,0.2227,0.0,1.1174,2.035,2.2739,3.6987
22,Sokhda,287,1.5955,Rice,high,0.3394,False,measured,6,True,0.8595,226.0,0.0,1.0,-1.8535,0.0,0.7635,1.675,1.2788,2.0403
22,Sokhda,288,0.4018,Maize,low,0.1212,False,measured,6,False,0.1163,,0.0,,-0.5311,0.0,0.9092,2.035,1.8503,0.7435
22,Sokhda,289,0.444,Maize,low,0.0923,False,measured,6,True,0.6889,226.0,0.0,1.0,0.4734,0.0,1.19,2.035,2.4216,1.0752
22,Sokhda,290,1.306,Rice,high,0.4278,False,measured,6,True,1.3802,226.0,0.1639,0.8813,0.9563,0.0,1.0943,1.675,1.8329,2.3938
22,Sokhda,291,1.1546,Groundnut,low,0.3537,False,measured,6,True,0.7634,226.0,0.3951,0.4824,0.6187,0.0,1.0204,2.734,2.7899,3.2212
22,Sokhda,292,1.2306,Rice,high,0.2804,False,measured,6,True,2.9875,286.0,0.8899,0.7021,2.4433,0.0,1.3,1.675,2.1775,2.6796
22,Sokhda,293,0.5258,Bajra,low,0.1125,False,measured,6,False,0.0,,0.0,,-1.7402,0.0,0.9861,1.362,1.3431,0.7062
22,Sokhda,294,0.6741,Rice,high,0.2949,False,measured,6,True,2.6739,226.0,1.0722,0.599,2.109,0.0,1.2606,1.675,2.1115,1.4234
22,Sokhda,295,1.5282,Bajra,low,0.1855,False,measured,6,False,0.0,,0.0,,-0.9126,0.0,1.0931,1.362,1.4888,2.2752
22,Sokhda,296,0.8112,Maize,low,0.4189,False,measured,6,False,0.0,,0.0,,-0.627,0.0,0.8843,2.035,1.7995,1.4598
22,Sokhda,297,0.9764,Maize,low,0.0569,False,measured,6,False,0.0,,0.0,,-1.1751,0.0,0.7415,2.035,1.509,1.4734
22,Sokhda,298,0.4933,Bajra,low,0.4421,False,measured,6,False,0.0,,0.0,,-1.8916,0.0,0.9798,1.362,1.3345,0.6583
22,Sokhda,299,0.8369,Maize,low,0.0731,False,measured,6,False,0.0,,0.0,,-0.9076,0.0,0.8112,2.035,1.6508,1.3816
22,Sokhda,300,0.8368,Bajra,low,0.0076,False,measured,6,False,0.0,,0.0,,-0.9554,0.0,1.0851,1.362,1.4779,1.2367
22,Sokhda,301,0.5822,Maize,low,0.2833,False,measured,6,False,0.0,,0.0,,-1.4822,0.0,0.7,2.035,1.4245,0.8293
22,Sokhda,302,0.5616,Maize,low,0.2817,False,measured,6,False,0.0,,0.0,,-1.1143,0.0,0.7574,2.035,1.5413,0.8656
22,Sokhda,303,0.1822,Maize,low,0.1301,False,measured,6,False,0.3197,,0.0,,-0.1962,0.0,0.9965,2.035,2.0278,0.3695
22,Sokhda,304,0.891,Bajra,low,0.2916,False,measured,6,False,0.2962,,0.0,,-0.3076,0.0,1.2065,1.362,1.6432,1.4641
22,Sokhda,305,0.5634,Maize,low,0.0516,False,measured,6,False,0.0,,0.0,,-0.9708,0.0,0.7947,2.035,1.6173,0.9112
22,Sokhda,306,0.4512,Groundnut,low,0.165,False,measured,6,True,1.4992,226.0,1.2658,0.1557,1.1238,0.0,1.1608,2.734,3.1737,1.432
22,Sokhda,307,0.4511,Maize,low,0.3215,False,measured,6,False,0.0,,0.0,,-0.869,0.0,0.8212,2.035,1.6712,0.7539
22,Sokhda,308,0.5173,Groundnut,low,0.125,False,measured,6,True,1.0615,316.0,1.0615,0.0,0.3596,0.0,0.9597,2.734,2.6237,1.3572
22,Sokhda,309,0.6355,Cotton,high,0.2333,False,measured,6,True,1.7186,316.0,1.7186,0.0,0.7192,0.674,0.7185,1.6206,1.1644,0.74
22,Sokhda,310,0.6493,Maize,low,0.2729,False,measured,6,False,0.0,,0.0,,-1.0826,0.0,0.7656,2.035,1.558,1.0116
22,Sokhda,311,0.3711,Maize,low,0.0771,False,measured,6,False,0.4786,,0.0,,-0.3603,0.0,0.9537,2.035,1.9409,0.7203
22,Sokhda,312,0.8207,Groundnut,low,0.1744,False,measured,6,True,1.1828,316.0,1.1828,0.0,-0.061,0.0,0.8682,2.734,2.3737,1.9481
22,Sokhda,313,0.6891,Bajra,low,0.1859,False,measured,6,False,0.0,,0.0,,-1.119,0.0,1.0544,1.362,1.4362,0.9897
22,Sokhda,314,1.4149,Maize,low,-0.0011,False,measured,6,True,0.8343,226.0,0.0,1.0,-0.61,0.0,0.8887,2.035,1.8085,2.5588
22,Sokhda,315,0.8643,Maize,low,0.0871,False,measured,6,False,0.1346,,0.0,,-0.6144,0.0,0.8875,2.035,1.8062,1.5611
22,Sokhda,316,0.3335,Bajra,low,0.0195,False,measured,6,True,0.5829,226.0,0.0,1.0,-0.117,0.0,1.2422,1.362,1.6919,0.5642
22,Sokhda,317,0.5914,Maize,low,0.0986,False,measured,6,False,0.0,,0.0,,-0.8227,0.0,0.8333,2.035,1.6958,1.0029
22,Sokhda,318,0.8235,Maize,low,-0.2371,False,measured,6,True,1.6469,226.0,0.0,1.0,-0.1826,0.0,1.0,2.035,2.035,1.6758
22,Sokhda,319,0.6059,Groundnut,low,0.4869,False,measured,6,True,1.0575,316.0,1.0575,0.0,0.91,0.0,1.1014,2.734,3.0112,1.8245
22,Sokhda,320,0.9906,Rice,high,0.4859,False,measured,6,True,1.5174,226.0,0.0,1.0,0.9861,0.0,1.0986,1.675,1.8401,1.8228
22,Sokhda,321,0.3565,Groundnut,low,0.1846,False,measured,6,True,1.6122,286.0,1.1977,0.2571,1.4761,0.0,1.2587,2.734,3.4414,1.2269
22,Sokhda,322,0.3237,Maize,low,0.4507,False,measured,6,False,0.0,,0.0,,-0.501,0.0,0.9171,2.035,1.8663,0.6041
22,Sokhda,323,1.5116,Bajra,low,0.0805,False,measured,6,False,0.0,,0.0,,-1.4496,0.0,0.9983,1.362,1.3597,2.0553
22,Sokhda,324,1.7103,Rice,high,0.4509,False,measured,6,True,2.5764,226.0,0.0,1.0,0.0568,0.0,0.973,1.675,1.6298,2.7874
22,Sokhda,325,0.8448,Cotton,high,0.2751,False,measured,6,True,5.2716,286.0,4.3596,0.173,3.946,0.4592,1.3,1.6206,2.1068,1.7798
22,Sokhda,326,0.8776,Rice,high,0.1568,False,measured,6,True,2.9647,226.0,1.6531,0.4424,0.8098,0.0,1.0731,1.675,1.7975,1.5775
22,Sokhda,327,1.2682,Groundnut,low,0.0787,False,measured,6,True,0.8804,316.0,0.8804,0.0,-0.0036,0.0,0.8807,2.734,2.4079,3.0537
22,Sokhda,328,0.7613,Bajra,low,0.3972,False,measured,6,False,0.0,,0.0,,-1.5985,0.0,0.9921,1.362,1.3512,1.0287
22,Sokhda,329,0.8388,Maize,low,0.3586,False,measured,6,False,0.0621,,0.0621,,-0.3395,0.0,0.9591,2.035,1.9518,1.6372
22,Sokhda,330,2.2142,Cotton,high,0.2343,False,measured,6,True,3.129,316.0,3.129,0.0,1.9758,0.6388,1.085,1.6206,1.7584,3.8934
22,Sokhda,331,0.9906,Cotton,high,0.1291,False,measured,6,True,1.5786,316.0,1.5786,0.0,0.9007,0.6436,0.7931,1.6206,1.2854,1.2733
22,Sokhda,332,0.6593,Cotton,high,0.0756,False,measured,6,True,2.1584,316.0,2.1584,0.0,0.6725,0.8101,0.7,1.6206,1.1344,0.7479
22,Sokhda,333,0.8405,Groundnut,low,-0.1953,False,measured,6,True,1.516,316.0,1.516,0.0,-0.4401,0.0,0.7858,2.734,2.1485,1.8058
22,Sokhda,334,0.5231,Cotton,high,0.6681,False,measured,6,True,2.7911,286.0,2.5548,0.0846,2.0007,0.4994,1.0887,1.6206,1.7644,0.923
22,Sokhda,335,0.8936,Bajra,low,0.182,False,measured,6,False,0.0,,0.0,,-4.7032,0.0,0.862,1.362,1.174,1.0491
22,Sokhda,336,0.5468,Maize,low,0.0872,False,measured,6,False,0.0,,0.0,,-0.4185,0.0,0.9386,2.035,1.91,1.0444
22,Sokhda,337,0.4081,Maize,low,0.0483,False,measured,6,True,3.117,286.0,0.1281,0.9589,1.7167,0.0,1.3,2.035,2.6455,1.0796
22,Sokhda,338,0.8287,Maize,low,0.5439,False,measured,6,True,0.7041,286.0,0.0,1.0,-0.0214,0.0,1.0467,2.035,2.13,1.7651
22,Sokhda,339,1.596,Groundnut,low,0.0976,False,measured,6,True,0.8645,316.0,0.8645,0.0,-0.2138,0.0,0.835,2.734,2.283,3.6437
22,Sokhda,340,0.8538,Bajra,low,0.4645,False,measured,6,False,0.0,,0.0,,-1.6569,0.0,0.9896,1.362,1.3479,1.1508
22,Sokhda,341,1.4042,Maize,low,0.1861,False,measured,6,False,0.0,,0.0,,-0.8856,0.0,0.8169,2.035,1.6625,2.3345
22,Sokhda,342,0.3523,Groundnut,low,0.0472,False,measured,6,True,0.523,316.0,0.523,0.0,-0.6498,0.0,0.7402,2.734,2.0238,0.713
22,Sokhda,343,0.452,Maize,low,0.184,False,measured,6,False,0.0,,0.0,,-0.5731,0.0,0.8983,2.035,1.8281,0.8263
22,Sokhda,344,0.7659,Rice,high,0.3447,False,measured,6,True,2.4655,286.0,0.3548,0.8561,1.9806,0.0,1.242,1.675,2.0804,1.5934
22,Sokhda,345,1.0682,Groundnut,low,0.1002,False,measured,6,True,0.9584,316.0,0.9584,0.0,-2.145,0.0,0.7,2.734,1.9138,2.0443
22,Sokhda,346,0.9825,Groundnut,low,0.0061,False,measured,6,True,1.4411,316.0,1.4411,0.0,-1.4357,0.0,0.7,2.734,1.9138,1.8803
22,Sokhda,347,1.2278,Maize,low,0.262,False,measured,6,False,0.0,,0.0,,-0.4653,0.0,0.9264,2.035,1.8852,2.3146
22,Sokhda,348,0.5345,Groundnut,low,0.0168,False,measured,6,True,1.0661,316.0,1.0661,0.0,-1.3697,0.0,0.7,2.734,1.9138,1.0229
22,Sokhda,349,1.1667,Groundnut,low,0.3198,False,measured,6,True,0.9549,316.0,0.9549,0.0,-0.6865,0.0,0.7323,2.734,2.002,2.3357
22,Sokhda,350,0.4777,Groundnut,low,0.402,False,measured,6,True,1.3859,316.0,1.3859,0.0,1.2432,0.0,1.194,2.734,3.2644,1.5594
22,Sokhda,351,1.3908,Groundnut,low,0.0448,False,measured,6,True,1.098,316.0,1.098,0.0,0.3424,0.0,0.9559,2.734,2.6135,3.6349
22,Sokhda,352,0.3684,Maize,low,0.1323,False,measured,6,True,1.0647,286.0,0.0,1.0,-0.4005,0.0,0.9433,2.035,1.9195,0.7071
22,Sokhda,353,0.7154,Groundnut,low,0.2315,False,measured,6,True,0.7083,316.0,0.7083,0.0,-0.1586,0.0,0.847,2.734,2.3157,1.6567
22,Sokhda,354,0.1943,Bajra,low,0.1587,False,measured,6,False,0.0,,0.0,,-0.5758,0.0,1.1562,1.362,1.5748,0.306
22,Sokhda,355,0.6406,Groundnut,low,0.1607,False,measured,6,True,2.2504,286.0,0.4861,0.784,0.6863,0.0,1.0392,2.734,2.8413,1.8201
22,Sokhda,356,3.487,Maize,low,-0.3172,False,measured,6,True,1.1614,286.0,0.021,0.9819,0.5909,0.0,1.224,2.035,2.4908,8.6854
22,Sokhda,357,1.774,Groundnut,low,0.2371,False,measured,6,False,0.4801,,0.3199,,0.3472,0.0,0.957,2.734,2.6163,4.6413
22,Sokhda,358,1.0031,Groundnut,low,0.1665,False,measured,6,False,0.4905,,0.2355,,0.2641,0.0,0.9389,2.734,2.5669,2.5749
22,Sokhda,359,1.1243,Groundnut,low,0.0674,False,measured,6,True,3.2911,286.0,0.7053,0.7857,1.3389,0.0,1.2206,2.734,3.3371,3.7519
22,Sokhda,360,0.3578,Maize,low,0.7753,False,measured,6,False,0.0,,0.0,,-0.7882,0.0,0.8423,2.035,1.714,0.6133
22,Sokhda,361,1.0701,Groundnut,low,0.2972,False,measured,6,False,0.2935,,0.2935,,-0.1957,0.0,0.8389,2.734,2.2937,2.4545
22,Sokhda,362,0.8972,Groundnut,low,0.1185,False,measured,6,True,0.7892,316.0,0.7892,0.0,0.0346,0.0,0.889,2.734,2.4306,2.1807
22,Sokhda,363,0.5149,Groundnut,low,0.2161,False,measured,6,True,0.7665,226.0,0.1917,0.7499,0.4072,0.0,0.97,2.734,2.652,1.3655
22,Sokhda,364,0.3986,Maize,low,0.3525,False,measured,6,True,0.5062,286.0,0.0,1.0,0.3227,0.0,1.1464,2.035,2.3328,0.9299
22,Sokhda,365,0.4625,Maize,low,0.2534,False,measured,6,False,0.0,,0.0,,-1.4147,0.0,0.7,2.035,1.4245,0.6588
22,Sokhda,366,0.6306,Maize,low,0.3402,False,measured,6,False,0.0488,,0.0,,-0.3304,0.0,0.9615,2.035,1.9567,1.2339
22,Sokhda,367,0.2021,Maize,low,0.1408,False,measured,6,True,0.5416,226.0,0.0165,0.9695,-0.222,0.0,0.9897,2.035,2.0141,0.407
22,Sokhda,368,0.9684,Maize,low,0.601,False,measured,6,False,0.3033,,0.0,,-0.2362,0.0,0.9861,2.035,2.0066,1.9432
22,Sokhda,369,0.2507,Maize,low,0.2293,False,measured,6,False,0.4585,,0.0,,0.1249,0.0,1.0891,2.035,2.2162,0.5556
22,Sokhda,370,0.2356,Bajra,low,0.1373,False,measured,6,False,0.0,,0.0,,-0.8675,0.0,1.1016,1.362,1.5003,0.3535
22,Sokhda,371,0.7369,Maize,low,0.3056,False,measured,6,False,0.4074,,0.0,,0.228,0.0,1.1189,2.035,2.277,1.6779
22,Sokhda,372,0.4214,Maize,low,0.014,False,measured,6,True,0.969,286.0,0.0,1.0,0.4102,0.0,1.1717,2.035,2.3844,1.0048
22,Sokhda,373,1.7138,Groundnut,low,0.1354,False,measured,6,True,1.0999,316.0,1.0999,0.0,0.0698,0.0,0.8967,2.734,2.4515,4.2014
22,Sokhda,374,2.8199,Cotton,high,0.0139,False,measured,6,True,1.4773,316.0,1.4773,0.0,0.7074,0.7111,0.7137,1.6206,1.1565,3.2612
22,Sokhda,375,0.7497,Bajra,low,0.1815,False,measured,6,False,0.0,,0.0,,-1.6912,0.0,0.9882,1.362,1.3459,1.009
22,Sokhda,376,0.4037,Maize,low,0.0757,False,measured,6,True,0.6601,286.0,0.0,1.0,0.3751,0.0,1.1615,2.035,2.3637,0.9542
22,Sokhda,377,0.567,Maize,low,0.0568,False,measured,6,False,0.0,,0.0,,-1.196,0.0,0.7361,2.035,1.4979,0.8493
22,Sokhda,378,0.9979,Cotton,high,0.258,False,measured,6,True,5.0997,286.0,4.2507,0.1665,3.8311,0.4611,1.3,1.6206,2.1068,2.1024
22,Sokhda,379,0.1725,Bajra,low,0.1326,False,measured,6,False,0.055,,0.0,,-0.2829,0.0,1.2111,1.362,1.6495,0.2845
22,Sokhda,380,0.2385,Rice,high,0.1738,False,measured,6,True,0.8617,226.0,0.0,1.0,-0.463,0.0,0.916,1.675,1.5343,0.3659
22,Sokhda,381,0.4308,Maize,low,0.6017,False,measured,6,True,0.7764,286.0,0.0,1.0,-0.0943,0.0,1.0256,2.035,2.087,0.8991
22,Sokhda,382,0.1987,Groundnut,low,0.3015,False,measured,6,True,1.8721,286.0,0.2463,0.8685,0.7797,0.0,1.0652,2.734,2.9122,0.5787
22,Sokhda,383,0.1023,Groundnut,low,0.2057,False,imputed,2,True,0.6332,286.0,0.5778,0.0875,0.3084,0.0,0.9485,2.734,2.5933,0.2653
22,Sokhda,384,0.1396,Groundnut,low,0.2057,False,imputed,2,True,0.6332,286.0,0.5778,0.0875,0.3084,0.0,0.9485,2.734,2.5933,0.362
22,Sokhda,385,0.0678,Groundnut,low,0.2057,False,imputed,2,True,0.6332,286.0,0.5778,0.0875,0.3084,0.0,0.9485,2.734,2.5933,0.1758
22,Sokhda,386,0.2192,Groundnut,low,0.3043,False,imputed,3,True,0.7005,286.0,0.6452,0.0791,0.3757,0.0,0.9632,2.734,2.6333,0.5772
22,Sokhda,387,0.2021,Groundnut,low,0.3653,False,imputed,2,True,0.8605,286.0,0.8051,0.0644,0.5356,0.0,0.9979,2.734,2.7283,0.5514
22,Sokhda,388,0.091,Groundnut,low,0.1722,False,imputed,3,True,1.4199,286.0,0.6034,0.575,0.7389,0.0,1.0538,2.734,2.8812,0.2622
22,Sokhda,389,0.1741,Groundnut,low,0.1549,False,imputed,2,True,0.6034,316.0,0.6034,0.0,0.266,0.0,0.9393,2.734,2.5681,0.4471
22,Sokhda,390,0.2232,Groundnut,low,0.1817,False,imputed,2,True,2.2692,286.0,0.5628,0.752,1.4061,0.0,1.2393,2.734,3.3882,0.7562
22,Sokhda,391,0.2027,Groundnut,low,0.1569,False,imputed,2,True,2.2752,286.0,0.4221,0.8145,1.3876,0.0,1.2341,2.734,3.3741,0.6839
22,Sokhda,392,0.1358,Groundnut,low,0.1722,False,imputed,0,True,1.4199,286.0,0.6034,0.575,0.7389,0.0,1.0538,2.734,2.8812,0.3913
22,Sokhda,393,0.127,Groundnut,low,0.1722,False,imputed,0,True,1.4199,286.0,0.6034,0.575,0.7389,0.0,1.0538,2.734,2.8812,0.3659
22,Sokhda,394,0.0579,Groundnut,low,0.1722,False,imputed,0,True,1.4199,286.0,0.6034,0.575,0.7389,0.0,1.0538,2.734,2.8812,0.1668
22,Sokhda,395,0.0748,Groundnut,low,0.1722,False,imputed,0,True,1.4199,286.0,0.6034,0.575,0.7389,0.0,1.0538,2.734,2.8812,0.2155
22,Sokhda,396,0.1352,Groundnut,low,0.1569,False,imputed,0,True,2.2752,286.0,0.4221,0.8145,1.3876,0.0,1.2341,2.734,3.3741,0.4562
22,Sokhda,397,0.1875,Groundnut,low,0.1569,False,imputed,0,True,2.2752,286.0,0.4221,0.8145,1.3876,0.0,1.2341,2.734,3.3741,0.6326
22,Sokhda,398,0.0895,Groundnut,low,0.1722,False,imputed,0,True,1.4199,286.0,0.6034,0.575,0.7389,0.0,1.0538,2.734,2.8812,0.2579
22,Sokhda,399,0.0663,Groundnut,low,0.1722,False,imputed,0,True,1.4199,286.0,0.6034,0.575,0.7389,0.0,1.0538,2.734,2.8812,0.191
22,Sokhda,400,0.0666,Groundnut,low,0.1722,False,imputed,0,True,1.4199,286.0,0.6034,0.575,0.7389,0.0,1.0538,2.734,2.8812,0.1919
22,Sokhda,401,0.0755,Groundnut,low,0.1722,False,imputed,0,True,1.4199,286.0,0.6034,0.575,0.7389,0.0,1.0538,2.734,2.8812,0.2175
22,Sokhda,402,0.1147,Groundnut,low,0.4129,False,imputed,0,True,2.2489,286.0,0.4075,0.8188,1.6246,0.0,1.3,2.734,3.5542,0.4077
22,Sokhda,403,0.1138,Groundnut,low,0.4129,False,imputed,0,True,2.2489,286.0,0.4075,0.8188,1.6246,0.0,1.3,2.734,3.5542,0.4045
22,Sokhda,404,0.1393,Groundnut,low,0.4129,False,imputed,0,True,2.2489,286.0,0.4075,0.8188,1.6246,0.0,1.3,2.734,3.5542,0.4951
22,Sokhda,405,0.0495,Groundnut,low,0.4129,False,imputed,0,True,2.2489,286.0,0.4075,0.8188,1.6246,0.0,1.3,2.734,3.5542,0.1759
22,Sokhda,406,0.1229,Maize,low,0.4327,False,imputed,0,True,1.7239,286.0,0.0,1.0,1.0996,0.0,1.3,2.035,2.6455,0.3251
22,Sokhda,407,0.1773,Maize,low,0.1286,False,imputed,0,True,1.4458,286.0,0.0,1.0,0.7433,0.0,1.2681,2.035,2.5807,0.4576
22,Sokhda,408,0.1759,Bajra,low,0.1755,False,imputed,0,False,0.0,,0.0,,-1.7056,0.0,0.9876,1.362,1.3451,0.2366
22,Sokhda,409,0.0896,Groundnut,low,0.43,False,imputed,2,True,2.2439,286.0,0.4026,0.8206,1.6196,0.0,1.2986,2.734,3.5504,0.3181
22,Sokhda,410,0.1209,Groundnut,low,0.43,False,imputed,3,True,2.2439,286.0,0.4026,0.8206,1.6196,0.0,1.2986,2.734,3.5504,0.4292
22,Sokhda,411,0.0999,Groundnut,low,0.4139,False,imputed,2,True,2.2439,286.0,0.4026,0.8206,1.6196,0.0,1.2986,2.734,3.5504,0.3547
22,Sokhda,412,0.1512,Groundnut,low,0.1377,False,imputed,2,True,2.4843,286.0,0.4685,0.8114,1.5696,0.0,1.2847,2.734,3.5124,0.5311
22,Sokhda,413,0.1147,Groundnut,low,0.1377,False,imputed,2,True,2.4843,286.0,0.4685,0.8114,1.5696,0.0,1.2847,2.734,3.5124,0.4029
22,Sokhda,414,0.084,Groundnut,low,0.1377,False,imputed,2,True,2.4843,286.0,0.4685,0.8114,1.5696,0.0,1.2847,2.734,3.5124,0.295
22,Sokhda,415,0.0901,Groundnut,low,0.2772,False,imputed,2,True,2.2752,286.0,0.6396,0.7189,1.5008,0.0,1.2656,2.734,3.4601,0.3118
22,Sokhda,416,0.1069,Groundnut,low,0.2772,False,imputed,1,True,2.2752,286.0,0.6396,0.7189,1.5008,0.0,1.2656,2.734,3.4601,0.3699
22,Sokhda,417,0.0933,Groundnut,low,0.1377,False,imputed,0,True,2.4843,286.0,0.4685,0.8114,1.5696,0.0,1.2847,2.734,3.5124,0.3277
22,Sokhda,418,0.078,Bajra,low,-0.191,False,interpolated,5,False,0.0,,0.0,,-4.1999,0.0,0.883,1.362,1.2027,0.0938
22,Sokhda,419,0.188,Groundnut,low,0.3979,False,interpolated,5,True,2.0887,286.0,0.6601,0.684,1.4866,0.0,1.2617,2.734,3.4494,0.6485
22,Sokhda,420,0.119,Groundnut,low,0.2241,True,interpolated,5,True,2.2139,316.0,2.2139,0.0,1.77,0.0,1.3,2.734,3.5542,0.4229
22,Sokhda,421,0.1308,Cotton,high,0.1741,False,interpolated,5,True,2.4791,286.0,1.5212,0.3864,1.4053,0.4201,1.0002,1.6206,1.621,0.212
22,Sokhda,422,0.2618,Groundnut,low,0.424,False,interpolated,5,True,1.4146,316.0,1.4146,0.0,0.9756,0.0,1.1196,2.734,3.0611,0.8014
22,Sokhda,423,0.1273,Groundnut,low,0.284,False,interpolated,5,True,1.0641,316.0,1.0641,0.0,0.427,0.0,0.9743,2.734,2.6637,0.3391
22,Sokhda,424,0.1232,Groundnut,low,0.2781,False,interpolated,5,True,0.8927,316.0,0.8927,0.0,0.327,0.0,0.9526,2.734,2.6044,0.3209
22,Sokhda,425,0.1832,Groundnut,low,0.3263,False,interpolated,5,True,2.2224,286.0,0.2285,0.8972,1.4452,0.0,1.2502,2.734,3.4179,0.6262
22,Sokhda,426,0.0973,Groundnut,low,0.4567,False,interpolated,5,True,1.3751,286.0,1.1612,0.1555,0.9501,0.0,1.1125,2.734,3.0417,0.296
22,Sokhda,427,0.1821,Maize,low,0.309,False,interpolated,5,False,0.1214,,0.1214,,-0.28,0.0,0.9747,2.035,1.9834,0.3612
22,Sokhda,428,0.1725,Maize,low,0.1564,False,interpolated,5,False,0.1316,,0.1316,,-0.5527,0.0,0.9036,2.035,1.8389,0.3172
22,Sokhda,429,0.1066,Groundnut,low,0.117,False,interpolated,5,True,2.9976,286.0,1.2295,0.5899,2.4595,0.0,1.3,2.734,3.5542,0.3789
22,Sokhda,430,0.0989,Groundnut,low,0.1865,False,interpolated,5,True,2.9305,286.0,0.8343,0.7153,2.2188,0.0,1.3,2.734,3.5542,0.3515
22,Sokhda,431,0.1411,Groundnut,low,0.3133,False,interpolated,5,True,1.0766,286.0,1.0118,0.0603,0.9972,0.0,1.1256,2.734,3.0775,0.4342
22,Sokhda,432,0.1132,Groundnut,low,0.0319,False,interpolated,5,False,0.282,,0.1818,,-0.0812,0.0,0.8638,2.734,2.3618,0.2674
22,Sokhda,433,0.1353,Maize,low,0.4791,False,interpolated,5,False,0.3509,,0.0462,,-0.1342,0.0,1.014,2.035,2.0636,0.2792
22,Sokhda,434,0.1227,Maize,low,0.5895,False,interpolated,5,True,1.3038,286.0,0.0,1.0,0.752,0.0,1.2707,2.035,2.5858,0.3173
22,Sokhda,435,0.0742,Maize,low,0.1306,False,interpolated,5,False,0.211,,0.0,,-0.0338,0.0,1.0431,2.035,2.1227,0.1575
22,Sokhda,436,0.1186,Groundnut,low,0.332,False,interpolated,5,True,1.2309,286.0,0.7709,0.3738,0.7695,0.0,1.0624,2.734,2.9045,0.3445
22,Sokhda,437,0.1307,Maize,low,0.4226,False,interpolated,5,True,0.6221,286.0,0.0,1.0,0.3877,0.0,1.1652,2.035,2.3711,0.3099
22,Sokhda,438,0.1448,Groundnut,low,0.4408,False,interpolated,5,True,0.8544,286.0,0.3497,0.5907,0.6091,0.0,1.0178,2.734,2.7826,0.4029
22,Sokhda,439,0.101,Groundnut,low,0.1994,False,interpolated,5,True,1.7077,226.0,1.1028,0.3543,0.9057,0.0,1.1002,2.734,3.008,0.3038
22,Sokhda,440,0.1514,Groundnut,low,0.4695,False,interpolated,5,True,0.8977,316.0,0.8977,0.0,0.5444,0.0,0.9998,2.734,2.7336,0.4139
22,Sokhda,441,0.0752,Groundnut,low,0.1845,False,interpolated,5,True,2.6143,286.0,0.5787,0.7786,1.6085,0.0,1.2955,2.734,3.542,0.2664
22,Sokhda,442,0.1453,Groundnut,low,0.3015,False,interpolated,5,True,0.713,286.0,0.6241,0.1248,0.0853,0.0,0.9,2.734,2.4607,0.3575
22,Sokhda,443,0.2685,Groundnut,low,0.1488,False,measured,6,False,0.362,,0.362,,-0.5451,0.0,0.763,2.734,2.086,0.5601
22,Sokhda,444,0.4905,Maize,low,0.1542,False,imputed,2,True,1.2283,286.0,0.0,1.0,0.6532,0.0,1.2421,2.035,2.5276,1.2398
22,Sokhda,445,0.3252,Bajra,low,-0.0453,False,interpolated,5,False,0.0,,0.0,,-12.2844,0.0,0.7,1.362,0.9534,0.31
22,Sokhda,446,0.3154,Maize,low,-0.008,False,interpolated,4,True,10.4817,226.0,0.0,1.0,6.899,0.0,1.3,2.035,2.6455,0.8344
22,Sokhda,447,0.1707,Maize,low,0.2208,False,imputed,2,True,0.847,286.0,0.0,1.0,0.2719,0.0,1.1316,2.035,2.3029,0.3931
22,Sokhda,448,0.122,Maize,low,0.2208,False,imputed,2,True,0.847,286.0,0.0,1.0,0.2719,0.0,1.1316,2.035,2.3029,0.281
22,Sokhda,449,0.0889,Maize,low,0.5744,False,imputed,2,True,0.8599,286.0,0.0,1.0,0.1492,0.0,1.0961,2.035,2.2306,0.1983
22,Sokhda,450,0.1031,Maize,low,0.2208,False,imputed,2,True,0.847,286.0,0.0,1.0,0.2719,0.0,1.1316,2.035,2.3029,0.2374
22,Sokhda,451,0.1713,Maize,low,0.4981,False,imputed,2,True,0.9438,286.0,0.0,1.0,0.2154,0.0,1.1153,2.035,2.2696,0.3888
22,Sokhda,452,0.1099,Maize,low,0.6708,False,imputed,3,True,0.5311,286.0,0.0,1.0,-0.0918,0.0,1.0263,2.035,2.0885,0.2295
22,Sokhda,453,0.1167,Bajra,low,-0.0246,False,interpolated,5,False,0.0,,0.0,,-9.5384,0.0,0.7,1.362,0.9534,0.1113
22,Sokhda,454,0.3055,Groundnut,low,0.3892,False,interpolated,5,True,0.8195,316.0,0.8195,0.0,0.2455,0.0,0.9349,2.734,2.5559,0.7808
22,Sokhda,455,0.11,Groundnut,low,0.2161,False,interpolated,5,True,1.4651,316.0,1.4651,0.0,-0.098,0.0,0.8602,2.734,2.3518,0.2587
22,Sokhda,456,0.1227,Groundnut,low,0.2419,False,interpolated,5,True,2.6105,286.0,1.1956,0.542,1.8775,0.0,1.3,2.734,3.5542,0.4361
22,Sokhda,457,0.1016,Groundnut,low,0.5477,False,interpolated,5,True,1.1829,286.0,1.118,0.0548,0.8714,0.0,1.0907,2.734,2.9819,0.303
22,Sokhda,458,0.1062,Groundnut,low,0.1913,False,interpolated,5,True,2.1397,286.0,0.7813,0.6348,1.3184,0.0,1.2149,2.734,3.3215,0.3527
22,Sokhda,459,0.1706,Maize,low,0.3683,False,interpolated,5,True,1.0307,286.0,0.0,1.0,0.0844,0.0,1.0773,2.035,2.1924,0.374
22,Sokhda,460,0.0801,Groundnut,low,0.1525,False,interpolated,5,True,1.2585,286.0,0.6891,0.4525,0.7007,0.0,1.0432,2.734,2.8522,0.2285
22,Sokhda,461,0.1745,Bajra,low,-0.1001,False,interpolated,5,False,0.0,,0.0,,-9.8831,0.0,0.7,1.362,0.9534,0.1664
22,Sokhda,462,0.177,Maize,low,0.6708,False,imputed,2,True,0.5311,286.0,0.0,1.0,-0.0918,0.0,1.0263,2.035,2.0885,0.3697
22,Sokhda,463,0.0914,Groundnut,low,0.2838,False,imputed,3,True,0.6725,316.0,0.6725,0.0,0.2706,0.0,0.9403,2.734,2.5708,0.235
22,Sokhda,464,0.2567,Maize,low,0.6708,False,imputed,0,True,0.5311,286.0,0.0,1.0,-0.0918,0.0,1.0263,2.035,2.0885,0.5361
22,Sokhda,465,0.2917,Maize,low,0.4981,False,imputed,0,True,0.9438,286.0,0.0,1.0,0.2154,0.0,1.1153,2.035,2.2696,0.662
22,Sokhda,466,0.2699,Maize,low,0.4635,False,interpolated,5,True,0.8683,286.0,0.088,0.8987,0.4708,0.0,1.1892,2.035,2.4201,0.6532
22,Sokhda,467,0.2922,Cotton,high,0.2468,False,interpolated,5,True,2.0133,316.0,2.0133,0.0,1.3118,0.5763,0.9622,1.6206,1.5593,0.4556
22,Sokhda,468,0.0911,Bajra,low,-0.0602,False,interpolated,5,False,0.0,,0.0,,-10.0236,0.0,0.7,1.362,0.9534,0.0869
22,Sokhda,469,0.2403,Maize,low,0.4324,False,measured,6,True,2.0361,286.0,0.0634,0.9689,1.3987,0.0,1.3,2.035,2.6455,0.6357
22,Sokhda,470,0.1607,Maize,low,0.1933,False,measured,6,False,0.0593,,0.0,,0.0016,0.0,1.0533,2.035,2.1436,0.3445
22,Sokhda,471,0.1856,Maize,low,0.4556,False,measured,6,True,1.1448,286.0,0.0,1.0,0.7452,0.0,1.2687,2.035,2.5818,0.4792
22,Sokhda,472,0.1888,Groundnut,low,0.3895,False,measured,6,True,0.6236,316.0,0.6236,0.0,0.4331,0.0,0.9756,2.734,2.6674,0.5036
22,Sokhda,473,0.143,Groundnut,low,0.217,False,interpolated,5,False,0.333,,0.333,,0.1782,0.0,0.9202,2.734,2.5159,0.3598
22,Sokhda,474,0.0963,Groundnut,low,0.6624,False,measured,6,True,1.4298,286.0,0.1683,0.8823,0.9673,0.0,1.1173,2.734,3.0548,0.2942
22,Sokhda,475,0.0917,Maize,low,0.2904,False,measured,6,True,0.9564,286.0,0.0,1.0,-0.0464,0.0,1.0395,2.035,2.1153,0.194
22,Sokhda,476,0.0868,Groundnut,low,0.486,False,measured,6,True,1.1274,316.0,1.1274,0.0,0.6529,0.0,1.03,2.734,2.8159,0.2444
22,Sokhda,477,0.0796,Groundnut,low,0.3312,False,measured,6,False,0.4658,,0.2419,,-0.0677,0.0,0.8668,2.734,2.3698,0.1886
22,Sokhda,478,0.084,Groundnut,low,0.479,False,measured,6,True,1.3912,316.0,1.3912,0.0,0.5994,0.0,1.0151,2.734,2.7752,0.2331
22,Sokhda,479,0.138,Groundnut,low,0.3353,False,measured,6,True,1.1234,316.0,1.1234,0.0,0.6945,0.0,1.0415,2.734,2.8475,0.393
22,Sokhda,480,0.1001,Groundnut,low,0.592,False,measured,6,True,0.879,316.0,0.879,0.0,0.6853,0.0,1.0389,2.734,2.8405,0.2843
22,Sokhda,481,0.2403,Groundnut,low,0.104,False,measured,6,False,0.3778,,0.3778,,-0.1688,0.0,0.8448,2.734,2.3097,0.555
22,Sokhda,482,0.0447,Groundnut,low,0.2053,False,measured,6,True,1.8327,286.0,0.219,0.8805,1.1045,0.0,1.1555,2.734,3.159,0.1412
22,Sokhda,483,0.0432,Groundnut,low,0.3201,False,measured,6,True,1.4463,286.0,1.0912,0.2455,1.3625,0.0,1.2272,2.734,3.3551,0.1449
22,Sokhda,484,0.193,Groundnut,low,0.3555,False,measured,6,True,0.9765,286.0,0.8406,0.1392,0.8561,0.0,1.0864,2.734,2.9703,0.5733
22,Sokhda,485,0.2791,Groundnut,low,0.4344,False,measured,6,True,0.9496,286.0,0.5788,0.3905,0.7444,0.0,1.0554,2.734,2.8854,0.8053
22,Sokhda,486,0.1677,Bajra,low,-0.2403,False,interpolated,5,False,0.0,,0.0,,-4.2837,0.0,0.8795,1.362,1.1979,0.2009
22,Sokhda,487,0.1413,Cotton,high,0.0164,False,interpolated,5,True,1.5312,316.0,1.5312,0.0,1.0073,0.538,0.837,1.6206,1.3564,0.1917
22,Sokhda,488,0.0963,Cotton,high,0.3275,False,interpolated,5,True,1.5167,316.0,1.5167,0.0,1.1989,0.5258,0.9158,1.6206,1.4841,0.1429
22,Sokhda,489,0.0805,Groundnut,low,0.3382,False,interpolated,5,True,0.9526,316.0,0.9526,0.0,0.3088,0.0,0.9486,2.734,2.5935,0.2088
22,Sokhda,490,0.0924,Groundnut,low,0.2208,False,interpolated,5,True,2.2622,286.0,0.7014,0.6899,1.1987,0.0,1.1816,2.734,3.2306,0.2985
22,Sokhda,491,0.1762,Groundnut,low,0.0856,False,measured,6,False,0.3377,,0.2903,,-0.0455,0.0,0.8716,2.734,2.383,0.4199
22,Sokhda,492,0.1182,Groundnut,low,0.2011,False,interpolated,5,True,1.8911,286.0,1.1562,0.3886,1.2323,0.0,1.191,2.734,3.2561,0.3849
22,Sokhda,493,0.1161,Maize,low,0.1587,False,interpolated,5,False,0.2466,,0.0,,-0.0846,0.0,1.0284,2.035,2.0927,0.243
22,Sokhda,494,0.1644,Maize,low,0.4679,False,interpolated,5,True,0.6251,286.0,0.0,1.0,0.2491,0.0,1.125,2.035,2.2894,0.3764
22,Sokhda,495,0.1089,Maize,low,0.0965,False,interpolated,5,False,0.0,,0.0,,-0.5457,0.0,0.9054,2.035,1.8426,0.2007
22,Sokhda,496,0.163,Groundnut,low,0.4815,False,interpolated,5,True,0.9416,286.0,0.7861,0.1651,0.5613,0.0,1.0045,2.734,2.7462,0.4476
22,Sokhda,497,0.1806,Groundnut,low,0.4475,False,interpolated,5,True,1.2511,286.0,1.107,0.1152,1.1654,0.0,1.1724,2.734,3.2053,0.5789
22,Sokhda,498,0.1603,Groundnut,low,0.4867,False,measured,6,True,0.8332,316.0,0.8332,0.0,0.2126,0.0,0.9277,2.734,2.5363,0.4066
22,Sokhda,499,0.1337,Maize,low,0.268,False,measured,6,False,0.0,,0.0,,-2.4611,0.0,0.7,2.035,1.4245,0.1905
22,Sokhda,500,0.1378,Maize,low,0.2401,False,measured,6,True,0.7226,286.0,0.0,1.0,0.4094,0.0,1.1714,2.035,2.3839,0.3285
22,Sokhda,501,0.1471,Groundnut,low,0.3124,False,measured,6,True,2.4691,286.0,0.6532,0.7354,1.669,0.0,1.3,2.734,3.5542,0.5228
22,Sokhda,502,0.1345,Maize,low,0.1399,False,measured,6,False,0.4642,,0.0,,0.1704,0.0,1.1023,2.035,2.2431,0.3017
22,Sokhda,503,0.2026,Groundnut,low,0.0397,False,measured,6,True,0.5636,316.0,0.5636,0.0,-0.5339,0.0,0.7654,2.734,2.0927,0.424
22,Sokhda,504,0.1512,Groundnut,low,0.0961,False,measured,6,True,0.6721,316.0,0.6721,0.0,0.259,0.0,0.9378,2.734,2.5639,0.3877
22,Sokhda,505,0.1016,Maize,low,0.1252,False,measured,6,False,0.036,,0.0,,-0.0182,0.0,1.0476,2.035,2.1319,0.2166
22,Sokhda,506,0.1007,Groundnut,low,0.2437,False,measured,6,True,0.6193,316.0,0.6193,0.0,0.1233,0.0,0.9083,2.734,2.4833,0.2501
22,Sokhda,507,0.1492,Maize,low,0.3672,False,measured,6,False,0.0,,0.0,,-0.83,0.0,0.8314,2.035,1.6919,0.2524
22,Sokhda,508,0.2176,Maize,low,0.0359,False,measured,6,False,0.1191,,0.1191,,-0.0436,0.0,1.0403,2.035,2.1169,0.4606
22,Sokhda,509,0.1658,Maize,low,0.3232,False,measured,6,False,0.0,,0.0,,-0.8292,0.0,0.8316,2.035,1.6923,0.2806
22,Sokhda,510,0.1224,Groundnut,low,0.0872,False,measured,6,True,1.6064,286.0,0.4316,0.7313,0.8415,0.0,1.0823,2.734,2.9591,0.3622
22,Sokhda,511,0.3307,Rice,high,0.1799,False,measured,6,True,2.1373,226.0,0.0,1.0,0.5534,0.0,1.0361,1.675,1.7355,0.5739
22,Sokhda,512,0.2587,Groundnut,low,0.4296,False,measured,6,True,1.3478,286.0,0.6598,0.5105,1.0952,0.0,1.1529,2.734,3.1519,0.8154
22,Sokhda,513,0.1952,Groundnut,low,0.0068,False,measured,6,True,1.0893,316.0,1.0893,0.0,-0.125,0.0,0.8543,2.734,2.3357,0.4559
22,Sokhda,514,0.1849,Bajra,low,0.2055,False,measured,6,False,0.0,,0.0,,-1.1019,0.0,1.0577,1.362,1.4405,0.2663
22,Sokhda,515,0.1124,Maize,low,0.1949,False,measured,6,True,0.8782,286.0,0.0,1.0,0.4254,0.0,1.1761,2.035,2.3933,0.269
22,Sokhda,516,0.2841,Bajra,low,0.3128,False,measured,6,False,0.0196,,0.0,,-0.4072,0.0,1.1878,1.362,1.6178,0.4596
22,Sokhda,517,0.0792,Rice,high,0.3227,False,measured,6,True,2.4532,226.0,0.0,1.0,1.5151,0.0,1.1749,1.675,1.9679,0.1559
22,Sokhda,518,0.0657,Bajra,low,0.1089,False,measured,6,False,0.0,,0.0,,-1.1671,0.0,1.0454,1.362,1.4239,0.0936
22,Sokhda,519,0.5447,Maize,low,0.3092,False,measured,6,True,1.8593,286.0,0.0,1.0,1.2484,0.0,1.3,2.035,2.6455,1.441
22,Sokhda,520,0.8513,Maize,low,0.241,False,measured,6,True,1.9595,286.0,0.0,1.0,1.1467,0.0,1.3,2.035,2.6455,2.2521
22,Sokhda,521,0.2473,Bajra,low,0.1739,False,measured,6,False,0.0293,,0.0,,-0.3629,0.0,1.1961,1.362,1.6291,0.4029
22,Sokhda,522,0.2516,Bajra,low,0.2903,False,measured,6,False,0.0,,0.0,,-0.528,0.0,1.1652,1.362,1.587,0.3993
22,Sokhda,523,0.1652,Maize,low,0.0565,False,measured,6,True,3.6122,286.0,0.006,0.9983,1.7546,0.0,1.3,2.035,2.6455,0.437
22,Sokhda,524,0.8613,Cotton,high,0.3389,False,measured,6,True,3.5302,286.0,3.4819,0.0137,2.4896,0.5135,1.1614,1.6206,1.8822,1.6211
22,Sokhda,525,0.2599,Cotton,high,0.0612,False,measured,6,True,2.0669,316.0,2.0669,0.0,0.3564,0.8101,0.7,1.6206,1.1344,0.2948
22,Sokhda,526,0.2431,Cotton,high,0.4705,False,measured,6,True,3.2909,286.0,2.3323,0.2913,2.086,0.4491,1.1014,1.6206,1.785,0.4339
22,Sokhda,527,2.5008,Maize,low,0.3109,False,measured,6,True,2.0135,286.0,0.0,1.0,0.585,0.0,1.2223,2.035,2.4874,6.2205
22,Sokhda,528,0.9825,Cotton,high,0.2799,False,measured,6,True,2.3201,286.0,1.7635,0.2399,1.4022,0.4631,0.9994,1.6206,1.6195,1.5912
22,Sokhda,529,0.4941,Maize,low,0.2257,False,measured,6,True,0.7449,286.0,0.0,1.0,-0.1334,0.0,1.0142,2.035,2.064,1.0198
22,Sokhda,530,0.3696,Groundnut,low,0.1783,False,measured,6,False,0.3413,,0.2433,,-0.4003,0.0,0.7945,2.734,2.1721,0.8028
22,Sokhda,531,0.1038,Groundnut,low,0.3426,False,measured,6,True,1.1449,286.0,0.5,0.5633,0.9502,0.0,1.1126,2.734,3.0417,0.3157
22,Sokhda,532,0.133,Cotton,high,0.2513,False,measured,6,True,1.7607,316.0,1.7607,0.0,1.0019,0.701,0.8348,1.6206,1.3528,0.1799
22,Sokhda,533,0.2415,Rice,high,0.1824,False,measured,6,True,2.405,226.0,0.6522,0.7288,2.0602,0.0,1.2535,1.675,2.0997,0.5071
22,Sokhda,534,0.1887,Groundnut,low,0.1822,False,measured,6,False,0.4916,,0.4916,,0.1011,0.0,0.9035,2.734,2.4701,0.4661
22,Sokhda,535,0.1766,Groundnut,low,0.08,False,measured,6,True,1.9498,286.0,0.2866,0.853,1.0923,0.0,1.1521,2.734,3.1497,0.5562
22,Sokhda,536,0.0404,Groundnut,low,0.1284,False,measured,6,True,1.4854,286.0,0.2234,0.8496,0.7098,0.0,1.0458,2.734,2.8591,0.1155
22,Sokhda,537,0.044,Maize,low,0.5862,False,measured,6,True,1.3581,286.0,0.0,1.0,0.8539,0.0,1.3,2.035,2.6455,0.1164
22,Sokhda,538,0.0413,Groundnut,low,0.0348,False,measured,6,False,0.4869,,0.4869,,-0.0178,0.0,0.8776,2.734,2.3994,0.0991
22,Sokhda,539,0.0564,Maize,low,0.5277,False,measured,6,True,0.9219,286.0,0.0518,0.9438,0.6544,0.0,1.2424,2.035,2.5283,0.1426
22,Sokhda,540,0.0842,Maize,low,0.2137,False,measured,6,False,0.0418,,0.0,,-0.4458,0.0,0.9315,2.035,1.8955,0.1596
22,Sokhda,541,0.0901,Maize,low,0.4237,False,measured,6,False,0.0,,0.0,,-0.9993,0.0,0.7873,2.035,1.6022,0.1444
22,Sokhda,542,0.0976,Groundnut,low,0.0846,False,measured,6,True,2.12,286.0,0.9638,0.5453,1.2656,0.0,1.2002,2.734,3.2814,0.3203
22,Sokhda,543,0.1044,Groundnut,low,0.1333,False,measured,6,True,1.7256,286.0,0.7367,0.5731,1.5204,0.0,1.271,2.734,3.475,0.3628
22,Sokhda,544,1.0644,Maize,low,0.3626,False,measured,6,True,0.7323,286.0,0.0943,0.8712,0.5456,0.0,1.2109,2.035,2.4642,2.6229
22,Sokhda,545,1.238,Groundnut,low,0.1473,False,measured,6,True,1.3747,316.0,1.3747,0.0,-0.0269,0.0,0.8756,2.734,2.394,2.9638
22,Sokhda,546,1.2141,Groundnut,low,-0.0514,True,measured,6,True,5.6828,286.0,3.1545,0.4449,4.6465,0.0,1.3,2.734,3.5542,4.3152
22,Sokhda,547,0.6823,Cotton,high,0.3314,False,measured,6,True,2.7552,286.0,1.9365,0.2972,1.7351,0.4475,1.0493,1.6206,1.7004,1.1602
22,Sokhda,548,0.7533,Groundnut,low,0.2013,False,measured,6,True,1.2931,286.0,1.1704,0.0949,0.765,0.0,1.0611,2.734,2.901,2.1853
22,Sokhda,549,0.3137,Maize,low,0.3197,False,measured,6,True,0.9485,286.0,0.0,1.0,0.3764,0.0,1.1619,2.035,2.3645,0.7417
22,Sokhda,550,0.4606,Bajra,low,0.1871,False,measured,6,False,0.0,,0.0,,-1.521,0.0,0.9953,1.362,1.3556,0.6244
22,Sokhda,551,0.1696,Maize,low,0.281,False,measured,6,False,0.0,,0.0,,-1.969,0.0,0.7,2.035,1.4245,0.2416
22,Sokhda,552,0.2494,Maize,low,0.0547,False,measured,6,False,0.0,,0.0,,-1.2356,0.0,0.7258,2.035,1.4769,0.3683
22,Sokhda,553,0.1284,Bajra,low,0.2113,False,measured,6,False,0.0,,0.0,,-1.6341,0.0,0.9906,1.362,1.3492,0.1732
22,Sokhda,554,0.4613,Maize,low,0.5594,False,measured,6,False,0.0,,0.0,,-1.0472,0.0,0.7748,2.035,1.5768,0.7274
22,Sokhda,555,1.1271,Groundnut,low,0.2729,False,measured,6,True,0.6028,316.0,0.6028,0.0,-0.1555,0.0,0.8477,2.734,2.3176,2.6122
22,Sokhda,556,0.4233,Rice,high,0.0489,False,measured,6,True,3.8235,286.0,1.3994,0.634,2.9606,0.0,1.3,1.675,2.1775,0.9217
22,Sokhda,557,0.2987,Rice,high,0.1209,False,measured,6,True,3.1725,286.0,1.1804,0.6279,2.5931,0.0,1.3,1.675,2.1775,0.6504
22,Sokhda,558,0.9442,Bajra,low,0.3334,False,measured,6,False,0.0,,0.0,,-1.1617,0.0,1.0465,1.362,1.4253,1.3458
22,Sokhda,559,0.4175,Rice,high,0.387,False,measured,6,True,0.6985,226.0,0.0,1.0,-2.2571,0.0,0.7192,1.675,1.2047,0.503
22,Sokhda,560,0.6726,Maize,low,0.2724,False,measured,6,False,0.0,,0.0,,-1.2447,0.0,0.7234,2.035,1.4721,0.9901
22,Sokhda,561,0.4398,Rice,high,0.3314,False,measured,6,True,0.9556,226.0,0.0,1.0,-1.5487,0.0,0.7969,1.675,1.3348,0.587
22,Sokhda,562,0.2438,Rice,high,0.3456,False,measured,6,True,1.8225,226.0,0.0,1.0,0.1085,0.0,0.9787,1.675,1.6393,0.3997
22,Sokhda,563,0.2196,Rice,high,0.1062,False,measured,6,True,0.6709,226.0,0.0,1.0,-0.7363,0.0,0.886,1.675,1.4841,0.3259
22,Sokhda,564,0.4752,Groundnut,low,0.5166,False,measured,6,True,1.1097,286.0,0.5559,0.4991,0.8474,0.0,1.084,2.734,2.9637,1.4084
22,Sokhda,565,0.1141,Bajra,low,0.1968,False,measured,6,True,0.9864,286.0,0.0,1.0,0.4433,0.0,1.3,1.362,1.7706,0.202
22,Sokhda,566,0.2809,Maize,low,0.3115,False,measured,6,False,0.0,,0.0,,-0.5235,0.0,0.9112,2.035,1.8544,0.5209
22,Sokhda,567,0.4231,Groundnut,low,0.1417,False,measured,6,True,0.6875,286.0,0.2635,0.6167,0.3406,0.0,0.9555,2.734,2.6124,1.1053
22,Sokhda,568,0.1505,Rice,high,0.2109,False,measured,6,True,1.2601,226.0,0.0,1.0,0.303,0.0,1.0,1.675,1.675,0.2521
22,Sokhda,569,0.5758,Maize,low,0.4098,False,measured,6,True,1.302,286.0,0.0,1.0,0.2217,0.0,1.1171,2.035,2.2733,1.309
22,Sokhda,570,1.6121,Rice,high,0.2676,False,measured,6,True,3.2479,286.0,0.3313,0.898,2.4993,0.0,1.3,1.675,2.1775,3.5103
22,Sokhda,571,0.6626,Cotton,high,0.1311,False,measured,6,True,3.3863,316.0,3.3863,0.0,2.4638,0.5712,1.1576,1.6206,1.876,1.243
22,Sokhda,572,0.6223,Bajra,low,0.0814,False,measured,6,False,0.0,,0.0,,-1.9992,0.0,0.9753,1.362,1.3283,0.8266
22,Sokhda,573,1.2739,Cotton,high,0.6878,False,measured,6,True,2.6494,316.0,2.6494,0.0,1.7205,0.5765,1.0471,1.6206,1.6969,2.1617
22,Sokhda,574,0.7135,Cotton,high,0.2955,False,measured,6,True,3.9587,286.0,2.8545,0.2789,2.7208,0.436,1.1958,1.6206,1.9379,1.3827
22,Sokhda,575,0.789,Maize,low,0.1225,False,measured,6,False,0.0,,0.0,,-0.1176,0.0,1.0188,2.035,2.0733,1.6358
22,Sokhda,576,0.1749,Groundnut,low,0.0791,False,measured,6,False,0.2073,,0.1884,,-0.0812,0.0,0.8638,2.734,2.3617,0.4131
22,Sokhda,577,0.1508,Groundnut,low,0.0452,False,measured,6,True,2.2938,226.0,0.4052,0.8234,1.5702,0.0,1.2849,2.734,3.5129,0.5297
22,Sokhda,578,0.2821,Rice,high,0.3159,False,measured,6,False,0.0,,0.0,,-2.7017,0.0,0.7,1.675,1.1725,0.3308
22,Sokhda,579,0.4596,Rice,high,0.4487,False,measured,6,False,0.4585,,0.0,,-2.0502,0.0,0.7419,1.675,1.2427,0.5711
22,Sokhda,580,0.1585,Bajra,low,0.0981,False,measured,6,False,0.0,,0.0,,-0.357,0.0,1.1972,1.362,1.6306,0.2585
22,Sokhda,581,0.3382,Bajra,low,0.0076,False,measured,6,False,0.0,,0.0,,-0.7936,0.0,1.1154,1.362,1.5192,0.5138
22,Sokhda,582,0.3331,Rice,high,0.1645,False,measured,6,True,2.7983,286.0,0.0,1.0,2.1035,0.0,1.2598,1.675,2.1101,0.7029
22,Sokhda,583,0.7334,Cotton,high,0.1535,False,measured,6,True,4.0522,286.0,1.7628,0.565,1.9579,0.3508,1.0824,1.6206,1.7541,1.2865
22,Sokhda,584,0.8413,Rice,high,0.4055,False,measured,6,False,0.2234,,0.0,,-2.7285,0.0,0.7,1.675,1.1725,0.9864
22,Sokhda,585,0.3411,Rice,high,0.179,False,measured,6,True,0.5966,226.0,0.0,1.0,-1.0035,0.0,0.8567,1.675,1.435,0.4895
22,Sokhda,586,0.1401,Bajra,low,0.3522,False,measured,6,False,0.4777,,0.0,,-0.2174,0.0,1.2234,1.362,1.6663,0.2334
22,Sokhda,587,0.1657,Maize,low,0.356,False,measured,6,True,0.5983,286.0,0.0,1.0,0.2304,0.0,1.1196,2.035,2.2784,0.3775
22,Sokhda,588,0.1689,Groundnut,low,0.1596,False,measured,6,False,0.3594,,0.1915,,-0.0938,0.0,0.8611,2.734,2.3542,0.3976
22,Sokhda,589,0.0353,Groundnut,low,0.4359,False,measured,6,True,0.9388,316.0,0.9388,0.0,0.1579,0.0,0.9158,2.734,2.5039,0.0884
22,Sokhda,590,0.1413,Maize,low,0.0221,False,measured,6,True,0.9335,286.0,0.0,1.0,0.4614,0.0,1.1865,2.035,2.4146,0.3412
22,Sokhda,591,0.1777,Maize,low,0.3714,False,measured,6,True,0.7974,286.0,0.0171,0.9786,0.0393,0.0,1.0643,2.035,2.1658,0.3849
22,Sokhda,592,0.69,Groundnut,low,-0.0171,True,measured,6,True,2.8659,286.0,2.8171,0.017,2.7707,0.0,1.3,2.734,3.5542,2.4524
22,Sokhda,593,1.0612,Groundnut,low,-0.0916,True,measured,6,True,5.2871,316.0,5.2871,0.0,3.3809,0.0,1.3,2.734,3.5542,3.7717
22,Sokhda,594,1.4631,Rice,high,0.2618,False,measured,6,True,2.9464,286.0,0.0,1.0,2.2047,0.0,1.2744,1.675,2.1346,3.1231
22,Sokhda,595,1.0995,Rice,high,0.2571,False,measured,6,True,1.6672,226.0,0.0,1.0,0.3131,0.0,1.0015,1.675,1.6774,1.8443
22,Sokhda,596,0.5212,Groundnut,low,0.1322,False,measured,6,True,1.4441,316.0,1.4441,0.0,0.3612,0.0,0.96,2.734,2.6246,1.3679
22,Sokhda,597,0.536,Rice,low,-0.5671,False,measured,6,False,0.2566,,0.0,,-0.1454,0.0,0.9508,1.675,1.5926,0.8536
22,Sokhda,598,0.1791,Maize,low,0.3545,False,measured,6,True,0.7347,286.0,0.0,1.0,0.1943,0.0,1.1091,2.035,2.2571,0.4042
22,Sokhda,599,0.5189,Maize,low,0.0362,False,measured,6,False,0.3455,,0.0,,0.1068,0.0,1.0838,2.035,2.2056,1.1445
22,Sokhda,600,0.2615,Groundnut,low,0.2344,False,measured,6,True,1.5253,286.0,0.349,0.7712,0.7711,0.0,1.0628,2.734,2.9057,0.7598
22,Sokhda,601,0.1368,Groundnut,low,0.3463,False,measured,6,False,0.2508,,0.2508,,-0.5309,0.0,0.7661,2.734,2.0945,0.2865
22,Sokhda,602,0.065,Bajra,low,0.3341,False,measured,6,True,0.8145,286.0,0.0,1.0,0.4547,0.0,1.3,1.362,1.7706,0.1151
22,Sokhda,603,0.1271,Maize,low,0.0144,False,measured,6,False,0.227,,0.0,,0.1255,0.0,1.0892,2.035,2.2166,0.2817
22,Sokhda,604,0.2496,Maize,low,0.43,False,measured,6,True,0.6548,286.0,0.0,1.0,0.4035,0.0,1.1697,2.035,2.3804,0.5941
22,Sokhda,605,0.2729,Maize,low,0.0434,False,measured,6,False,0.2779,,0.0,,-0.0469,0.0,1.0393,2.035,2.115,0.5772
22,Sokhda,606,0.3094,Bajra,low,0.3333,False,measured,6,False,0.0,,0.0,,-1.1059,0.0,1.0569,1.362,1.4395,0.4454
22,Sokhda,607,0.1635,Maize,low,0.2993,False,measured,6,True,1.7462,286.0,0.0,1.0,0.6405,0.0,1.2384,2.035,2.5201,0.412
22,Sokhda,608,0.1847,Rice,high,0.1775,False,measured,6,True,2.1492,226.0,0.0,1.0,1.0628,0.0,1.1096,1.675,1.8586,0.3433
22,Sokhda,609,0.0978,Maize,low,0.5027,False,measured,6,True,0.5287,286.0,0.0,1.0,-0.1952,0.0,0.9967,2.035,2.0283,0.1984
22,Sokhda,610,0.0761,Maize,low,0.2731,False,measured,6,True,1.366,286.0,0.1253,0.9083,0.6849,0.0,1.2512,2.035,2.5463,0.1938
22,Sokhda,611,0.0381,Groundnut,low,0.3668,False,measured,6,True,0.7684,226.0,0.7384,0.0389,0.7618,0.0,1.0602,2.734,2.8986,0.1104
22,Sokhda,612,0.1296,Maize,low,0.0209,False,measured,6,True,0.8322,286.0,0.0,1.0,0.3689,0.0,1.1597,2.035,2.36,0.3059
22,Sokhda,613,0.3562,Maize,low,0.1278,False,measured,6,False,0.368,,0.0,,-0.1113,0.0,1.0207,2.035,2.0771,0.7399
22,Sokhda,614,0.3177,Bajra,low,0.1026,False,measured,6,False,0.2041,,0.0,,-0.1044,0.0,1.2446,1.362,1.6951,0.5385
22,Sokhda,615,0.9694,Rice,high,0.2499,False,measured,6,True,2.796,286.0,0.1718,0.9386,2.1431,0.0,1.2655,1.675,2.1197,2.0548
22,Sokhda,616,2.0208,Maize,low,0.5794,False,measured,6,False,0.4217,,0.0,,-0.2488,0.0,0.9828,2.035,1.9999,4.0414
22,Sokhda,617,0.4148,Groundnut,low,0.4818,False,measured,6,True,1.3006,286.0,0.5061,0.6109,0.9483,0.0,1.112,2.734,3.0403,1.2611
22,Sokhda,618,0.5883,Maize,low,0.1606,False,measured,6,False,0.2924,,0.0,,-0.0862,0.0,1.0279,2.035,2.0918,1.2306
22,Sokhda,619,0.2525,Groundnut,low,0.2182,False,measured,6,False,0.2575,,0.1645,,0.2235,0.0,0.9301,2.734,2.5428,0.6421
22,Sokhda,620,0.2315,Groundnut,low,0.28,False,measured,6,True,0.9821,316.0,0.9821,0.0,0.364,0.0,0.9606,2.734,2.6264,0.608
22,Sokhda,621,0.3146,Groundnut,low,0.392,False,measured,6,True,1.4859,286.0,0.7222,0.514,1.1622,0.0,1.1715,2.734,3.2029,1.0076
22,Sokhda,622,0.4142,Maize,low,0.1876,False,measured,6,False,0.0,,0.0,,-0.0851,0.0,1.0282,2.035,2.0925,0.8667
22,Sokhda,623,0.3915,Groundnut,low,0.3964,False,measured,6,True,0.5235,316.0,0.5235,0.0,0.3442,0.0,0.9563,2.734,2.6146,1.0236
22,Sokhda,624,1.2623,Groundnut,low,0.1287,False,measured,6,True,1.3943,286.0,0.2606,0.8131,0.6545,0.0,1.0304,2.734,2.8171,3.556
22,Sokhda,625,0.1818,Maize,low,0.6156,False,measured,6,True,1.0856,286.0,0.0,1.0,0.5748,0.0,1.2193,2.035,2.4814,0.4511
22,Sokhda,626,0.2112,Groundnut,low,0.4115,False,measured,6,True,2.0152,286.0,0.5906,0.7069,1.4195,0.0,1.243,2.734,3.3984,0.7177
22,Sokhda,627,0.3735,Maize,low,0.399,False,measured,6,False,0.1204,,0.0,,-0.3506,0.0,0.9563,2.035,1.946,0.7268
22,Sokhda,628,0.2715,Maize,low,0.3184,False,measured,6,True,0.5697,226.0,0.0,1.0,0.4416,0.0,1.1808,2.035,2.4029,0.6524
22,Sokhda,629,0.3564,Groundnut,low,0.0545,False,measured,6,True,0.8373,226.0,0.3269,0.6096,0.1438,0.0,0.9127,2.734,2.4955,0.8894
22,Sokhda,630,0.2108,Groundnut,low,0.2298,False,measured,6,False,0.4396,,0.2961,,0.3745,0.0,0.9629,2.734,2.6326,0.555
22,Sokhda,631,0.7572,Groundnut,low,0.3896,False,measured,6,True,0.7112,286.0,0.1645,0.7687,0.5452,0.0,1.0,2.734,2.734,2.0702
22,Sokhda,632,0.3034,Groundnut,low,0.1995,False,measured,6,False,0.3872,,0.3872,,0.0336,0.0,0.8888,2.734,2.43,0.7373
22,Sokhda,633,0.4459,Bajra,low,0.443,False,measured,6,False,0.0,,0.0,,-1.6135,0.0,0.9915,1.362,1.3504,0.6021
22,Sokhda,634,0.2655,Maize,low,0.4087,False,measured,6,False,0.0,,0.0,,-1.5873,0.0,0.7,2.035,1.4245,0.3782
22,Sokhda,635,0.0617,Groundnut,low,0.3409,False,measured,6,True,0.6947,316.0,0.6947,0.0,0.2869,0.0,0.9439,2.734,2.5805,0.1592
22,Sokhda,636,0.0627,Groundnut,low,0.4975,False,measured,6,True,1.9294,286.0,0.463,0.76,1.3131,0.0,1.2134,2.734,3.3175,0.208
22,Sokhda,637,0.0768,Groundnut,low,0.2932,False,measured,6,True,0.52,286.0,0.3821,0.2653,0.3738,0.0,0.9628,2.734,2.6322,0.2022
22,Sokhda,638,0.1231,Groundnut,low,0.171,False,measured,6,False,0.2419,,0.2419,,-0.6514,0.0,0.7399,2.734,2.0229,0.249
22,Sokhda,639,0.1661,Groundnut,low,0.3446,False,measured,6,True,0.5215,316.0,0.5215,0.0,0.3204,0.0,0.9511,2.734,2.6004,0.4319
22,Sokhda,640,0.2641,Maize,low,0.1608,False,measured,6,False,0.2577,,0.0,,-0.0267,0.0,1.0452,2.035,2.1269,0.5617
22,Sokhda,641,0.3452,Maize,low,0.433,False,measured,6,True,0.624,286.0,0.0732,0.8827,0.13,0.0,1.0905,2.035,2.2192,0.7661
22,Sokhda,642,0.0716,Groundnut,low,0.4286,False,measured,6,True,1.9995,286.0,0.2754,0.8622,1.3204,0.0,1.2155,2.734,3.3231,0.2379
22,Sokhda,643,0.231,Bajra,low,-0.5744,False,measured,6,False,0.0,,0.0,,-1.2771,0.0,1.0248,1.362,1.3958,0.3224
22,Sokhda,644,0.1829,Maize,low,0.2734,False,measured,6,False,0.0,,0.0,,-0.7475,0.0,0.8529,2.035,1.7357,0.3175
22,Sokhda,645,0.8414,Rice,high,0.3399,False,measured,6,True,1.4659,226.0,0.0,1.0,0.9281,0.0,1.0902,1.675,1.8261,1.5365
22,Sokhda,646,0.1543,Maize,low,0.1222,False,measured,6,False,0.0,,0.0,,-1.3709,0.0,0.7,2.035,1.4245,0.2198
22,Sokhda,647,0.1495,Groundnut,low,0.0853,False,measured,6,True,1.3957,286.0,0.8077,0.4213,0.7732,0.0,1.0634,2.734,2.9073,0.4346
22,Sokhda,648,0.1166,Groundnut,low,0.2782,False,measured,6,True,1.562,286.0,0.3225,0.7936,1.0863,0.0,1.1504,2.734,3.1452,0.3667
22,Sokhda,649,0.1498,Bajra,low,0.1662,False,measured,6,False,0.0,,0.0,,-0.4913,0.0,1.1721,1.362,1.5964,0.2391
22,Sokhda,650,0.1833,Bajra,low,0.1916,False,measured,6,False,0.0763,,0.0,,-0.675,0.0,1.1376,1.362,1.5495,0.284
22,Sokhda,651,0.2723,Maize,low,0.254,False,measured,6,False,0.0,,0.0,,-0.8365,0.0,0.8297,2.035,1.6885,0.4598
22,Sokhda,652,0.1276,Maize,low,0.3882,False,measured,6,False,0.0,,0.0,,-0.3998,0.0,0.9434,2.035,1.9199,0.245
22,Sokhda,653,0.4304,Maize,low,0.3239,False,measured,6,False,0.0,,0.0,,-0.4904,0.0,0.9198,2.035,1.8719,0.8057
22,Sokhda,654,0.3507,Maize,low,0.2601,False,measured,6,False,0.0,,0.0,,-0.3944,0.0,0.9449,2.035,1.9228,0.6743
22,Sokhda,655,0.8153,Groundnut,low,0.1171,False,measured,6,True,1.4601,286.0,0.1665,0.886,0.633,0.0,1.0244,2.734,2.8007,2.2834
22,Sokhda,656,0.2308,Groundnut,low,0.073,False,measured,6,True,0.9854,316.0,0.9854,0.0,-0.1869,0.0,0.8409,2.734,2.2989,0.5306
22,Sokhda,657,0.2685,Groundnut,low,0.0638,False,measured,6,True,1.4458,316.0,1.4458,0.0,0.7096,0.0,1.0457,2.734,2.8589,0.7676
22,Sokhda,658,0.497,Groundnut,low,0.1506,False,measured,6,False,0.4632,,0.4632,,-0.2135,0.0,0.8351,2.734,2.2831,1.1347
22,Sokhda,659,0.5056,Groundnut,low,0.3103,False,measured,6,True,1.3687,286.0,0.524,0.6171,1.0866,0.0,1.1505,2.734,3.1454,1.5903
22,Sokhda,660,0.2246,Groundnut,low,0.0574,False,measured,6,False,0.4258,,0.3129,,0.1334,0.0,0.9105,2.734,2.4893,0.5591
22,Sokhda,661,0.3331,Groundnut,low,0.0283,False,measured,6,True,1.4309,286.0,0.652,0.5444,1.2237,0.0,1.1886,2.734,3.2496,1.0824
22,Sokhda,662,0.8279,Rice,high,0.4283,False,measured,6,True,1.2868,226.0,0.0,1.0,0.4279,0.0,1.018,1.675,1.7052,1.4117
22,Sokhda,663,0.3663,Groundnut,low,0.0373,False,measured,6,True,2.3164,286.0,0.2085,0.91,1.2887,0.0,1.2067,2.734,3.299,1.2084
22,Sokhda,664,0.7795,Cotton,high,0.1457,False,measured,6,True,1.6643,316.0,1.6643,0.0,0.7598,0.5897,0.7352,1.6206,1.1915,0.9288
22,Sokhda,665,0.5789,Cotton,high,0.3566,False,measured,6,True,4.456,286.0,3.5908,0.1942,3.1098,0.4746,1.2536,1.6206,2.0316,1.1761
22,Sokhda,666,1.345,Rice,high,0.2555,False,measured,6,True,1.4586,226.0,0.0,1.0,-1.0167,0.0,0.8553,1.675,1.4326,1.9268
22,Sokhda,667,0.2817,Maize,low,0.0505,False,measured,6,True,2.6076,286.0,0.0,1.0,1.3589,0.0,1.3,2.035,2.6455,0.7452
22,Sokhda,668,0.1094,Cotton,high,0.231,False,measured,6,True,1.9307,316.0,1.9307,0.0,0.8306,0.715,0.7643,1.6206,1.2386,0.1355
22,Sokhda,669,0.1334,Groundnut,low,0.046,False,measured,6,True,0.618,316.0,0.618,0.0,-0.281,0.0,0.8204,2.734,2.243,0.2992
22,Sokhda,670,0.2629,Bajra,low,0.0567,False,measured,6,False,0.0,,0.0,,-1.6786,0.0,0.9887,1.362,1.3466,0.354
22,Sokhda,671,0.123,Groundnut,low,0.0096,False,measured,6,True,1.4981,286.0,0.6584,0.5605,1.0362,0.0,1.1365,2.734,3.1071,0.3822
22,Sokhda,672,0.0985,Maize,low,0.3871,False,measured,6,False,0.3018,,0.0,,-0.5313,0.0,0.9092,2.035,1.8502,0.1822
22,Sokhda,673,0.0824,Groundnut,low,0.0547,False,measured,6,True,0.6458,316.0,0.6458,0.0,0.0375,0.0,0.8897,2.734,2.4323,0.2004
22,Sokhda,674,0.3606,Groundnut,low,0.0617,False,measured,6,True,1.2968,316.0,1.2968,0.0,-1.1405,0.0,0.7,2.734,1.9138,0.6901
22,Sokhda,675,0.1689,Groundnut,low,0.3615,False,measured,6,True,0.9316,316.0,0.9316,0.0,0.5425,0.0,0.9994,2.734,2.7324,0.4615
22,Sokhda,676,0.0824,Maize,low,0.1954,False,measured,6,True,0.8784,286.0,0.0863,0.9017,-0.1051,0.0,1.0224,2.035,2.0807,0.1714
22,Sokhda,677,0.0782,Maize,low,0.3994,False,measured,6,False,0.0,,0.0,,-0.5133,0.0,0.9139,2.035,1.8597,0.1454
22,Sokhda,678,0.5204,Rice,high,0.0222,False,measured,6,True,1.037,226.0,0.0,1.0,-0.069,0.0,0.9592,1.675,1.6066,0.8361
22,Sokhda,679,0.1463,Rice,high,0.2527,False,measured,6,True,2.0047,226.0,0.1375,0.9314,1.4184,0.0,1.1609,1.675,1.9446,0.2845
22,Sokhda,680,0.2798,Rice,high,0.0096,False,measured,6,True,1.3545,226.0,0.0,1.0,0.1273,0.0,0.9807,1.675,1.6427,0.4596
22,Sokhda,681,0.2574,Groundnut,low,0.034,False,measured,6,True,3.1355,286.0,0.6437,0.7947,2.3459,0.0,1.3,2.734,3.5542,0.9149
22,Sokhda,682,0.1765,Groundnut,low,0.2214,False,measured,6,True,2.0314,286.0,0.2748,0.8647,1.5668,0.0,1.2839,2.734,3.5103,0.6196
22,Sokhda,683,0.2236,Groundnut,low,0.3259,False,measured,6,False,0.239,,0.239,,-0.279,0.0,0.8208,2.734,2.2442,0.5018
22,Sokhda,684,0.1366,Maize,low,0.4129,False,measured,6,True,0.7567,286.0,0.0,1.0,0.5245,0.0,1.2048,2.035,2.4517,0.3349
22,Sokhda,685,0.2463,Groundnut,low,0.2105,False,measured,6,True,1.9778,286.0,0.8317,0.5795,0.9305,0.0,1.1071,2.734,3.0268,0.7455
22,Sokhda,686,0.2091,Groundnut,low,0.1622,False,measured,6,True,1.4361,316.0,1.4361,0.0,-0.0709,0.0,0.8661,2.734,2.3679,0.4951
22,Sokhda,687,0.2109,Bajra,low,0.379,False,measured,6,False,0.4543,,0.0,,-0.4086,0.0,1.1876,1.362,1.6175,0.3411
22,Sokhda,688,1.0837,Groundnut,low,0.0841,False,measured,6,True,1.1618,316.0,1.1618,0.0,0.0964,0.0,0.9024,2.734,2.4673,2.6738
22,Sokhda,689,0.7232,Groundnut,low,0.1713,False,measured,6,False,0.3141,,0.3141,,-1.2055,0.0,0.7,2.734,1.9138,1.3841
22,Sokhda,690,0.7804,Maize,low,0.1557,False,measured,6,False,0.0,,0.0,,-0.9281,0.0,0.8059,2.035,1.6399,1.2798
22,Sokhda,691,1.679,Bajra,low,0.4003,False,measured,6,False,0.0,,0.0,,-1.5406,0.0,0.9945,1.362,1.3545,2.2742
22,Sokhda,692,0.1802,Bajra,low,0.0188,False,measured,6,False,0.0,,0.0,,-1.4096,0.0,1.0,1.362,1.362,0.2454
22,Sokhda,693,0.1698,Groundnut,low,0.0548,False,measured,6,False,0.2155,,0.2085,,0.1035,0.0,0.904,2.734,2.4715,0.4197
22,Sokhda,694,1.391,Rice,high,0.4004,False,measured,6,True,0.9573,226.0,0.0,1.0,0.4821,0.0,1.0258,1.675,1.7183,2.3902
22,Sokhda,695,0.1247,Maize,low,0.4286,False,measured,6,False,0.4458,,0.0,,0.2797,0.0,1.1339,2.035,2.3075,0.2877
22,Sokhda,696,0.1429,Groundnut,low,0.2451,False,measured,6,True,2.1736,286.0,0.6464,0.7026,1.4214,0.0,1.2435,2.734,3.3998,0.4858
22,Sokhda,697,0.1231,Groundnut,low,0.4184,False,measured,6,True,0.9982,286.0,0.6625,0.3363,0.8838,0.0,1.0941,2.734,2.9913,0.3682
22,Sokhda,698,0.1518,Bajra,low,0.2034,False,measured,6,False,0.0,,0.0,,-0.906,0.0,1.0944,1.362,1.4905,0.2263
22,Sokhda,699,0.2522,Bajra,low,0.0344,False,measured,6,False,0.0,,0.0,,-1.2188,0.0,1.0358,1.362,1.4107,0.3558
22,Sokhda,700,0.2239,Groundnut,low,0.1518,False,measured,6,True,1.0589,316.0,1.0589,0.0,-1.1573,0.0,0.7,2.734,1.9138,0.4285
22,Sokhda,701,0.226,Maize,low,0.2962,False,measured,6,False,0.0,,0.0,,-0.7367,0.0,0.8557,2.035,1.7413,0.3935
22,Sokhda,702,0.2802,Groundnut,low,0.3801,False,measured,6,True,1.2734,286.0,0.6533,0.4869,0.2585,0.0,0.9377,2.734,2.5636,0.7183
22,Sokhda,703,0.3429,Maize,low,0.4648,False,measured,6,True,0.957,286.0,0.0,1.0,0.518,0.0,1.2029,2.035,2.4479,0.8394
22,Sokhda,704,1.8944,Maize,low,0.2255,False,measured,6,False,0.0,,0.0,,-1.3494,0.0,0.7,2.035,1.4245,2.6986
22,Sokhda,705,0.2229,Rice,high,0.2616,False,measured,6,True,2.0306,286.0,0.5915,0.7087,1.6949,0.0,1.2008,1.675,2.0114,0.4483
22,Sokhda,706,0.2453,Bajra,low,0.4841,False,measured,6,False,0.0,,0.0,,-1.1248,0.0,1.0534,1.362,1.4347,0.3519
22,Sokhda,707,1.4116,Groundnut,low,0.3074,False,measured,6,True,0.8768,286.0,0.6575,0.2501,0.8341,0.0,1.0803,2.734,2.9536,4.1693
22,Sokhda,708,0.9872,Cotton,high,0.3537,False,measured,6,True,2.1869,316.0,2.1869,0.0,1.4571,0.523,1.0079,1.6206,1.6335,1.6126
22,Sokhda,709,0.8481,Groundnut,low,0.1274,False,measured,6,False,0.4469,,0.4469,,0.0424,0.0,0.8907,2.734,2.4352,2.0653
22,Sokhda,710,0.3835,Rice,high,0.4909,False,measured,6,False,0.2481,,0.0,,-2.3509,0.0,0.7089,1.675,1.1875,0.4554
22,Sokhda,711,0.2435,Maize,low,0.3362,False,measured,6,True,1.6952,286.0,0.0,1.0,1.0115,0.0,1.3,2.035,2.6455,0.6442
22,Sokhda,712,0.1902,Cotton,high,0.0907,False,measured,6,True,2.6668,316.0,2.6668,0.0,1.7075,0.6491,1.0452,1.6206,1.6938,0.3222
22,Sokhda,713,0.1896,Rice,high,0.0778,False,measured,6,False,0.4088,,0.0,,-0.4003,0.0,0.9229,1.675,1.5458,0.2931
22,Sokhda,714,0.1553,Cotton,high,0.2479,False,measured,6,True,2.3238,316.0,2.3238,0.0,1.007,0.7576,0.8369,1.6206,1.3562,0.2106
22,Sokhda,715,0.1701,Rice,high,0.1821,False,measured,6,True,1.9762,226.0,0.556,0.7186,0.6444,0.0,1.0492,1.675,1.7575,0.299
22,Sokhda,716,0.1937,Groundnut,low,0.4102,False,measured,6,True,0.7742,286.0,0.608,0.2147,0.5521,0.0,1.0019,2.734,2.7393,0.5306
22,Sokhda,717,0.4645,Cotton,high,0.0119,False,measured,6,True,2.1675,316.0,2.1675,0.0,1.1932,0.7154,0.9134,1.6206,1.4803,0.6876
22,Sokhda,718,0.2042,Bajra,low,0.1984,False,measured,6,False,0.0,,0.0,,-0.5863,0.0,1.1543,1.362,1.5721,0.321
22,Sokhda,719,0.5814,Rice,high,0.3651,False,measured,6,False,0.0,,0.0,,-2.6999,0.0,0.7,1.675,1.1725,0.6817
22,Sokhda,720,0.227,Rice,high,0.4447,False,measured,6,True,0.7398,226.0,0.0,1.0,-2.3418,0.0,0.7099,1.675,1.1891,0.2699
22,Sokhda,721,0.461,Rice,high,0.4596,False,measured,6,False,0.086,,0.0,,-2.5137,0.0,0.7,1.675,1.1725,0.5405
22,Sokhda,722,1.1017,Rice,high,0.5,False,measured,6,True,1.2654,226.0,0.0,1.0,-1.4786,0.0,0.8046,1.675,1.3477,1.4848
22,Sokhda,723,1.1547,Rice,high,0.2435,False,measured,6,True,0.9278,226.0,0.0,1.0,-0.9084,0.0,0.8671,1.675,1.4524,1.6771
22,Sokhda,724,0.7673,Rice,high,0.0839,False,measured,6,False,0.0,,0.0,,-2.2513,0.0,0.7199,1.675,1.2058,0.9252
22,Sokhda,725,1.1111,Cotton,high,0.1824,False,measured,6,True,2.1337,316.0,2.1337,0.0,0.9287,0.7296,0.8047,1.6206,1.304,1.4489
22,Sokhda,726,0.3542,Groundnut,low,0.0081,False,measured,6,True,0.5621,316.0,0.5621,0.0,-0.1786,0.0,0.8427,2.734,2.3038,0.816
22,Sokhda,727,1.2313,Cotton,high,0.2292,False,measured,6,True,4.7309,286.0,3.3918,0.283,2.8187,0.4514,1.2104,1.6206,1.9615,2.4152
22,Sokhda,728,0.903,Maize,low,0.1319,False,measured,6,False,0.0,,0.0,,-0.8009,0.0,0.839,2.035,1.7073,1.5417
22,Sokhda,729,1.0389,Bajra,low,0.0383,False,measured,6,False,0.0,,0.0,,-1.4684,0.0,0.9975,1.362,1.3586,1.4114
22,Sokhda,730,1.4641,Rice,high,0.5304,False,measured,6,False,0.3835,,0.0,,-2.1808,0.0,0.7276,1.675,1.2187,1.7843
22,Sokhda,731,0.2058,Groundnut,low,0.3249,False,measured,6,True,0.8984,286.0,0.7563,0.1582,0.5919,0.0,1.013,2.734,2.7696,0.57
22,Sokhda,732,0.2719,Maize,low,0.3384,False,measured,6,False,0.3442,,0.0,,0.0659,0.0,1.072,2.035,2.1815,0.5931
22,Sokhda,733,2.0442,Rice,high,0.5608,False,measured,6,True,0.7108,226.0,0.0,1.0,-1.9318,0.0,0.7549,1.675,1.2644,2.5847
22,Sokhda,734,0.1344,Rice,high,0.4138,False,measured,6,True,1.51,226.0,0.0,1.0,-0.9662,0.0,0.8608,1.675,1.4418,0.1938
22,Sokhda,735,0.151,Rice,high,0.1265,False,measured,6,True,1.2483,226.0,0.0,1.0,0.0978,0.0,0.9775,1.675,1.6373,0.2472
22,Sokhda,736,0.1227,Bajra,low,0.2076,False,measured,6,True,1.0495,286.0,0.0,1.0,0.3348,0.0,1.3,1.362,1.7706,0.2173
22,Sokhda,737,0.1667,Maize,low,0.2477,False,measured,6,True,0.7077,226.0,0.0,1.0,0.1889,0.0,1.1076,2.035,2.254,0.3757
22,Sokhda,738,0.4379,Groundnut,low,0.3453,False,measured,6,True,1.6833,286.0,0.7996,0.525,1.1959,0.0,1.1809,2.734,3.2285,1.4138
22,Sokhda,739,1.0873,Rice,low,-0.3656,True,measured,6,True,2.9828,286.0,1.7398,0.4167,2.3269,0.0,1.292,1.675,2.1641,2.353
22,Sokhda,740,0.2319,Bajra,low,0.0855,False,interpolated,5,False,0.0,,0.0,,-1.2781,0.0,1.0246,1.362,1.3956,0.3236
22,Sokhda,741,0.2714,Bajra,low,-0.1183,False,interpolated,5,False,0.0,,0.0,,-8.0882,0.0,0.7201,1.362,0.9807,0.2662
22,Sokhda,742,0.4649,Bajra,low,-0.2313,False,imputed,3,False,0.0,,0.0,,-4.6303,0.0,0.865,1.362,1.1781,0.5477
22,Sokhda,743,0.2659,Groundnut,low,0.361,False,interpolated,5,True,0.8344,286.0,0.6421,0.2305,0.6582,0.0,1.0314,2.734,2.8199,0.7498
22,Sokhda,744,0.7114,Groundnut,low,-0.0298,False,interpolated,5,False,0.4023,,0.4023,,-0.0586,0.0,0.8688,2.734,2.3752,1.6897
22,Sokhda,745,0.1748,Bajra,low,-0.0761,False,interpolated,5,False,0.0,,0.0,,-11.611,0.0,0.7,1.362,0.9534,0.1667
22,Sokhda,746,0.3916,Bajra,low,0.019,False,interpolated,5,False,0.0,,0.0,,-8.4839,0.0,0.7035,1.362,0.9582,0.3752
22,Sokhda,747,0.192,Bajra,low,-0.1095,False,interpolated,5,False,0.0,,0.0,,-9.2703,0.0,0.7,1.362,0.9534,0.1831
22,Sokhda,748,0.1868,Groundnut,low,0.5157,False,interpolated,5,True,0.7425,316.0,0.7425,0.0,0.3379,0.0,0.9549,2.734,2.6108,0.4877
22,Sokhda,749,0.1936,Groundnut,low,0.1593,False,interpolated,5,True,1.8071,286.0,0.7452,0.5876,0.8552,0.0,1.0862,2.734,2.9696,0.5749
22,Sokhda,750,0.1837,Maize,low,0.4977,False,interpolated,5,True,1.236,286.0,0.0686,0.9445,0.7342,0.0,1.2655,2.035,2.5753,0.4731
22,Sokhda,751,0.1932,Groundnut,low,0.0541,False,interpolated,5,True,2.2019,286.0,0.2384,0.8917,1.1709,0.0,1.1739,2.734,3.2095,0.6201
22,Sokhda,752,0.1592,Groundnut,low,0.3413,False,interpolated,5,True,1.2636,286.0,0.3998,0.6836,1.0806,0.0,1.1488,2.734,3.1409,0.5
22,Sokhda,753,0.1574,Groundnut,low,0.3163,False,interpolated,5,True,1.2799,286.0,0.4441,0.6531,1.0647,0.0,1.1444,2.734,3.1288,0.4925
22,Sokhda,754,0.2625,Rice,high,0.0812,False,interpolated,5,True,1.3018,226.0,0.0,1.0,0.2288,0.0,0.9919,1.675,1.6614,0.4361
22,Sokhda,755,0.3315,Bajra,low,-0.0252,False,measured,6,True,2.8896,286.0,0.0,1.0,2.0617,0.0,1.3,1.362,1.7706,0.587
22,Sokhda,756,0.348,Rice,high,0.0992,False,measured,6,True,2.0276,226.0,0.0,1.0,1.1732,0.0,1.1256,1.675,1.8853,0.6561
22,Sokhda,757,0.2646,Cotton,high,0.5214,False,measured,6,True,3.0996,286.0,2.5929,0.1635,2.1963,0.4819,1.1178,1.6206,1.8115,0.4793
22,Sokhda,758,0.1316,Maize,low,0.3319,False,measured,6,True,0.9298,286.0,0.0,1.0,0.5985,0.0,1.2262,2.035,2.4954,0.3284
22,Sokhda,759,0.2181,Maize,low,0.4061,False,measured,6,True,0.5847,286.0,0.0,1.0,0.2826,0.0,1.1347,2.035,2.3092,0.5036
22,Sokhda,760,0.1203,Maize,low,0.1498,False,measured,6,False,0.2713,,0.0,,-0.1135,0.0,1.02,2.035,2.0758,0.2497
22,Sokhda,761,0.1546,Maize,low,0.3287,False,measured,6,False,0.3727,,0.0,,0.2644,0.0,1.1295,2.035,2.2984,0.3553
22,Sokhda,762,0.263,Maize,low,0.014,False,measured,6,False,0.0,,0.0,,-0.8465,0.0,0.8271,2.035,1.6832,0.4427
22,Sokhda,763,0.3571,Groundnut,low,0.1881,False,measured,6,True,1.2347,226.0,0.4289,0.6526,0.7052,0.0,1.0445,2.734,2.8556,1.0197
22,Sokhda,764,0.1886,Maize,low,0.4742,False,measured,6,True,0.6816,286.0,0.0,1.0,0.0168,0.0,1.0577,2.035,2.1525,0.406
22,Sokhda,765,0.2219,Groundnut,low,0.1634,False,measured,6,True,0.6144,316.0,0.6144,0.0,0.2689,0.0,0.9399,2.734,2.5698,0.5702
22,Sokhda,766,0.2155,Maize,low,0.485,False,measured,6,True,0.7176,286.0,0.1198,0.833,0.4515,0.0,1.1837,2.035,2.4087,0.5191
22,Sokhda,767,0.2872,Groundnut,low,0.2111,False,measured,6,True,0.978,286.0,0.3432,0.6491,0.3247,0.0,0.9521,2.734,2.603,0.7476
22,Sokhda,768,0.244,Groundnut,low,0.1291,False,measured,6,False,0.3197,,0.3197,,0.0151,0.0,0.8848,2.734,2.419,0.5902
22,Sokhda,769,0.1765,Groundnut,low,0.441,False,measured,6,True,1.0573,286.0,0.559,0.4713,0.8692,0.0,1.0901,2.734,2.9802,0.526
22,Sokhda,770,0.2219,Maize,low,0.4209,False,measured,6,True,0.8047,286.0,0.0,1.0,0.3103,0.0,1.1428,2.035,2.3255,0.516
22,Sokhda,771,0.1772,Groundnut,low,0.0919,False,measured,6,True,0.5461,286.0,0.1623,0.7029,0.2089,0.0,0.9269,2.734,2.5342,0.4491
22,Sokhda,772,0.167,Maize,low,0.5628,False,measured,6,True,0.7666,286.0,0.029,0.9622,0.5495,0.0,1.212,2.035,2.4665,0.4119
22,Sokhda,773,0.1416,Maize,low,0.0162,False,measured,6,False,0.0189,,0.0,,-0.2452,0.0,0.9837,2.035,2.0018,0.2835
22,Sokhda,774,0.1543,Groundnut,low,0.4039,False,measured,6,True,1.0453,226.0,0.7664,0.2668,0.9245,0.0,1.1054,2.734,3.0223,0.4663
22,Sokhda,775,0.1158,Maize,low,0.4747,False,measured,6,True,1.0611,286.0,0.0814,0.9233,0.2805,0.0,1.1341,2.035,2.3079,0.2673
22,Sokhda,776,0.2341,Maize,low,0.3925,False,measured,6,False,0.0,,0.0,,-0.6892,0.0,0.8681,2.035,1.7665,0.4135
22,Sokhda,777,0.2263,Maize,low,0.3316,False,measured,6,False,0.0496,,0.0496,,-0.8149,0.0,0.8353,2.035,1.6999,0.3847
22,Sokhda,778,0.348,Groundnut,low,0.4555,False,measured,6,True,1.079,316.0,1.079,0.0,0.6982,0.0,1.0425,2.734,2.8503,0.9919
22,Sokhda,779,0.3549,Maize,low,0.4043,False,measured,6,False,0.0,,0.0,,-0.5147,0.0,0.9135,2.035,1.859,0.6598
22,Sokhda,780,0.2658,Maize,low,0.2114,False,measured,6,False,0.0,,0.0,,-1.14,0.0,0.7507,2.035,1.5276,0.406
22,Sokhda,781,0.4003,Maize,low,0.3454,False,measured,6,True,1.9282,286.0,0.0,1.0,0.5914,0.0,1.2242,2.035,2.4912,0.9972
22,Sokhda,782,0.4575,Maize,low,0.3633,False,measured,6,False,0.0,,0.0,,-0.297,0.0,0.9702,2.035,1.9744,0.9033
22,Sokhda,783,0.1957,Groundnut,low,0.021,False,measured,6,True,1.4777,286.0,0.3753,0.746,0.8778,0.0,1.0924,2.734,2.9868,0.5845
22,Sokhda,784,0.6326,Maize,low,0.1584,False,measured,6,False,0.308,,0.0,,-0.2393,0.0,0.9852,2.035,2.005,1.2684
22,Sokhda,785,0.717,Maize,low,0.2167,False,measured,6,False,0.1385,,0.1385,,-0.3573,0.0,0.9545,2.035,1.9424,1.3927
22,Sokhda,786,0.657,Groundnut,low,0.6145,False,measured,6,True,0.766,286.0,0.155,0.7977,0.0189,0.0,0.8856,2.734,2.4213,1.5908
22,Sokhda,787,0.2808,Maize,low,0.1841,False,measured,6,False,0.1289,,0.1289,,-0.2914,0.0,0.9717,2.035,1.9773,0.5552
22,Sokhda,788,0.1234,Groundnut,low,0.297,False,measured,6,True,2.1174,286.0,0.7207,0.6596,0.8665,0.0,1.0893,2.734,2.9782,0.3675
22,Sokhda,789,0.1397,Maize,low,0.5796,False,measured,6,True,0.9751,286.0,0.0,1.0,0.6349,0.0,1.2368,2.035,2.5168,0.3516
22,Sokhda,790,0.1914,Groundnut,low,0.3722,False,measured,6,True,0.5023,286.0,0.1967,0.6084,0.079,0.0,0.8987,2.734,2.457,0.4703
22,Sokhda,791,0.0839,Groundnut,low,0.3019,False,measured,6,True,2.53,226.0,0.9785,0.6133,1.2963,0.0,1.2088,2.734,3.3048,0.2773
22,Sokhda,792,0.0943,Maize,low,0.0424,False,measured,6,False,0.0,,0.0,,-0.3955,0.0,0.9446,2.035,1.9222,0.1813
22,Sokhda,793,0.3246,Bajra,low,0.1328,False,measured,6,False,0.0,,0.0,,-0.6101,0.0,1.1498,1.362,1.566,0.5083
22,Sokhda,794,0.1129,Groundnut,low,-0.2555,False,measured,6,True,1.7065,226.0,0.3793,0.7777,0.7371,0.0,1.0534,2.734,2.8799,0.3251
22,Sokhda,795,0.2239,Rice,high,0.2019,False,interpolated,5,True,2.0799,226.0,0.0,1.0,0.4623,0.0,1.023,1.675,1.7135,0.3837
22,Sokhda,796,0.1143,Bajra,low,0.2888,False,interpolated,5,True,0.8278,286.0,0.0,1.0,0.14,0.0,1.2904,1.362,1.7575,0.2009
22,Sokhda,797,0.1208,Maize,low,0.4585,False,interpolated,5,True,1.6427,286.0,0.0,1.0,1.0482,0.0,1.3,2.035,2.6455,0.3196
22,Sokhda,798,0.1127,Groundnut,low,0.3372,False,interpolated,5,True,0.879,226.0,0.2714,0.6913,0.6299,0.0,1.0236,2.734,2.7984,0.3154
22,Sokhda,799,0.1107,Groundnut,low,0.3274,False,interpolated,5,True,1.8677,286.0,0.6944,0.6282,0.8076,0.0,1.0729,2.734,2.9334,0.3247
22,Sokhda,800,0.136,Groundnut,low,0.1681,False,interpolated,5,True,1.3764,226.0,0.8449,0.3861,0.5939,0.0,1.0135,2.734,2.771,0.3769
22,Sokhda,801,0.1094,Groundnut,low,0.3755,False,interpolated,5,True,0.6302,286.0,0.6148,0.0245,0.4336,0.0,0.9757,2.734,2.6677,0.2918
22,Sokhda,802,0.0798,Groundnut,low,0.2183,False,measured,6,True,1.8284,226.0,0.948,0.4815,1.5208,0.0,1.2712,2.734,3.4754,0.2773
22,Sokhda,803,0.1516,Groundnut,low,0.5461,False,measured,6,True,0.937,316.0,0.937,0.0,0.6479,0.0,1.0286,2.734,2.8121,0.4263
22,Sokhda,804,0.0538,Maize,low,0.2828,False,measured,6,False,0.0634,,0.0634,,-0.5975,0.0,0.8919,2.035,1.8151,0.0977
22,Sokhda,805,0.0635,Groundnut,low,0.0329,False,measured,6,True,0.7839,316.0,0.7839,0.0,-0.0034,0.0,0.8807,2.734,2.408,0.1529
22,Sokhda,806,0.0432,Groundnut,low,0.0072,False,measured,6,True,0.7182,316.0,0.7182,0.0,-0.2753,0.0,0.8216,2.734,2.2464,0.097
22,Sokhda,807,0.0759,Groundnut,low,0.1858,False,interpolated,5,True,2.591,286.0,0.7104,0.7258,1.1274,0.0,1.1618,2.734,3.1764,0.2411
22,Sokhda,808,0.1313,Maize,low,0.0347,False,measured,6,True,0.9133,286.0,0.0,1.0,0.1705,0.0,1.1023,2.035,2.2431,0.2945
22,Sokhda,809,0.116,Maize,low,0.3366,False,measured,6,False,0.2605,,0.0,,-0.3187,0.0,0.9646,2.035,1.9629,0.2277
22,Sokhda,810,0.1211,Maize,low,0.2575,False,measured,6,True,1.0158,286.0,0.0578,0.9431,0.5208,0.0,1.2037,2.035,2.4496,0.2966
22,Sokhda,811,0.2977,Groundnut,low,0.1848,False,interpolated,5,True,0.5289,286.0,0.4914,0.0711,0.1361,0.0,0.9111,2.734,2.4909,0.7415
22,Sokhda,812,0.2442,Groundnut,low,0.3483,False,interpolated,5,True,1.2849,286.0,0.2487,0.8065,1.0038,0.0,1.1275,2.734,3.0825,0.7527
22,Sokhda,813,0.2299,Maize,low,0.1852,False,interpolated,5,True,0.8129,226.0,0.0,1.0,0.1647,0.0,1.1006,2.035,2.2397,0.5149
22,Sokhda,814,0.0978,Rice,high,0.2642,False,measured,6,True,2.2911,226.0,0.0306,0.9867,1.1442,0.0,1.1214,1.675,1.8783,0.1837
22,Sokhda,815,0.0972,Groundnut,low,0.099,False,measured,6,True,0.6758,316.0,0.6758,0.0,-0.3053,0.0,0.8151,2.734,2.2286,0.2166
22,Sokhda,816,0.1072,Maize,low,0.3308,False,measured,6,False,0.0,,0.0,,-0.9512,0.0,0.7998,2.035,1.6277,0.1745
22,Sokhda,817,0.1094,Groundnut,low,0.417,False,measured,6,True,1.1957,286.0,1.0093,0.1559,0.8672,0.0,1.0895,2.734,2.9787,0.3259
22,Sokhda,818,0.1038,Maize,low,0.0088,False,measured,6,False,0.0785,,0.0785,,-0.2607,0.0,0.9797,2.035,1.9936,0.2069
22,Sokhda,819,0.1142,Groundnut,low,0.3865,False,measured,6,True,1.0529,316.0,1.0529,0.0,0.3093,0.0,0.9487,2.734,2.5938,0.2962
22,Sokhda,820,0.1004,Cotton,high,0.193,False,measured,6,True,1.8864,316.0,1.8864,0.0,1.0959,0.6749,0.8734,1.6206,1.4154,0.1421
22,Sokhda,821,0.1065,Groundnut,low,0.28,False,measured,6,False,0.4407,,0.2433,,0.3776,0.0,0.9636,2.734,2.6344,0.2806
22,Sokhda,822,0.0741,Maize,low,0.3108,False,measured,6,False,0.3191,,0.0743,,-0.4167,0.0,0.9391,2.035,1.911,0.1416
22,Sokhda,823,0.0584,Groundnut,low,0.1699,False,measured,6,False,0.4658,,0.4658,,-0.1805,0.0,0.8423,2.734,2.3027,0.1345
22,Sokhda,824,0.1388,Maize,low,0.6182,False,imputed,0,False,0.4692,,0.0,,-0.0208,0.0,1.0469,2.035,2.1304,0.2957
22,Sokhda,825,0.1475,Maize,low,0.6182,False,imputed,0,False,0.4692,,0.0,,-0.0208,0.0,1.0469,2.035,2.1304,0.3142
22,Sokhda,826,0.1827,Bajra,low,0.1717,False,imputed,2,False,0.0,,0.0,,-4.231,0.0,0.8817,1.362,1.2009,0.2194
22,Sokhda,827,0.0997,Bajra,low,0.1717,False,imputed,2,False,0.0,,0.0,,-4.231,0.0,0.8817,1.362,1.2009,0.1197
22,Sokhda,828,0.0949,Bajra,low,0.1717,False,imputed,2,False,0.0,,0.0,,-4.231,0.0,0.8817,1.362,1.2009,0.114
22,Sokhda,829,0.12,Bajra,low,-0.2194,False,interpolated,5,False,0.0,,0.0,,-2.1539,0.0,0.9688,1.362,1.3195,0.1583
22,Sokhda,830,0.2759,Maize,low,0.3729,False,measured,6,True,1.4082,286.0,0.0,1.0,0.7394,0.0,1.267,2.035,2.5784,0.7114
22,Sokhda,831,0.1552,Cotton,high,0.3112,False,measured,6,True,1.6164,316.0,1.6164,0.0,1.1963,0.5615,0.9147,1.6206,1.4824,0.2301
22,Sokhda,832,0.1907,Groundnut,low,0.2759,False,measured,6,True,1.9835,286.0,1.353,0.3179,1.4923,0.0,1.2632,2.734,3.4537,0.6586
22,Sokhda,833,0.1762,Maize,low,0.046,False,measured,6,True,1.0404,286.0,0.1114,0.8929,0.5719,0.0,1.2185,2.035,2.4797,0.4369
22,Sokhda,834,0.2295,Maize,low,0.1294,False,measured,6,False,0.1978,,0.0,,-0.0921,0.0,1.0262,2.035,2.0883,0.4793
22,Sokhda,835,0.2178,Maize,low,0.1131,False,measured,6,False,0.0,,0.0,,-0.4195,0.0,0.9383,2.035,1.9095,0.4159
22,Sokhda,836,0.2236,Maize,low,0.5782,False,measured,6,False,0.0,,0.0,,-0.7013,0.0,0.8649,2.035,1.7601,0.3936
22,Sokhda,837,0.0836,Groundnut,low,0.2663,False,measured,6,True,0.7468,316.0,0.7468,0.0,0.182,0.0,0.9211,2.734,2.5182,0.2105
22,Sokhda,838,0.1723,Groundnut,low,0.3732,False,measured,6,True,0.9393,316.0,0.9393,0.0,0.1548,0.0,0.9151,2.734,2.502,0.4311
22,Sokhda,839,0.2523,Groundnut,low,0.5581,False,measured,6,True,1.1768,286.0,1.1227,0.046,0.9545,0.0,1.1138,2.734,3.0451,0.7683
22,Sokhda,840,0.3772,Groundnut,low,0.4813,False,measured,6,True,1.2368,286.0,0.6131,0.5043,0.9755,0.0,1.1196,2.734,3.061,1.1546
22,Sokhda,841,0.1391,Groundnut,low,0.3041,False,measured,6,True,1.102,286.0,0.2945,0.7327,0.799,0.0,1.0706,2.734,2.9269,0.4071
22,Sokhda,842,0.1108,Groundnut,low,0.609,False,measured,6,True,1.5131,286.0,0.3566,0.7643,0.9265,0.0,1.106,2.734,3.0238,0.335
22,Sokhda,843,0.107,Groundnut,low,0.0108,False,measured,6,True,0.9058,316.0,0.9058,0.0,-0.3679,0.0,0.8015,2.734,2.1914,0.2345
22,Sokhda,844,1.2317,Groundnut,low,0.0236,False,measured,6,False,0.2362,,0.2362,,-0.4091,0.0,0.7926,2.734,2.1669,2.669
22,Sokhda,845,0.9671,Rice,high,0.1861,False,measured,6,True,1.6375,226.0,0.0,1.0,0.8389,0.0,1.0773,1.675,1.8045,1.7451
22,Sokhda,846,1.099,Groundnut,low,0.0385,False,measured,6,False,0.1572,,0.1572,,-0.8349,0.0,0.7,2.734,1.9138,2.1033
22,Sokhda,847,0.4382,Groundnut,low,0.0926,False,measured,6,False,0.4972,,0.4972,,-0.6474,0.0,0.7408,2.734,2.0253,0.8875
22,Sokhda,848,1.5359,Groundnut,low,0.4363,False,measured,6,True,0.6513,316.0,0.6513,0.0,-1.0678,0.0,0.7,2.734,1.9138,2.9394
22,Sokhda,849,2.039,Cotton,high,0.4268,False,measured,6,True,3.5545,316.0,3.5545,0.0,2.2353,0.6196,1.1236,1.6206,1.8209,3.7128
22,Sokhda,850,0.2161,Maize,low,0.0867,False,measured,6,True,0.6692,226.0,0.0,1.0,0.5073,0.0,1.1998,2.035,2.4416,0.5276
22,Sokhda,851,0.1724,Maize,low,0.1487,False,measured,6,False,0.0506,,0.0,,0.0284,0.0,1.0611,2.035,2.1593,0.3723
22,Sokhda,852,0.2024,Maize,low,0.0471,False,measured,6,False,0.2506,,0.0,,-0.9463,0.0,0.8011,2.035,1.6303,0.33
22,Sokhda,853,0.177,Maize,low,0.2902,False,measured,6,False,0.0,,0.0,,-1.2045,0.0,0.7339,2.035,1.4934,0.2643
22,Sokhda,854,0.1549,Cotton,high,0.0625,False,measured,6,True,3.3105,286.0,1.2877,0.611,1.4398,0.3287,1.0054,1.6206,1.6293,0.2524
22,Sokhda,855,0.085,Bajra,low,0.1329,False,measured,6,False,0.0,,0.0,,-0.6905,0.0,1.1347,1.362,1.5455,0.1314
22,Sokhda,856,0.0959,Groundnut,low,0.2926,False,measured,6,True,0.5052,316.0,0.5052,0.0,0.0851,0.0,0.9,2.734,2.4606,0.236
22,Sokhda,857,0.1381,Maize,low,0.1408,False,measured,6,False,0.2616,,0.0,,-0.0083,0.0,1.0505,2.035,2.1377,0.2952
22,Sokhda,858,0.1428,Maize,low,0.3267,False,measured,6,False,0.0,,0.0,,-0.3695,0.0,0.9513,2.035,1.936,0.2765
22,Sokhda,859,0.3577,Maize,low,0.3669,False,measured,6,True,0.5491,226.0,0.0,1.0,0.3924,0.0,1.1665,2.035,2.3739,0.8491
22,Sokhda,860,0.1653,Maize,low,0.065,False,measured,6,False,0.0,,0.0,,-1.5016,0.0,0.7,2.035,1.4245,0.2355
22,Sokhda,861,0.2813,Groundnut,low,0.1864,False,measured,6,True,1.2193,286.0,0.7519,0.3834,1.0365,0.0,1.1366,2.734,3.1073,0.8741
22,Sokhda,862,0.0446,Groundnut,low,0.1542,False,measured,6,True,2.001,286.0,0.8874,0.5565,1.6993,0.0,1.3,2.734,3.5542,0.1585
22,Sokhda,863,0.0541,Maize,low,0.1244,False,measured,6,True,1.8702,286.0,0.0,1.0,0.6114,0.0,1.2299,2.035,2.5029,0.1354
22,Sokhda,864,0.2109,Maize,low,0.389,False,measured,6,True,1.0012,286.0,0.0,1.0,-0.1177,0.0,1.0188,2.035,2.0733,0.4373
22,Sokhda,865,0.1792,Groundnut,low,0.311,False,measured,6,True,0.7698,316.0,0.7698,0.0,-0.0849,0.0,0.863,2.734,2.3596,0.4228
22,Sokhda,866,0.1765,Rice,high,0.1545,False,measured,6,True,1.7908,226.0,0.0,1.0,1.1668,0.0,1.1246,1.675,1.8837,0.3325
22,Sokhda,867,0.3015,Groundnut,low,0.5703,False,measured,6,True,1.3291,286.0,0.4794,0.6393,0.9286,0.0,1.1066,2.734,3.0253,0.9121
22,Sokhda,868,0.1846,Bajra,low,0.3285,False,measured,6,False,0.2492,,0.0,,-0.1743,0.0,1.2315,1.362,1.6773,0.3096
22,Sokhda,869,0.2185,Maize,low,0.0219,False,measured,6,False,0.1317,,0.1317,,-0.1574,0.0,1.0073,2.035,2.0499,0.4479
22,Sokhda,870,0.3067,Rice,high,0.1648,False,measured,6,True,2.0048,226.0,0.1457,0.9273,1.0484,0.0,1.1075,1.675,1.8551,0.569
22,Sokhda,871,0.103,Groundnut,low,0.1834,False,measured,6,True,0.649,316.0,0.649,0.0,-0.0027,0.0,0.8809,2.734,2.4084,0.2481
22,Sokhda,872,0.1096,Maize,low,0.2325,False,measured,6,False,0.2402,,0.0,,-0.1341,0.0,1.0141,2.035,2.0636,0.2262
22,Sokhda,873,0.0843,Groundnut,low,0.4341,False,measured,6,True,1.4278,286.0,0.7696,0.461,1.1186,0.0,1.1594,2.734,3.1697,0.2672
22,Sokhda,874,1.5232,Bajra,low,0.1165,False,measured,6,False,0.0,,0.0,,-2.2025,0.0,0.9668,1.362,1.3167,2.0056
22,Sokhda,875,0.1411,Rice,high,0.0655,False,measured,6,True,1.7964,286.0,0.0,1.0,1.3148,0.0,1.146,1.675,1.9195,0.2708
22,Sokhda,876,0.1753,Cotton,high,0.1578,False,measured,6,True,1.5736,316.0,1.5736,0.0,1.2252,0.5189,0.9266,1.6206,1.5016,0.2632
22,Sokhda,877,0.161,Cotton,high,0.0256,False,measured,6,True,2.9341,286.0,1.1607,0.6044,1.1124,0.332,0.8802,1.6206,1.4264,0.2297
22,Sokhda,878,0.3387,Groundnut,low,0.4061,False,measured,6,True,1.651,286.0,1.3235,0.1984,1.304,0.0,1.2109,2.734,3.3106,1.1213
22,Sokhda,879,0.2128,Groundnut,low,0.2847,False,measured,6,True,1.0196,286.0,0.9847,0.0342,0.5147,0.0,0.9934,2.734,2.7159,0.5779
22,Sokhda,880,0.1798,Groundnut,low,0.1878,False,measured,6,True,0.8091,286.0,0.5634,0.3036,0.2697,0.0,0.9401,2.734,2.5703,0.4621
22,Sokhda,881,0.1945,Groundnut,low,0.2088,False,measured,6,True,1.8773,286.0,0.8589,0.5425,1.2398,0.0,1.1931,2.734,3.2618,0.6344
22,Sokhda,882,0.2306,Groundnut,low,0.5618,False,measured,6,True,1.1395,316.0,1.1395,0.0,0.5112,0.0,0.9926,2.734,2.7138,0.6258
22,Sokhda,883,0.3265,Groundnut,low,0.3341,False,measured,6,True,1.2931,286.0,0.8704,0.3269,1.0028,0.0,1.1272,2.734,3.0817,1.0062
22,Sokhda,884,0.2098,Bajra,low,0.1409,False,measured,6,True,0.9122,286.0,0.0,1.0,0.4274,0.0,1.3,1.362,1.7706,0.3715
22,Sokhda,885,0.102,Cotton,high,0.3834,False,measured,6,True,2.288,286.0,2.0477,0.105,1.6572,0.495,1.0377,1.6206,1.6817,0.1715
22,Sokhda,886,0.1144,Cotton,high,0.1287,False,measured,6,True,1.7416,286.0,1.4626,0.1602,1.0025,0.4827,0.835,1.6206,1.3532,0.1548
22,Sokhda,887,0.118,Groundnut,low,0.3901,False,interpolated,5,True,1.4372,316.0,1.4372,0.0,0.5821,0.0,1.0103,2.734,2.7621,0.3259
22,Sokhda,888,0.3145,Groundnut,low,0.4289,False,interpolated,5,True,0.763,316.0,0.763,0.0,0.1189,0.0,0.9073,2.734,2.4807,0.7802
22,Sokhda,889,0.1055,Groundnut,low,0.1517,False,measured,6,True,1.1858,316.0,1.1858,0.0,0.6053,0.0,1.0167,2.734,2.7797,0.2933
22,Sokhda,890,0.2697,Groundnut,low,0.2292,False,measured,6,True,1.1306,316.0,1.1306,0.0,0.6327,0.0,1.0243,2.734,2.8005,0.7553
22,Sokhda,891,0.3149,Groundnut,low,0.4123,False,measured,6,True,0.773,316.0,0.773,0.0,0.2743,0.0,0.9411,2.734,2.573,0.8102
22,Sokhda,892,0.1272,Maize,low,0.5788,False,measured,6,True,0.7922,286.0,0.0,1.0,0.0844,0.0,1.0773,2.035,2.1924,0.2789
22,Sokhda,893,0.1299,Rice,high,0.1397,False,measured,6,True,2.2766,226.0,0.0,1.0,1.7136,0.0,1.2035,1.675,2.0159,0.2619
22,Sokhda,894,0.0792,Bajra,low,0.5254,False,measured,6,False,0.4074,,0.0,,-0.3931,0.0,1.1905,1.362,1.6214,0.1284
22,Sokhda,895,0.0572,Maize,low,0.0621,False,measured,6,True,1.4663,286.0,0.0,1.0,0.8529,0.0,1.2999,2.035,2.6453,0.1513
22,Sokhda,896,0.2587,Groundnut,low,0.3285,False,measured,6,True,0.8877,316.0,0.8877,0.0,0.1306,0.0,0.9099,2.734,2.4876,0.6435
22,Sokhda,897,0.181,Maize,low,0.0181,False,measured,6,True,1.3977,286.0,0.0,1.0,0.5482,0.0,1.2117,2.035,2.4657,0.4463
22,Sokhda,898,0.1162,Maize,low,0.2865,False,measured,6,True,0.7299,286.0,0.0,1.0,0.2243,0.0,1.1179,2.035,2.2748,0.2643
22,Sokhda,899,0.1172,Cotton,high,0.3282,False,measured,6,True,1.7232,286.0,1.5265,0.1142,1.5566,0.4075,1.0227,1.6206,1.6574,0.1942
22,Sokhda,900,0.1358,Groundnut,low,0.008,False,measured,6,True,1.0434,316.0,1.0434,0.0,-0.5735,0.0,0.7568,2.734,2.0692,0.281
22,Sokhda,901,0.0757,Groundnut,low,0.343,False,measured,6,True,2.3025,286.0,0.161,0.9301,1.5186,0.0,1.2705,2.734,3.4737,0.263
22,Sokhda,902,0.0953,Maize,low,0.578,False,measured,6,True,1.3753,286.0,0.0,1.0,0.966,0.0,1.3,2.035,2.6455,0.2521
22,Sokhda,903,0.0893,Groundnut,low,0.2467,False,measured,6,True,1.8272,286.0,0.86,0.5293,0.8377,0.0,1.0813,2.734,2.9563,0.264
22,Sokhda,904,0.0724,Groundnut,low,0.3581,False,measured,6,True,1.6894,286.0,0.3594,0.7872,0.3611,0.0,0.96,2.734,2.6246,0.19
22,Sokhda,905,0.1459,Bajra,low,0.0618,False,measured,6,False,0.1662,,0.0,,-0.4208,0.0,1.1853,1.362,1.6144,0.2355
22,Sokhda,906,0.128,Maize,low,0.1785,False,measured,6,False,0.0905,,0.0,,-0.2595,0.0,0.98,2.035,1.9943,0.2553
22,Sokhda,907,0.2556,Groundnut,low,0.1235,False,measured,6,True,0.963,316.0,0.963,0.0,-0.2879,0.0,0.8189,2.734,2.2389,0.5723
22,Sokhda,908,0.2628,Groundnut,low,0.0317,False,measured,6,True,0.9116,316.0,0.9116,0.0,-0.1692,0.0,0.8447,2.734,2.3095,0.6069
22,Sokhda,909,0.3282,Rice,high,0.0235,False,measured,6,True,1.8595,226.0,0.6882,0.6299,1.4365,0.0,1.1635,1.675,1.9489,0.6396
22,Sokhda,910,0.1144,Groundnut,low,0.4174,False,measured,6,True,1.2459,286.0,0.3045,0.7556,0.9865,0.0,1.1227,2.734,3.0694,0.3511
22,Sokhda,911,0.1301,Groundnut,low,0.441,False,measured,6,True,0.7618,286.0,0.4076,0.465,0.6365,0.0,1.0254,2.734,2.8034,0.3647
22,Sokhda,912,0.0945,Rice,high,0.0459,False,measured,6,True,1.6692,226.0,0.0,1.0,0.9961,0.0,1.1,1.675,1.8425,0.1741
22,Sokhda,913,0.378,Maize,low,0.3103,False,measured,6,False,0.0,,0.0,,-0.6965,0.0,0.8662,2.035,1.7627,0.6663
22,Sokhda,914,1.14,Groundnut,low,0.5124,False,measured,6,True,0.8112,286.0,0.4636,0.4284,0.1246,0.0,0.9086,2.734,2.484,2.8318
22,Sokhda,915,0.1066,Maize,low,0.3756,False,measured,6,False,0.0,,0.0,,-1.4977,0.0,0.7,2.035,1.4245,0.1519
22,Sokhda,916,0.2146,Maize,low,0.2033,False,measured,6,False,0.0,,0.0,,-0.4026,0.0,0.9427,2.035,1.9184,0.4117
22,Sokhda,917,0.3288,Groundnut,low,0.3243,False,measured,6,True,0.9243,226.0,0.8696,0.0592,0.6313,0.0,1.0239,2.734,2.7994,0.9204
22,Sokhda,918,0.1681,Groundnut,low,0.2998,False,measured,6,True,1.4245,286.0,0.7766,0.4548,1.1343,0.0,1.1637,2.734,3.1817,0.5348
22,Sokhda,919,0.1895,Groundnut,low,0.4996,False,imputed,0,True,0.707,316.0,0.707,0.0,0.4557,0.0,0.9806,2.734,2.6808,0.508
22,Sokhda,920,0.1832,Groundnut,low,0.2127,False,imputed,0,True,0.5492,316.0,0.5492,0.0,0.236,0.0,0.9328,2.734,2.5503,0.4672
22,Sokhda,921,0.154,Groundnut,low,0.0534,False,measured,6,False,0.4272,,0.4272,,-0.129,0.0,0.8535,2.734,2.3333,0.3593
22,Sokhda,922,0.0641,Groundnut,low,0.3525,False,measured,6,True,2.0092,286.0,0.3549,0.8234,1.2974,0.0,1.2091,2.734,3.3056,0.2119
22,Sokhda,923,0.0495,Maize,low,0.1707,False,measured,6,False,0.0015,,0.0015,,-1.1333,0.0,0.7524,2.035,1.5311,0.0758
22,Sokhda,924,0.0497,Rice,high,0.2984,False,measured,6,True,2.5342,226.0,0.0,1.0,0.662,0.0,1.0518,1.675,1.7618,0.0876
22,Sokhda,925,0.1072,Rice,high,0.085,False,measured,6,True,1.4038,226.0,0.0059,0.9958,0.0472,0.0,0.9719,1.675,1.628,0.1745
22,Sokhda,926,0.194,Rice,high,0.1384,False,measured,6,True,2.1537,226.0,0.7684,0.6432,1.2054,0.0,1.1302,1.675,1.8931,0.3673
22,Sokhda,927,0.2238,Maize,low,0.2033,False,measured,6,False,0.0,,0.0,,-0.322,0.0,0.9637,2.035,1.9611,0.4389
22,Sokhda,928,0.2428,Maize,low,0.0121,False,measured,6,False,0.0709,,0.0,,-0.2009,0.0,0.9952,2.035,2.0253,0.4917
22,Sokhda,929,0.1068,Maize,low,0.5262,False,measured,6,True,1.0219,286.0,0.127,0.8758,0.6955,0.0,1.2543,2.035,2.5525,0.2726
22,Sokhda,930,0.1717,Maize,low,0.0271,False,measured,6,False,0.4452,,0.0,,0.0461,0.0,1.0662,2.035,2.1698,0.3726
22,Sokhda,931,0.2476,Bajra,low,-0.1052,False,interpolated,5,False,0.0,,0.0,,-8.508,0.0,0.7025,1.362,0.9568,0.2369
22,Sokhda,932,0.1692,Maize,low,0.2211,False,measured,6,False,0.1147,,0.0,,0.0064,0.0,1.0548,2.035,2.1464,0.3632
22,Sokhda,933,0.0929,Bajra,low,0.3308,False,measured,6,False,0.424,,0.0,,0.1755,0.0,1.297,1.362,1.7665,0.1641
22,Sokhda,934,0.1529,Groundnut,low,0.2745,False,measured,6,True,1.0776,226.0,0.8898,0.1743,0.8529,0.0,1.0855,2.734,2.9679,0.4538
22,Sokhda,935,0.1429,Maize,low,0.2765,False,measured,6,False,0.0,,0.0,,-0.6321,0.0,0.8829,2.035,1.7968,0.2568
22,Sokhda,936,0.1377,Maize,low,0.078,False,measured,6,True,0.5003,226.0,0.0,1.0,-0.3966,0.0,0.9443,2.035,1.9216,0.2646
22,Sokhda,937,0.3465,Groundnut,low,0.0786,False,measured,6,True,1.6396,286.0,1.304,0.2047,0.8967,0.0,1.0977,2.734,3.0011,1.0399
22,Sokhda,938,0.1337,Maize,low,0.0315,False,measured,6,False,0.2521,,0.1405,,-0.1183,0.0,1.0186,2.035,2.0729,0.2771
22,Sokhda,939,0.1779,Maize,low,-0.0932,False,measured,6,True,1.8404,286.0,0.0,1.0,1.1022,0.0,1.3,2.035,2.6455,0.4706
22,Sokhda,940,0.2197,Groundnut,low,0.0707,False,measured,6,True,1.3138,286.0,0.7105,0.4592,0.7306,0.0,1.0516,2.734,2.8749,0.6316
22,Sokhda,941,0.1231,Rice,high,0.1138,False,measured,6,True,1.8493,226.0,0.0,1.0,1.2338,0.0,1.1343,1.675,1.9,0.2339
22,Sokhda,942,0.0647,Groundnut,low,0.3786,False,measured,6,True,1.1061,286.0,0.7373,0.3334,0.961,0.0,1.1156,2.734,3.05,0.1973
22,Sokhda,943,0.1824,Groundnut,low,0.3449,False,measured,6,True,0.9297,316.0,0.9297,0.0,0.5368,0.0,0.9982,2.734,2.729,0.4978
22,Sokhda,944,0.1609,Groundnut,low,0.1809,False,measured,6,True,0.5687,226.0,0.3002,0.472,0.2926,0.0,0.9451,2.734,2.5839,0.4157
22,Sokhda,945,0.2286,Maize,low,0.1709,False,measured,6,True,0.7766,286.0,0.0,1.0,-0.0831,0.0,1.0288,2.035,2.0937,0.4786
22,Sokhda,946,0.2019,Groundnut,low,0.2733,False,measured,6,True,2.2563,286.0,0.5542,0.7544,1.0193,0.0,1.1318,2.734,3.0943,0.6247
22,Sokhda,947,0.3391,Groundnut,low,0.3413,False,measured,6,True,1.3559,286.0,0.7787,0.4257,0.956,0.0,1.1142,2.734,3.0462,1.033
22,Sokhda,948,0.2397,Bajra,low,0.2237,False,measured,6,False,0.0,,0.0,,-2.3312,0.0,0.9614,1.362,1.3094,0.3139
22,Sokhda,949,0.2458,Maize,low,0.1237,False,measured,6,True,1.3242,286.0,0.0,1.0,1.0063,0.0,1.3,2.035,2.6455,0.6503
22,Sokhda,950,0.1191,Maize,low,-0.0493,False,measured,6,True,0.735,286.0,0.0,1.0,-0.4775,0.0,0.9232,2.035,1.8787,0.2238
22,Sokhda,951,0.1117,Maize,low,0.1961,False,measured,6,False,0.0,,0.0,,-0.5538,0.0,0.9033,2.035,1.8383,0.2053
22,Sokhda,952,0.1427,Maize,low,0.101,False,measured,6,True,0.8642,286.0,0.0193,0.9777,0.2197,0.0,1.1165,2.035,2.2721,0.3242
22,Sokhda,953,0.1112,Groundnut,low,0.2492,False,measured,6,True,0.5715,316.0,0.5715,0.0,0.1832,0.0,0.9213,2.734,2.5189,0.2801
22,Sokhda,954,0.1189,Groundnut,low,0.0543,False,measured,6,True,0.539,286.0,0.265,0.5084,0.239,0.0,0.9334,2.734,2.552,0.3034
22,Sokhda,955,0.1599,Groundnut,low,0.1138,False,measured,6,True,1.0108,286.0,0.9581,0.0521,0.451,0.0,0.9795,2.734,2.678,0.4282
22,Sokhda,956,0.2369,Groundnut,low,0.4401,False,measured,6,True,1.0111,286.0,0.3966,0.6077,0.2331,0.0,0.9322,2.734,2.5485,0.6037
22,Sokhda,957,0.1368,Maize,low,0.1139,False,measured,6,False,0.3484,,0.1347,,0.199,0.0,1.1105,2.035,2.2599,0.3092
22,Sokhda,958,0.228,Groundnut,low,0.021,False,interpolated,5,True,0.5627,316.0,0.5627,0.0,-0.7793,0.0,0.7121,2.734,1.9469,0.4439
22,Sokhda,959,0.1805,Groundnut,low,0.2743,False,interpolated,5,True,0.8031,316.0,0.8031,0.0,0.3529,0.0,0.9582,2.734,2.6197,0.4729
22,Sokhda,960,0.2464,Maize,low,0.4113,False,imputed,2,False,0.3732,,0.0808,,-0.004,0.0,1.0517,2.035,2.1403,0.5274
22,Sokhda,961,0.3767,Bajra,low,0.1532,False,imputed,0,False,0.0,,0.0,,-4.1969,0.0,0.8832,1.362,1.2029,0.4531
22,Sokhda,962,0.2254,Bajra,low,-0.0688,False,imputed,0,False,0.0,,0.0,,-9.1009,0.0,0.7,1.362,0.9534,0.2149
22,Sokhda,963,0.2291,Maize,low,0.4113,False,imputed,0,False,0.3732,,0.0808,,-0.004,0.0,1.0517,2.035,2.1403,0.4903
22,Sokhda,964,0.1753,Maize,low,0.4113,False,imputed,0,False,0.3732,,0.0808,,-0.004,0.0,1.0517,2.035,2.1403,0.3752
22,Sokhda,965,0.2093,Bajra,low,-0.1216,False,imputed,0,False,0.0,,0.0,,-4.419,0.0,0.8739,1.362,1.1902,0.2491
22,Sokhda,966,0.792,Groundnut,low,0.2475,False,imputed,2,True,0.8755,286.0,0.2167,0.7525,0.3855,0.0,0.9653,2.734,2.6391,2.0902
